#
# A fatal error has been detected by the Java Runtime Environment:
#
#  SIGBUS (0xa) at pc=0x0000000104c2987c, pid=1681, tid=26115
#
# JRE version: OpenJDK Runtime Environment Corretto-22.0.2.9.1 (22.0.2+9) (build 22.0.2+9-FR)
# Java VM: OpenJDK 64-Bit Server VM Corretto-22.0.2.9.1 (22.0.2+9-FR, mixed mode, sharing, tiered, compressed oops, compressed class ptrs, g1 gc, bsd-amd64)
# Problematic frame:
# V  [libjvm.dylib+0x57e87c]  PhaseChaitin::interfere_with_live(unsigned int, IndexSet*)+0x1bc
#
# No core dump will be written. Core dumps have been disabled. To enable core dumping, try "ulimit -c unlimited" before starting Java again
#
# If you would like to submit a bug report, please visit:
#   https://github.com/corretto/corretto-22/issues/
#

---------------  S U M M A R Y ------------

Command Line: --add-opens=java.base/java.util=ALL-UNNAMED --add-opens=java.base/java.lang=ALL-UNNAMED --add-opens=java.base/java.lang.invoke=ALL-UNNAMED --add-opens=java.prefs/java.util.prefs=ALL-UNNAMED --add-exports=jdk.compiler/com.sun.tools.javac.api=ALL-UNNAMED --add-exports=jdk.compiler/com.sun.tools.javac.util=ALL-UNNAMED --add-opens=java.base/java.nio.charset=ALL-UNNAMED --add-opens=java.base/java.net=ALL-UNNAMED --add-opens=java.base/java.util.concurrent.atomic=ALL-UNNAMED -Xmx4g -Dfile.encoding=UTF-8 -Duser.country=US -Duser.language=en -Duser.variant -javaagent:/Users/harveyhe/.gradle/wrapper/dists/gradle-8.9-bin/90cnw93cvbtalezasaz0blq0a/gradle-8.9/lib/agents/gradle-instrumentation-agent-8.9.jar org.gradle.launcher.daemon.bootstrap.GradleDaemon 8.9

Host: "MacBookPro16,1" x86_64 2300 MHz, 16 cores, 16G, Darwin 24.4.0, macOS 15.4.1 (24E263)
Time: Sun May 18 16:11:02 2025 PDT elapsed time: 12.322158 seconds (0d 0h 0m 12s)

---------------  T H R E A D  ---------------

Current thread (0x00007fc7d10ae200):  JavaThread "C2 CompilerThread0" daemon [_thread_in_native, id=26115, stack(0x00007000036d7000,0x00007000037d7000) (1024K)]


Current CompileTask:
C2:12322 14046 %     4       org.apache.commons.io.FilenameUtils::doNormalize @ 63 (530 bytes)

Stack: [0x00007000036d7000,0x00007000037d7000],  sp=0x00007000037d4290,  free space=1012k
Native frames: (J=compiled Java code, j=interpreted, Vv=VM code, C=native code)
V  [libjvm.dylib+0x57e87c]  PhaseChaitin::interfere_with_live(unsigned int, IndexSet*)+0x1bc
V  [libjvm.dylib+0x5804f1]  PhaseChaitin::build_ifg_physical(ResourceArea*)+0x661
V  [libjvm.dylib+0x2ebb1e]  PhaseChaitin::Register_Allocate()+0x6ae
V  [libjvm.dylib+0x3800f3]  Compile::Code_Gen()+0x363
V  [libjvm.dylib+0x37d914]  Compile::Compile(ciEnv*, ciMethod*, int, Options, DirectiveSet*)+0x11c4
V  [libjvm.dylib+0x2c5e57]  C2Compiler::compile_method(ciEnv*, ciMethod*, int, bool, DirectiveSet*)+0x167
V  [libjvm.dylib+0x390a7a]  CompileBroker::invoke_compiler_on_method(CompileTask*)+0x59a
V  [libjvm.dylib+0x390267]  CompileBroker::compiler_thread_loop()+0x427
V  [libjvm.dylib+0x5c9d5c]  JavaThread::thread_main_inner()+0x9c
V  [libjvm.dylib+0xb70698]  Thread::call_run()+0xa8
V  [libjvm.dylib+0x95799a]  thread_native_entry(Thread*)+0x10a
C  [libsystem_pthread.dylib+0x5df1]  _pthread_start+0x63
C  [libsystem_pthread.dylib+0x1857]  thread_start+0xf

siginfo: si_signo: 10 (SIGBUS), si_code: 2 (BUS_ADRERR), si_addr: 0x0000000105d8dc20

Registers:
RAX=0x0000000105d8dc10, RBX=0x0000000000000494, RCX=0x0000000000000002, RDX=0x616f6c4673417961
RSP=0x00007000037d4290, RBP=0x00007000037d4300, RSI=0x616f6c4673517961, RDI=0x00007fc7db542950
R8 =0x00007000037d46f8, R9 =0x00000000000004c2, R10=0x00007fc7db59b010, R11=0x0000000000030120
R12=0x00007fc7db5ccff4, R13=0x00007000037d4bc0, R14=0x0000000000031f50, R15=0x00007fc7db59b010
RIP=0x0000000104c2987c, EFLAGS=0x0000000000010202, ERR=0x0000000000000007
  TRAPNO=0x000000000000000e


Register to memory mapping:

RAX=0x0000000105d8dc10 points into unknown readable memory: 0x6c646e6148726156 | 56 61 72 48 61 6e 64 6c
RBX=0x0000000000000494 is an unknown value
RCX=0x0000000000000002 is an unknown value
RDX=0x616f6c4673417961 is an unknown value
RSP=0x00007000037d4290 is pointing into the stack for thread: 0x00007fc7d10ae200
RBP=0x00007000037d4300 is pointing into the stack for thread: 0x00007fc7d10ae200
RSI=0x616f6c4673517961 is an unknown value
RDI=0x00007fc7db542950 points into unknown readable memory: 0x0000000400000006 | 06 00 00 00 04 00 00 00
R8 =0x00007000037d46f8 is pointing into the stack for thread: 0x00007fc7d10ae200
R9 =0x00000000000004c2 is an unknown value
R10=0x00007fc7db59b010 points into unknown readable memory: 0x0000000000000000 | 00 00 00 00 00 00 00 00
R11=0x0000000000030120 is an unknown value
R12=0x00007fc7db5ccff4 points into unknown readable memory: 00 00 00 00
R13=0x00007000037d4bc0 is pointing into the stack for thread: 0x00007fc7d10ae200
R14=0x0000000000031f50 is an unknown value
R15=0x00007fc7db59b010 points into unknown readable memory: 0x0000000000000000 | 00 00 00 00 00 00 00 00

Top of Stack: (sp=0x00007000037d4290)
0x00007000037d4290:   00007fc7db5a7b10 0000000000000000
0x00007000037d42a0:   0000000300000494 0000000600000005
0x00007000037d42b0:   00007fc7dcbff6a0 00007000037d4380
0x00007000037d42c0:   00007000037d4370 00007fc7db542950
0x00007000037d42d0:   000004c2037d4300 00000000000004c2
0x00007000037d42e0:   00007fc7dee11f10 00007000037d4bc0
0x00007000037d42f0:   00007fc7d17c5160 0000000000000005
0x00007000037d4300:   00007000037d4540 0000000104c2b4f1
0x00007000037d4310:   00007000037d44e0 0000000001000000
0x00007000037d4320:   0000000000000000 000000010333e000
0x00007000037d4330:   00007000037d4300 00007ff819d2f7fa
0x00007000037d4340:   00000001053bd75a 0000000000000000
0x00007000037d4350:   00007000037d5c80 0000000000000000
0x00007000037d4360:   00000001053bd75a 0000000103342900
0x00007000037d4370:   000000060000000a 00007000037d4380
0x00007000037d4380:   00007fc7dcbfeb00 00007fc7dcbfeae0
0x00007000037d4390:   00007fc7dcbff760 00007fc7dcbff740
0x00007000037d43a0:   00007fc7dcbff6a0 00007fc7dcbff640
0x00007000037d43b0:   00007000037d43e0 00007ff819d3c3be
0x00007000037d43c0:   00007000037d43e0 000000010521c2d3
0x00007000037d43d0:   00007000037d43e0 000000010521c384
0x00007000037d43e0:   00007000037d4430 00000001048326bf
0x00007000037d43f0:   00007fc7deae9c00 00007fc7de902518
0x00007000037d4400:   00007fc700000006 00007fc7dcb97800
0x00007000037d4410:   3dd9e719039a2226 0000000000000000
0x00007000037d4420:   0003000300000000 0003000300030003
0x00007000037d4430:   0003000300030003 0003000300030003
0x00007000037d4440:   0000000000030003 0000000000000000
0x00007000037d4450:   0000000000000000 0000000000000000
0x00007000037d4460:   0000000000000000 0000000000000000
0x00007000037d4470:   0000000000000000 0000000400000000
0x00007000037d4480:   00000000000666a8 0000000000000005 

Instructions: (pc=0x0000000104c2987c)
0x0000000104c2977c:   0f 1f 40 00 83 7d a4 04 4c 89 eb 72 0c 8b 45 a8
0x0000000104c2978c:   3b 45 ac 0f 83 fd 00 00 00 48 8d 7d 98 e8 72 9b
0x0000000104c2979c:   00 00 85 c0 0f 84 ec 00 00 00 49 89 dd 4c 8b 43
0x0000000104c297ac:   70 4d 8b 50 20 41 89 c1 41 8b 0c 24 4d 69 d9 a8
0x0000000104c297bc:   00 00 00 43 8b bc 1a 90 00 00 00 43 8b 9c 1a 94
0x0000000104c297cc:   00 00 00 39 d9 0f 42 d9 41 8b 4c 24 fc 39 f9 0f
0x0000000104c297dc:   47 f9 39 df 0f 87 6a ff ff ff 31 c9 0f 1f 84 00
0x0000000104c297ec:   00 00 00 00 89 f8 4b 8d 14 37 4b 8d 34 1a 48 8b
0x0000000104c297fc:   74 c6 38 48 23 74 c2 38 48 09 f1 83 c7 01 39 df
0x0000000104c2980c:   76 e2 48 85 c9 0f 84 39 ff ff ff 8b 45 d4 41 39
0x0000000104c2981c:   c1 44 89 cb 0f 47 d8 44 0f 46 c8 85 db 0f 84 21
0x0000000104c2982c:   ff ff ff 49 8b 40 10 4b 8d 0c 89 48 c1 e1 05 48
0x0000000104c2983c:   8d 3c 08 48 8b 44 08 08 89 d9 c1 e9 08 48 8b 04
0x0000000104c2984c:   c8 48 3b 05 3c 59 84 00 75 13 48 89 7d c8 48 8b
0x0000000104c2985c:   7d c8 89 de e8 bb 90 00 00 48 8b 7d c8 89 d9 c1
0x0000000104c2986c:   e9 06 83 e1 03 48 8b 14 c8 48 89 d6 48 0f ab de
0x0000000104c2987c:   48 89 34 c8 48 0f a3 da 0f 82 c6 fe ff ff 83 07
0x0000000104c2988c:   01 e9 be fe ff ff 48 83 c4 48 5b 41 5c 41 5d 41
0x0000000104c2989c:   5e 41 5f 5d c3 66 2e 0f 1f 84 00 00 00 00 00 0f
0x0000000104c298ac:   1f 44 00 00 55 48 89 e5 41 57 41 56 41 55 41 54
0x0000000104c298bc:   53 48 81 ec 98 00 00 00 48 89 fb ba a0 02 00 00
0x0000000104c298cc:   48 03 15 95 58 84 00 48 8d 35 11 3e 79 00 48 8d
0x0000000104c298dc:   bd 48 ff ff ff e8 9a fa df ff 48 8b 43 48 83 78
0x0000000104c298ec:   40 00 0f 84 bd 04 00 00 48 89 df 31 d2 48 89 5d
0x0000000104c298fc:   d0 eb 19 90 48 8b 55 c0 48 83 c2 01 48 8b 47 48
0x0000000104c2990c:   8b 48 40 48 39 ca 0f 83 99 04 00 00 48 8b 40 30
0x0000000104c2991c:   48 8b 1c d0 44 8b 6b 28 41 83 c5 ff 44 39 6b 18
0x0000000104c2992c:   48 89 55 c0 76 0e 48 8b 43 20 44 89 e9 4c 8b 34
0x0000000104c2993c:   c8 eb 04 90 45 31 f6 44 8b 63 4c 48 8b 47 68 4c
0x0000000104c2994c:   8b 78 10 49 8b 06 4c 89 f7 ff 50 20 4c 39 f0 74
0x0000000104c2995c:   04 44 2b 6b 48 48 8b 7d d0 41 83 c5 01 41 83 fd
0x0000000104c2996c:   02 72 91 41 83 c4 ff 4b 8d 04 a4 48 c1 e0 05 4d 


Stack slot to memory mapping:

stack at sp + 0 slots: 0x00007fc7db5a7b10 points into unknown readable memory: 0xffffffff3f3fffff | ff ff 3f 3f ff ff ff ff
stack at sp + 1 slots: 0x0 is null
stack at sp + 2 slots: 0x0000000300000494 is an unknown value
stack at sp + 3 slots: 0x0000000600000005 is an unknown value
stack at sp + 4 slots: 0x00007fc7dcbff6a0 points into unknown readable memory: 0x0000000000000000 | 00 00 00 00 00 00 00 00
stack at sp + 5 slots: 0x00007000037d4380 is pointing into the stack for thread: 0x00007fc7d10ae200
stack at sp + 6 slots: 0x00007000037d4370 is pointing into the stack for thread: 0x00007fc7d10ae200
stack at sp + 7 slots: 0x00007fc7db542950 points into unknown readable memory: 0x0000000400000006 | 06 00 00 00 04 00 00 00


---------------  P R O C E S S  ---------------

Threads class SMR info:
_java_thread_list=0x0000600003a34580, length=229, elements={
0x00007fc7d100a200, 0x00007fc7d3009600, 0x00007fc7d680a400, 0x00007fc7d680ac00,
0x00007fc7d680b400, 0x00007fc7d680bc00, 0x00007fc7d10ae200, 0x00007fc7d680c400,
0x00007fc7d10aea00, 0x00007fc7d2014200, 0x00007fc7d3130400, 0x00007fc7d15ae000,
0x00007fc7d6406600, 0x00007fc7d5b6d600, 0x00007fc7d3121c00, 0x00007fc7d3131600,
0x00007fc7d6b10400, 0x00007fc7d3182c00, 0x00007fc7d15c4a00, 0x00007fc7d7842400,
0x00007fc7d15c5200, 0x00007fc7d15c6c00, 0x00007fc7d15c5a00, 0x00007fc7d16e0800,
0x00007fc7d5c4b000, 0x00007fc7d2021200, 0x00007fc7d16a8e00, 0x00007fc7d16aa000,
0x00007fc7d31c8a00, 0x00007fc7d3327000, 0x00007fc7d3327800, 0x00007fc7d3424c00,
0x00007fc7d3425400, 0x00007fc7d643a600, 0x00007fc7db80a400, 0x00007fc7d7ac6c00,
0x00007fc7d8014000, 0x00007fc7d5c87c00, 0x00007fc7da009000, 0x00007fc7d16a7e00,
0x00007fc7d3378600, 0x00007fc7d3378e00, 0x00007fc7d3379600, 0x00007fc7d3379e00,
0x00007fc7dd0b2400, 0x00007fc7dd0b2c00, 0x00007fc7dd0b8a00, 0x00007fc7d2596a00,
0x00007fc7d2a1d400, 0x00007fc7d2a2a600, 0x00007fc7d6c1c400, 0x00007fc7d34ad400,
0x00007fc7d34bd600, 0x00007fc7d34af800, 0x00007fc7d34bde00, 0x00007fc7d34be600,
0x00007fc7d6c1d800, 0x00007fc7dd210000, 0x00007fc7d5d63000, 0x00007fc7d6c1fe00,
0x00007fc7dd211000, 0x00007fc7d5d5c600, 0x00007fc7d5d5ce00, 0x00007fc7d34bee00,
0x00007fc7d2a2ba00, 0x00007fc7d2a2c200, 0x00007fc7d2a2ca00, 0x00007fc7d2a9a600,
0x00007fc7d2a9ae00, 0x00007fc7dd222400, 0x00007fc7dd222c00, 0x00007fc7dd21f200,
0x00007fc7dd21fa00, 0x00007fc7dd230600, 0x00007fc7dd230e00, 0x00007fc7dd231600,
0x00007fc7d647dc00, 0x00007fc7d647c000, 0x00007fc7d647c800, 0x00007fc7d647d000,
0x00007fc7dd251600, 0x00007fc7d6c15a00, 0x00007fc7d6c19200, 0x00007fc7d3070800,
0x00007fc7d3071000, 0x00007fc7d3071800, 0x00007fc7d1384c00, 0x00007fc7dd04e200,
0x00007fc7dd04ea00, 0x00007fc7dd04ae00, 0x00007fc7d5d86600, 0x00007fc7d34fea00,
0x00007fc7d5ce2e00, 0x00007fc7d34ff200, 0x00007fc7d5ce3600, 0x00007fc7d34ffa00,
0x00007fc7d6ad4600, 0x00007fc7d6ad4e00, 0x00007fc7d3078000, 0x00007fc7d3054200,
0x00007fc7d7b8ae00, 0x00007fc7d5ce4e00, 0x00007fc7dd04fa00, 0x00007fc7d5ce5e00,
0x00007fc7d26c1e00, 0x00007fc7d3054a00, 0x00007fc7d3057200, 0x00007fc7d2a1ca00,
0x00007fc7d2a0f400, 0x00007fc7d6ad5e00, 0x00007fc7dd04b600, 0x00007fc7dd08fa00,
0x00007fc7d2a0fc00, 0x00007fc7dd08d800, 0x00007fc7dd08e000, 0x00007fc7dd08e800,
0x00007fc7dd08f000, 0x00007fc7dd092400, 0x00007fc7dd092c00, 0x00007fc7dd093400,
0x00007fc7d2a10400, 0x00007fc7d900a400, 0x00007fc7d5d20200, 0x00007fc7d7b35a00,
0x00007fc7d7ad1000, 0x00007fc7d5ce0c00, 0x00007fc7d3053800, 0x00007fc7d65c7a00,
0x00007fc7d322cc00, 0x00007fc7d322f600, 0x00007fc7d5b89a00, 0x00007fc7d5b8a800,
0x00007fc7d322fe00, 0x00007fc7d33f4000, 0x00007fc7d3231200, 0x00007fc7d3231a00,
0x00007fc7d5b8b000, 0x00007fc7d5b8b800, 0x00007fc7d5b8c000, 0x00007fc7d5b8c800,
0x00007fc7d5b8d000, 0x00007fc7d5b8d800, 0x00007fc7d5b8e000, 0x00007fc7d2a8e400,
0x00007fc7dd09bc00, 0x00007fc7dd09ca00, 0x00007fc7d65c7000, 0x00007fc7d643d200,
0x00007fc7d5c21c00, 0x00007fc7d5887000, 0x00007fc7d5889200, 0x00007fc7d3269600,
0x00007fc7d326a400, 0x00007fc7d3093000, 0x00007fc7d3093800, 0x00007fc7d3094000,
0x00007fc7d5b96800, 0x00007fc7d5887e00, 0x00007fc7d588a200, 0x00007fc7d2a94a00,
0x00007fc7d2816a00, 0x00007fc7d3094800, 0x00007fc7d6b52400, 0x00007fc7d7b33c00,
0x00007fc7d7b34400, 0x00007fc7d7b25000, 0x00007fc7d7b25800, 0x00007fc7da812c00,
0x00007fc7d980ae00, 0x00007fc7d6487400, 0x00007fc7d27d0200, 0x00007fc7d27d5800,
0x00007fc7da80c400, 0x00007fc7dd2f4400, 0x00007fc7d3099000, 0x00007fc7d3097000,
0x00007fc7d3097800, 0x00007fc7d588cc00, 0x00007fc7d3098000, 0x00007fc7d3098800,
0x00007fc7d309c400, 0x00007fc7d2a93800, 0x00007fc7d309cc00, 0x00007fc7d309d400,
0x00007fc7d309dc00, 0x00007fc7d5d9d200, 0x00007fc7d30c0600, 0x00007fc7d2a8dc00,
0x00007fc7d2a8b000, 0x00007fc7d30c0e00, 0x00007fc7d30c1c00, 0x00007fc7d30c2400,
0x00007fc7d2815a00, 0x00007fc7d2815200, 0x00007fc7d2816200, 0x00007fc7d2910a00,
0x00007fc7d5d9fc00, 0x00007fc7d588be00, 0x00007fc7d5e10600, 0x00007fc7d5e10e00,
0x00007fc7d2910000, 0x00007fc7d30bf600, 0x00007fc7d30bee00, 0x00007fc7d30bfe00,
0x00007fc7dd2e1200, 0x00007fc7d358ce00, 0x00007fc7d6b45000, 0x00007fc7d7b9ca00,
0x00007fc7d6c15200, 0x00007fc7d290f200, 0x00007fc7d7b9d200, 0x00007fc7d6409600,
0x00007fc7d7d78200, 0x00007fc7d358c600, 0x00007fc7d358de00, 0x00007fc7d358b600,
0x00007fc7d5e11600, 0x00007fc7d5889a00, 0x00007fc7d5d9e400, 0x00007fc7dd312c00,
0x00007fc7dd313c00, 0x00007fc7dd313400, 0x00007fc7d3593800, 0x00007fc7d5d9f400,
0x00007fc7d6629400, 0x00007fc7d7017a00, 0x00007fc7d291ba00, 0x00007fc7d5eb8c00,
0x00007fc7dd0c0e00
}

Java Threads: ( => current thread )
  0x00007fc7d100a200 JavaThread "main"                              [_thread_blocked, id=4611, stack(0x00007000028aa000,0x00007000029aa000) (1024K)]
  0x00007fc7d3009600 JavaThread "Reference Handler"          daemon [_thread_blocked, id=29955, stack(0x00007000031c8000,0x00007000032c8000) (1024K)]
  0x00007fc7d680a400 JavaThread "Finalizer"                  daemon [_thread_blocked, id=29443, stack(0x00007000032cb000,0x00007000033cb000) (1024K)]
  0x00007fc7d680ac00 JavaThread "Signal Dispatcher"          daemon [_thread_blocked, id=25091, stack(0x00007000033ce000,0x00007000034ce000) (1024K)]
  0x00007fc7d680b400 JavaThread "Service Thread"             daemon [_thread_blocked, id=25347, stack(0x00007000034d1000,0x00007000035d1000) (1024K)]
  0x00007fc7d680bc00 JavaThread "Monitor Deflation Thread"   daemon [_thread_blocked, id=25603, stack(0x00007000035d4000,0x00007000036d4000) (1024K)]
=>0x00007fc7d10ae200 JavaThread "C2 CompilerThread0"         daemon [_thread_in_native, id=26115, stack(0x00007000036d7000,0x00007000037d7000) (1024K)]
  0x00007fc7d680c400 JavaThread "C1 CompilerThread0"         daemon [_thread_blocked, id=28675, stack(0x00007000037da000,0x00007000038da000) (1024K)]
  0x00007fc7d10aea00 JavaThread "Common-Cleaner"             daemon [_thread_blocked, id=28419, stack(0x00007000038dd000,0x00007000039dd000) (1024K)]
  0x00007fc7d2014200 JavaThread "Notification Thread"        daemon [_thread_blocked, id=27139, stack(0x00007000039e0000,0x0000700003ae0000) (1024K)]
  0x00007fc7d3130400 JavaThread "Daemon health stats"               [_thread_blocked, id=42243, stack(0x0000700003ff2000,0x00007000040f2000) (1024K)]
  0x00007fc7d15ae000 JavaThread "Incoming local TCP Connector on port 49318"        [_thread_in_native, id=41987, stack(0x00007000040f5000,0x00007000041f5000) (1024K)]
  0x00007fc7d6406600 JavaThread "Daemon periodic checks"            [_thread_blocked, id=33795, stack(0x00007000041f8000,0x00007000042f8000) (1024K)]
  0x00007fc7d5b6d600 JavaThread "Daemon"                            [_thread_blocked, id=41219, stack(0x00007000042fb000,0x00007000043fb000) (1024K)]
  0x00007fc7d3121c00 JavaThread "Handler for socket connection from /127.0.0.1:49318 to /127.0.0.1:49319"        [_thread_in_native, id=40707, stack(0x00007000043fe000,0x00007000044fe000) (1024K)]
  0x00007fc7d3131600 JavaThread "Cancel handler"                    [_thread_blocked, id=40195, stack(0x0000700004501000,0x0000700004601000) (1024K)]
  0x00007fc7d6b10400 JavaThread "Daemon worker"                     [_thread_in_native, id=39683, stack(0x0000700004604000,0x0000700004704000) (1024K)]
  0x00007fc7d3182c00 JavaThread "Asynchronous log dispatcher for DefaultDaemonConnection: socket connection from /127.0.0.1:49318 to /127.0.0.1:49319"        [_thread_blocked, id=34051, stack(0x0000700004707000,0x0000700004807000) (1024K)]
  0x00007fc7d15c4a00 JavaThread "Stdin handler"                     [_thread_blocked, id=34563, stack(0x000070000480a000,0x000070000490a000) (1024K)]
  0x00007fc7d7842400 JavaThread "Daemon client event forwarder"        [_thread_blocked, id=38915, stack(0x000070000490d000,0x0000700004a0d000) (1024K)]
  0x00007fc7d15c5200 JavaThread "Cache worker for journal cache (/Users/harveyhe/.gradle/caches/journal-1)"        [_thread_blocked, id=35075, stack(0x0000700004a10000,0x0000700004b10000) (1024K)]
  0x00007fc7d15c6c00 JavaThread "File lock request listener"        [_thread_in_native, id=38659, stack(0x0000700004b13000,0x0000700004c13000) (1024K)]
  0x00007fc7d15c5a00 JavaThread "Cache worker for file hash cache (/Users/harveyhe/.gradle/caches/8.9/fileHashes)"        [_thread_blocked, id=38403, stack(0x0000700004c16000,0x0000700004d16000) (1024K)]
  0x00007fc7d16e0800 JavaThread "Cache worker for file hash cache (/Users/harveyhe/startup/airpod/capod/.gradle/8.9/fileHashes)"        [_thread_blocked, id=36099, stack(0x0000700004d19000,0x0000700004e19000) (1024K)]
  0x00007fc7d5c4b000 JavaThread "Cache worker for Build Output Cleanup Cache (/Users/harveyhe/startup/airpod/capod/.gradle/buildOutputCleanup)"        [_thread_blocked, id=36355, stack(0x0000700004e1c000,0x0000700004f1c000) (1024K)]
  0x00007fc7d2021200 JavaThread "Cache worker for Build Output Cleanup Cache (/Users/harveyhe/startup/airpod/capod/buildSrc/.gradle/buildOutputCleanup)"        [_thread_blocked, id=45059, stack(0x000070000583a000,0x000070000593a000) (1024K)]
  0x00007fc7d16a8e00 JavaThread "File watcher server"        daemon [_thread_in_native, id=45315, stack(0x000070000593d000,0x0000700005a3d000) (1024K)]
  0x00007fc7d16aa000 JavaThread "File watcher consumer"      daemon [_thread_blocked, id=45827, stack(0x0000700005a40000,0x0000700005b40000) (1024K)]
  0x00007fc7d31c8a00 JavaThread "jar transforms"                    [_thread_blocked, id=46339, stack(0x0000700005b43000,0x0000700005c43000) (1024K)]
  0x00007fc7d3327000 JavaThread "jar transforms Thread 2"           [_thread_blocked, id=46851, stack(0x0000700005c46000,0x0000700005d46000) (1024K)]
  0x00007fc7d3327800 JavaThread "jar transforms Thread 3"           [_thread_blocked, id=63235, stack(0x0000700005d49000,0x0000700005e49000) (1024K)]
  0x00007fc7d3424c00 JavaThread "jar transforms Thread 4"           [_thread_blocked, id=62723, stack(0x0000700005e4c000,0x0000700005f4c000) (1024K)]
  0x00007fc7d3425400 JavaThread "jar transforms Thread 5"           [_thread_blocked, id=47619, stack(0x0000700005f4f000,0x000070000604f000) (1024K)]
  0x00007fc7d643a600 JavaThread "jar transforms Thread 6"           [_thread_blocked, id=62211, stack(0x0000700006052000,0x0000700006152000) (1024K)]
  0x00007fc7db80a400 JavaThread "jar transforms Thread 7"           [_thread_blocked, id=61699, stack(0x0000700006155000,0x0000700006255000) (1024K)]
  0x00007fc7d7ac6c00 JavaThread "jar transforms Thread 8"           [_thread_blocked, id=61187, stack(0x0000700006258000,0x0000700006358000) (1024K)]
  0x00007fc7d8014000 JavaThread "jar transforms Thread 9"           [_thread_blocked, id=60931, stack(0x000070000635b000,0x000070000645b000) (1024K)]
  0x00007fc7d5c87c00 JavaThread "jar transforms Thread 10"          [_thread_blocked, id=48387, stack(0x000070000645e000,0x000070000655e000) (1024K)]
  0x00007fc7da009000 JavaThread "jar transforms Thread 11"          [_thread_blocked, id=48899, stack(0x0000700006561000,0x0000700006661000) (1024K)]
  0x00007fc7d16a7e00 JavaThread "jar transforms Thread 12"          [_thread_blocked, id=60419, stack(0x0000700006664000,0x0000700006764000) (1024K)]
  0x00007fc7d3378600 JavaThread "jar transforms Thread 13"          [_thread_blocked, id=60163, stack(0x0000700006767000,0x0000700006867000) (1024K)]
  0x00007fc7d3378e00 JavaThread "jar transforms Thread 14"          [_thread_blocked, id=49667, stack(0x000070000686a000,0x000070000696a000) (1024K)]
  0x00007fc7d3379600 JavaThread "jar transforms Thread 15"          [_thread_blocked, id=50179, stack(0x000070000696d000,0x0000700006a6d000) (1024K)]
  0x00007fc7d3379e00 JavaThread "jar transforms Thread 16"          [_thread_blocked, id=59907, stack(0x0000700006a70000,0x0000700006b70000) (1024K)]
  0x00007fc7dd0b2400 JavaThread "Cache worker for checksums cache (/Users/harveyhe/startup/airpod/capod/.gradle/8.9/checksums)"        [_thread_blocked, id=59395, stack(0x0000700006b73000,0x0000700006c73000) (1024K)]
  0x00007fc7dd0b2c00 JavaThread "Cache worker for file content cache (/Users/harveyhe/.gradle/caches/8.9/fileContent)"        [_thread_blocked, id=50691, stack(0x0000700006c76000,0x0000700006d76000) (1024K)]
  0x00007fc7dd0b8a00 JavaThread "Cache worker for cache directory md-rule (/Users/harveyhe/.gradle/caches/8.9/md-rule)"        [_thread_blocked, id=58883, stack(0x0000700006d79000,0x0000700006e79000) (1024K)]
  0x00007fc7d2596a00 JavaThread "Cache worker for cache directory md-supplier (/Users/harveyhe/.gradle/caches/8.9/md-supplier)"        [_thread_blocked, id=51203, stack(0x0000700006e7c000,0x0000700006f7c000) (1024K)]
  0x00007fc7d2a1d400 JavaThread "Unconstrained build operations"        [_thread_blocked, id=58115, stack(0x0000700006f7f000,0x000070000707f000) (1024K)]
  0x00007fc7d2a2a600 JavaThread "Unconstrained build operations Thread 2"        [_thread_blocked, id=51459, stack(0x0000700007082000,0x0000700007182000) (1024K)]
  0x00007fc7d6c1c400 JavaThread "Unconstrained build operations Thread 3"        [_thread_blocked, id=57603, stack(0x0000700007185000,0x0000700007285000) (1024K)]
  0x00007fc7d34ad400 JavaThread "Unconstrained build operations Thread 4"        [_thread_blocked, id=57347, stack(0x0000700007288000,0x0000700007388000) (1024K)]
  0x00007fc7d34bd600 JavaThread "Unconstrained build operations Thread 5"        [_thread_blocked, id=56835, stack(0x000070000738b000,0x000070000748b000) (1024K)]
  0x00007fc7d34af800 JavaThread "Unconstrained build operations Thread 6"        [_thread_blocked, id=52227, stack(0x000070000748e000,0x000070000758e000) (1024K)]
  0x00007fc7d34bde00 JavaThread "Unconstrained build operations Thread 7"        [_thread_blocked, id=56067, stack(0x0000700007591000,0x0000700007691000) (1024K)]
  0x00007fc7d34be600 JavaThread "Unconstrained build operations Thread 8"        [_thread_blocked, id=52483, stack(0x0000700007694000,0x0000700007794000) (1024K)]
  0x00007fc7d6c1d800 JavaThread "Unconstrained build operations Thread 9"        [_thread_blocked, id=55555, stack(0x0000700007797000,0x0000700007897000) (1024K)]
  0x00007fc7dd210000 JavaThread "Unconstrained build operations Thread 10"        [_thread_blocked, id=52995, stack(0x000070000789a000,0x000070000799a000) (1024K)]
  0x00007fc7d5d63000 JavaThread "Unconstrained build operations Thread 11"        [_thread_blocked, id=53251, stack(0x000070000799d000,0x0000700007a9d000) (1024K)]
  0x00007fc7d6c1fe00 JavaThread "Unconstrained build operations Thread 12"        [_thread_blocked, id=54787, stack(0x0000700007aa0000,0x0000700007ba0000) (1024K)]
  0x00007fc7dd211000 JavaThread "Unconstrained build operations Thread 13"        [_thread_blocked, id=54275, stack(0x0000700007ba3000,0x0000700007ca3000) (1024K)]
  0x00007fc7d5d5c600 JavaThread "Unconstrained build operations Thread 14"        [_thread_blocked, id=53763, stack(0x0000700007ca6000,0x0000700007da6000) (1024K)]
  0x00007fc7d5d5ce00 JavaThread "Unconstrained build operations Thread 15"        [_thread_blocked, id=65795, stack(0x0000700007da9000,0x0000700007ea9000) (1024K)]
  0x00007fc7d34bee00 JavaThread "Unconstrained build operations Thread 16"        [_thread_blocked, id=66051, stack(0x0000700007eac000,0x0000700007fac000) (1024K)]
  0x00007fc7d2a2ba00 JavaThread "Unconstrained build operations Thread 17"        [_thread_blocked, id=86787, stack(0x0000700007faf000,0x00007000080af000) (1024K)]
  0x00007fc7d2a2c200 JavaThread "Unconstrained build operations Thread 18"        [_thread_blocked, id=66819, stack(0x00007000080b2000,0x00007000081b2000) (1024K)]
  0x00007fc7d2a2ca00 JavaThread "Unconstrained build operations Thread 19"        [_thread_blocked, id=67075, stack(0x00007000081b5000,0x00007000082b5000) (1024K)]
  0x00007fc7d2a9a600 JavaThread "Unconstrained build operations Thread 20"        [_thread_blocked, id=86275, stack(0x00007000082b8000,0x00007000083b8000) (1024K)]
  0x00007fc7d2a9ae00 JavaThread "Unconstrained build operations Thread 21"        [_thread_blocked, id=67587, stack(0x00007000083bb000,0x00007000084bb000) (1024K)]
  0x00007fc7dd222400 JavaThread "Unconstrained build operations Thread 22"        [_thread_blocked, id=85763, stack(0x00007000084be000,0x00007000085be000) (1024K)]
  0x00007fc7dd222c00 JavaThread "Unconstrained build operations Thread 23"        [_thread_blocked, id=85251, stack(0x00007000085c1000,0x00007000086c1000) (1024K)]
  0x00007fc7dd21f200 JavaThread "Unconstrained build operations Thread 24"        [_thread_blocked, id=84739, stack(0x00007000086c4000,0x00007000087c4000) (1024K)]
  0x00007fc7dd21fa00 JavaThread "Unconstrained build operations Thread 25"        [_thread_blocked, id=84227, stack(0x00007000087c7000,0x00007000088c7000) (1024K)]
  0x00007fc7dd230600 JavaThread "Unconstrained build operations Thread 26"        [_thread_blocked, id=83715, stack(0x00007000088ca000,0x00007000089ca000) (1024K)]
  0x00007fc7dd230e00 JavaThread "Unconstrained build operations Thread 27"        [_thread_blocked, id=68099, stack(0x00007000089cd000,0x0000700008acd000) (1024K)]
  0x00007fc7dd231600 JavaThread "Unconstrained build operations Thread 28"        [_thread_blocked, id=68611, stack(0x0000700008ad0000,0x0000700008bd0000) (1024K)]
  0x00007fc7d647dc00 JavaThread "Unconstrained build operations Thread 29"        [_thread_blocked, id=83203, stack(0x0000700008bd3000,0x0000700008cd3000) (1024K)]
  0x00007fc7d647c000 JavaThread "Unconstrained build operations Thread 30"        [_thread_blocked, id=82691, stack(0x0000700008cd6000,0x0000700008dd6000) (1024K)]
  0x00007fc7d647c800 JavaThread "Unconstrained build operations Thread 31"        [_thread_blocked, id=82435, stack(0x0000700008dd9000,0x0000700008ed9000) (1024K)]
  0x00007fc7d647d000 JavaThread "Unconstrained build operations Thread 32"        [_thread_blocked, id=69635, stack(0x0000700008edc000,0x0000700008fdc000) (1024K)]
  0x00007fc7dd251600 JavaThread "Memory manager"                    [_thread_blocked, id=81923, stack(0x0000700008fdf000,0x00007000090df000) (1024K)]
  0x00007fc7d6c15a00 JavaThread "Unconstrained build operations Thread 33"        [_thread_blocked, id=24327, stack(0x00007000090e2000,0x00007000091e2000) (1024K)]
  0x00007fc7d6c19200 JavaThread "Unconstrained build operations Thread 34"        [_thread_blocked, id=81667, stack(0x00007000091e5000,0x00007000092e5000) (1024K)]
  0x00007fc7d3070800 JavaThread "Unconstrained build operations Thread 35"        [_thread_blocked, id=81155, stack(0x00007000092e8000,0x00007000093e8000) (1024K)]
  0x00007fc7d3071000 JavaThread "Unconstrained build operations Thread 36"        [_thread_blocked, id=80643, stack(0x00007000093eb000,0x00007000094eb000) (1024K)]
  0x00007fc7d3071800 JavaThread "Unconstrained build operations Thread 37"        [_thread_blocked, id=70403, stack(0x00007000094ee000,0x00007000095ee000) (1024K)]
  0x00007fc7d1384c00 JavaThread "Unconstrained build operations Thread 38"        [_thread_blocked, id=70915, stack(0x00007000095f1000,0x00007000096f1000) (1024K)]
  0x00007fc7dd04e200 JavaThread "Unconstrained build operations Thread 39"        [_thread_blocked, id=79875, stack(0x00007000096f4000,0x00007000097f4000) (1024K)]
  0x00007fc7dd04ea00 JavaThread "Unconstrained build operations Thread 40"        [_thread_blocked, id=79363, stack(0x00007000097f7000,0x00007000098f7000) (1024K)]
  0x00007fc7dd04ae00 JavaThread "Unconstrained build operations Thread 41"        [_thread_blocked, id=78851, stack(0x00007000098fa000,0x00007000099fa000) (1024K)]
  0x00007fc7d5d86600 JavaThread "Unconstrained build operations Thread 42"        [_thread_blocked, id=78595, stack(0x00007000099fd000,0x0000700009afd000) (1024K)]
  0x00007fc7d34fea00 JavaThread "Unconstrained build operations Thread 43"        [_thread_blocked, id=78339, stack(0x0000700009b00000,0x0000700009c00000) (1024K)]
  0x00007fc7d5ce2e00 JavaThread "Unconstrained build operations Thread 44"        [_thread_blocked, id=78083, stack(0x0000700009c03000,0x0000700009d03000) (1024K)]
  0x00007fc7d34ff200 JavaThread "Unconstrained build operations Thread 45"        [_thread_blocked, id=77827, stack(0x0000700009d06000,0x0000700009e06000) (1024K)]
  0x00007fc7d5ce3600 JavaThread "Unconstrained build operations Thread 46"        [_thread_blocked, id=72451, stack(0x0000700009e09000,0x0000700009f09000) (1024K)]
  0x00007fc7d34ffa00 JavaThread "Unconstrained build operations Thread 47"        [_thread_blocked, id=72963, stack(0x0000700009f0c000,0x000070000a00c000) (1024K)]
  0x00007fc7d6ad4600 JavaThread "Unconstrained build operations Thread 48"        [_thread_blocked, id=77571, stack(0x000070000a00f000,0x000070000a10f000) (1024K)]
  0x00007fc7d6ad4e00 JavaThread "Unconstrained build operations Thread 49"        [_thread_blocked, id=73731, stack(0x000070000a112000,0x000070000a212000) (1024K)]
  0x00007fc7d3078000 JavaThread "Unconstrained build operations Thread 50"        [_thread_blocked, id=77059, stack(0x000070000a215000,0x000070000a315000) (1024K)]
  0x00007fc7d3054200 JavaThread "Unconstrained build operations Thread 51"        [_thread_blocked, id=76803, stack(0x000070000a318000,0x000070000a418000) (1024K)]
  0x00007fc7d7b8ae00 JavaThread "Unconstrained build operations Thread 52"        [_thread_blocked, id=76291, stack(0x000070000a41b000,0x000070000a51b000) (1024K)]
  0x00007fc7d5ce4e00 JavaThread "Unconstrained build operations Thread 53"        [_thread_blocked, id=74499, stack(0x000070000a51e000,0x000070000a61e000) (1024K)]
  0x00007fc7dd04fa00 JavaThread "Unconstrained build operations Thread 54"        [_thread_blocked, id=76035, stack(0x000070000a621000,0x000070000a721000) (1024K)]
  0x00007fc7d5ce5e00 JavaThread "Unconstrained build operations Thread 55"        [_thread_blocked, id=75779, stack(0x000070000a724000,0x000070000a824000) (1024K)]
  0x00007fc7d26c1e00 JavaThread "Unconstrained build operations Thread 56"        [_thread_blocked, id=75523, stack(0x000070000a827000,0x000070000a927000) (1024K)]
  0x00007fc7d3054a00 JavaThread "Unconstrained build operations Thread 57"        [_thread_blocked, id=130819, stack(0x000070000a92a000,0x000070000aa2a000) (1024K)]
  0x00007fc7d3057200 JavaThread "Unconstrained build operations Thread 58"        [_thread_blocked, id=87555, stack(0x000070000aa2d000,0x000070000ab2d000) (1024K)]
  0x00007fc7d2a1ca00 JavaThread "Unconstrained build operations Thread 59"        [_thread_blocked, id=130307, stack(0x000070000ab30000,0x000070000ac30000) (1024K)]
  0x00007fc7d2a0f400 JavaThread "Unconstrained build operations Thread 60"        [_thread_blocked, id=129795, stack(0x000070000ac33000,0x000070000ad33000) (1024K)]
  0x00007fc7d6ad5e00 JavaThread "Unconstrained build operations Thread 61"        [_thread_blocked, id=129539, stack(0x000070000ad36000,0x000070000ae36000) (1024K)]
  0x00007fc7dd04b600 JavaThread "Unconstrained build operations Thread 62"        [_thread_blocked, id=88579, stack(0x000070000ae39000,0x000070000af39000) (1024K)]
  0x00007fc7dd08fa00 JavaThread "Unconstrained build operations Thread 63"        [_thread_blocked, id=129027, stack(0x000070000af3c000,0x000070000b03c000) (1024K)]
  0x00007fc7d2a0fc00 JavaThread "Unconstrained build operations Thread 64"        [_thread_blocked, id=128515, stack(0x000070000b03f000,0x000070000b13f000) (1024K)]
  0x00007fc7dd08d800 JavaThread "Unconstrained build operations Thread 65"        [_thread_blocked, id=128003, stack(0x000070000b142000,0x000070000b242000) (1024K)]
  0x00007fc7dd08e000 JavaThread "Unconstrained build operations Thread 66"        [_thread_blocked, id=127491, stack(0x000070000b245000,0x000070000b345000) (1024K)]
  0x00007fc7dd08e800 JavaThread "Unconstrained build operations Thread 67"        [_thread_blocked, id=88835, stack(0x000070000b348000,0x000070000b448000) (1024K)]
  0x00007fc7dd08f000 JavaThread "Unconstrained build operations Thread 68"        [_thread_blocked, id=89347, stack(0x000070000b44b000,0x000070000b54b000) (1024K)]
  0x00007fc7dd092400 JavaThread "Unconstrained build operations Thread 69"        [_thread_blocked, id=89859, stack(0x000070000b54e000,0x000070000b64e000) (1024K)]
  0x00007fc7dd092c00 JavaThread "Unconstrained build operations Thread 70"        [_thread_blocked, id=90371, stack(0x000070000b651000,0x000070000b751000) (1024K)]
  0x00007fc7dd093400 JavaThread "Unconstrained build operations Thread 71"        [_thread_blocked, id=126979, stack(0x000070000b754000,0x000070000b854000) (1024K)]
  0x00007fc7d2a10400 JavaThread "Unconstrained build operations Thread 72"        [_thread_blocked, id=90883, stack(0x000070000b857000,0x000070000b957000) (1024K)]
  0x00007fc7d900a400 JavaThread "Unconstrained build operations Thread 73"        [_thread_blocked, id=126467, stack(0x000070000b95a000,0x000070000ba5a000) (1024K)]
  0x00007fc7d5d20200 JavaThread "Unconstrained build operations Thread 74"        [_thread_blocked, id=126211, stack(0x000070000ba5d000,0x000070000bb5d000) (1024K)]
  0x00007fc7d7b35a00 JavaThread "Unconstrained build operations Thread 75"        [_thread_blocked, id=91651, stack(0x000070000bb60000,0x000070000bc60000) (1024K)]
  0x00007fc7d7ad1000 JavaThread "Unconstrained build operations Thread 76"        [_thread_blocked, id=92163, stack(0x000070000bc63000,0x000070000bd63000) (1024K)]
  0x00007fc7d5ce0c00 JavaThread "Unconstrained build operations Thread 77"        [_thread_blocked, id=125443, stack(0x000070000bd66000,0x000070000be66000) (1024K)]
  0x00007fc7d3053800 JavaThread "build event listener"              [_thread_blocked, id=125187, stack(0x000070000be69000,0x000070000bf69000) (1024K)]
  0x00007fc7d65c7a00 JavaThread "included builds"                   [_thread_blocked, id=92931, stack(0x000070000bf6c000,0x000070000c06c000) (1024K)]
  0x00007fc7d322cc00 JavaThread "Execution worker"                  [_thread_blocked, id=93187, stack(0x000070000c06f000,0x000070000c16f000) (1024K)]
  0x00007fc7d322f600 JavaThread "Execution worker Thread 2"         [_thread_blocked, id=124419, stack(0x000070000c172000,0x000070000c272000) (1024K)]
  0x00007fc7d5b89a00 JavaThread "Execution worker Thread 3"         [_thread_blocked, id=93699, stack(0x000070000c275000,0x000070000c375000) (1024K)]
  0x00007fc7d5b8a800 JavaThread "Execution worker Thread 4"         [_thread_blocked, id=123651, stack(0x000070000c378000,0x000070000c478000) (1024K)]
  0x00007fc7d322fe00 JavaThread "Execution worker Thread 5"         [_thread_blocked, id=94211, stack(0x000070000c47b000,0x000070000c57b000) (1024K)]
  0x00007fc7d33f4000 JavaThread "Execution worker Thread 6"         [_thread_blocked, id=94467, stack(0x000070000c57e000,0x000070000c67e000) (1024K)]
  0x00007fc7d3231200 JavaThread "Execution worker Thread 7"         [_thread_blocked, id=94723, stack(0x000070000c681000,0x000070000c781000) (1024K)]
  0x00007fc7d3231a00 JavaThread "Execution worker Thread 8"         [_thread_blocked, id=95235, stack(0x000070000c784000,0x000070000c884000) (1024K)]
  0x00007fc7d5b8b000 JavaThread "Execution worker Thread 9"         [_thread_blocked, id=95747, stack(0x000070000c887000,0x000070000c987000) (1024K)]
  0x00007fc7d5b8b800 JavaThread "Execution worker Thread 10"        [_thread_blocked, id=122627, stack(0x000070000c98a000,0x000070000ca8a000) (1024K)]
  0x00007fc7d5b8c000 JavaThread "Execution worker Thread 11"        [_thread_blocked, id=96003, stack(0x000070000ca8d000,0x000070000cb8d000) (1024K)]
  0x00007fc7d5b8c800 JavaThread "Execution worker Thread 12"        [_thread_blocked, id=122115, stack(0x000070000cb90000,0x000070000cc90000) (1024K)]
  0x00007fc7d5b8d000 JavaThread "Execution worker Thread 13"        [_thread_blocked, id=96515, stack(0x000070000cc93000,0x000070000cd93000) (1024K)]
  0x00007fc7d5b8d800 JavaThread "Execution worker Thread 14"        [_thread_blocked, id=121603, stack(0x000070000cd96000,0x000070000ce96000) (1024K)]
  0x00007fc7d5b8e000 JavaThread "Execution worker Thread 15"        [_thread_blocked, id=121347, stack(0x000070000ce99000,0x000070000cf99000) (1024K)]
  0x00007fc7d2a8e400 JavaThread "Cache worker for execution history cache (/Users/harveyhe/startup/airpod/capod/buildSrc/.gradle/8.9/executionHistory)"        [_thread_blocked, id=121091, stack(0x000070000cf9c000,0x000070000d09c000) (1024K)]
  0x00007fc7dd09bc00 JavaThread "Unconstrained build operations Thread 78"        [_thread_blocked, id=120323, stack(0x000070000d09f000,0x000070000d19f000) (1024K)]
  0x00007fc7dd09ca00 JavaThread "Unconstrained build operations Thread 79"        [_thread_blocked, id=98819, stack(0x000070000d1a2000,0x000070000d2a2000) (1024K)]
  0x00007fc7d65c7000 JavaThread "Unconstrained build operations Thread 80"        [_thread_blocked, id=99331, stack(0x000070000d2a5000,0x000070000d3a5000) (1024K)]
  0x00007fc7d643d200 JavaThread "Unconstrained build operations Thread 81"        [_thread_blocked, id=119811, stack(0x000070000d3a8000,0x000070000d4a8000) (1024K)]
  0x00007fc7d5c21c00 JavaThread "Unconstrained build operations Thread 82"        [_thread_blocked, id=119299, stack(0x000070000d4ab000,0x000070000d5ab000) (1024K)]
  0x00007fc7d5887000 JavaThread "Unconstrained build operations Thread 83"        [_thread_blocked, id=99587, stack(0x000070000d5ae000,0x000070000d6ae000) (1024K)]
  0x00007fc7d5889200 JavaThread "Unconstrained build operations Thread 84"        [_thread_blocked, id=118531, stack(0x000070000d6b1000,0x000070000d7b1000) (1024K)]
  0x00007fc7d3269600 JavaThread "Unconstrained build operations Thread 85"        [_thread_blocked, id=118019, stack(0x000070000d7b4000,0x000070000d8b4000) (1024K)]
  0x00007fc7d326a400 JavaThread "Unconstrained build operations Thread 86"        [_thread_blocked, id=99843, stack(0x000070000d8b7000,0x000070000d9b7000) (1024K)]
  0x00007fc7d3093000 JavaThread "Unconstrained build operations Thread 87"        [_thread_blocked, id=117251, stack(0x000070000d9ba000,0x000070000daba000) (1024K)]
  0x00007fc7d3093800 JavaThread "Unconstrained build operations Thread 88"        [_thread_blocked, id=116739, stack(0x000070000dabd000,0x000070000dbbd000) (1024K)]
  0x00007fc7d3094000 JavaThread "Unconstrained build operations Thread 89"        [_thread_blocked, id=116483, stack(0x000070000dbc0000,0x000070000dcc0000) (1024K)]
  0x00007fc7d5b96800 JavaThread "Unconstrained build operations Thread 90"        [_thread_blocked, id=115971, stack(0x000070000dcc3000,0x000070000ddc3000) (1024K)]
  0x00007fc7d5887e00 JavaThread "Unconstrained build operations Thread 91"        [_thread_blocked, id=115459, stack(0x000070000ddc6000,0x000070000dec6000) (1024K)]
  0x00007fc7d588a200 JavaThread "Unconstrained build operations Thread 92"        [_thread_blocked, id=114947, stack(0x000070000dec9000,0x000070000dfc9000) (1024K)]
  0x00007fc7d2a94a00 JavaThread "Unconstrained build operations Thread 93"        [_thread_blocked, id=114435, stack(0x000070000dfcc000,0x000070000e0cc000) (1024K)]
  0x00007fc7d2816a00 JavaThread "Unconstrained build operations Thread 94"        [_thread_blocked, id=114179, stack(0x000070000e0cf000,0x000070000e1cf000) (1024K)]
  0x00007fc7d3094800 JavaThread "Unconstrained build operations Thread 95"        [_thread_blocked, id=113923, stack(0x000070000e1d2000,0x000070000e2d2000) (1024K)]
  0x00007fc7d6b52400 JavaThread "Unconstrained build operations Thread 96"        [_thread_blocked, id=101123, stack(0x000070000e2d5000,0x000070000e3d5000) (1024K)]
  0x00007fc7d7b33c00 JavaThread "Unconstrained build operations Thread 97"        [_thread_blocked, id=113411, stack(0x000070000e3d8000,0x000070000e4d8000) (1024K)]
  0x00007fc7d7b34400 JavaThread "Unconstrained build operations Thread 98"        [_thread_blocked, id=112899, stack(0x000070000e4db000,0x000070000e5db000) (1024K)]
  0x00007fc7d7b25000 JavaThread "Unconstrained build operations Thread 99"        [_thread_blocked, id=112387, stack(0x000070000e5de000,0x000070000e6de000) (1024K)]
  0x00007fc7d7b25800 JavaThread "Unconstrained build operations Thread 100"        [_thread_blocked, id=111875, stack(0x000070000e6e1000,0x000070000e7e1000) (1024K)]
  0x00007fc7da812c00 JavaThread "Unconstrained build operations Thread 101"        [_thread_blocked, id=101635, stack(0x000070000e7e4000,0x000070000e8e4000) (1024K)]
  0x00007fc7d980ae00 JavaThread "Unconstrained build operations Thread 102"        [_thread_blocked, id=111363, stack(0x000070000e8e7000,0x000070000e9e7000) (1024K)]
  0x00007fc7d6487400 JavaThread "Unconstrained build operations Thread 103"        [_thread_blocked, id=110851, stack(0x000070000e9ea000,0x000070000eaea000) (1024K)]
  0x00007fc7d27d0200 JavaThread "Unconstrained build operations Thread 104"        [_thread_blocked, id=110339, stack(0x000070000eaed000,0x000070000ebed000) (1024K)]
  0x00007fc7d27d5800 JavaThread "Unconstrained build operations Thread 105"        [_thread_blocked, id=102147, stack(0x000070000ebf0000,0x000070000ecf0000) (1024K)]
  0x00007fc7da80c400 JavaThread "Unconstrained build operations Thread 106"        [_thread_blocked, id=109827, stack(0x000070000ecf3000,0x000070000edf3000) (1024K)]
  0x00007fc7dd2f4400 JavaThread "Unconstrained build operations Thread 107"        [_thread_blocked, id=109571, stack(0x000070000edf6000,0x000070000eef6000) (1024K)]
  0x00007fc7d3099000 JavaThread "Unconstrained build operations Thread 108"        [_thread_blocked, id=102915, stack(0x000070000eef9000,0x000070000eff9000) (1024K)]
  0x00007fc7d3097000 JavaThread "Unconstrained build operations Thread 109"        [_thread_blocked, id=103171, stack(0x000070000effc000,0x000070000f0fc000) (1024K)]
  0x00007fc7d3097800 JavaThread "Unconstrained build operations Thread 110"        [_thread_blocked, id=103683, stack(0x000070000f0ff000,0x000070000f1ff000) (1024K)]
  0x00007fc7d588cc00 JavaThread "Unconstrained build operations Thread 111"        [_thread_blocked, id=104195, stack(0x000070000f202000,0x000070000f302000) (1024K)]
  0x00007fc7d3098000 JavaThread "Unconstrained build operations Thread 112"        [_thread_blocked, id=104707, stack(0x000070000f305000,0x000070000f405000) (1024K)]
  0x00007fc7d3098800 JavaThread "Unconstrained build operations Thread 113"        [_thread_blocked, id=108803, stack(0x000070000f408000,0x000070000f508000) (1024K)]
  0x00007fc7d309c400 JavaThread "Unconstrained build operations Thread 114"        [_thread_blocked, id=108547, stack(0x000070000f50b000,0x000070000f60b000) (1024K)]
  0x00007fc7d2a93800 JavaThread "Unconstrained build operations Thread 115"        [_thread_blocked, id=105219, stack(0x000070000f60e000,0x000070000f70e000) (1024K)]
  0x00007fc7d309cc00 JavaThread "Unconstrained build operations Thread 116"        [_thread_blocked, id=108035, stack(0x000070000f711000,0x000070000f811000) (1024K)]
  0x00007fc7d309d400 JavaThread "Unconstrained build operations Thread 117"        [_thread_blocked, id=107523, stack(0x000070000f814000,0x000070000f914000) (1024K)]
  0x00007fc7d309dc00 JavaThread "Unconstrained build operations Thread 118"        [_thread_blocked, id=107267, stack(0x000070000f917000,0x000070000fa17000) (1024K)]
  0x00007fc7d5d9d200 JavaThread "Unconstrained build operations Thread 119"        [_thread_blocked, id=105987, stack(0x000070000fa1a000,0x000070000fb1a000) (1024K)]
  0x00007fc7d30c0600 JavaThread "Unconstrained build operations Thread 120"        [_thread_blocked, id=106755, stack(0x000070000fb1d000,0x000070000fc1d000) (1024K)]
  0x00007fc7d2a8dc00 JavaThread "Unconstrained build operations Thread 121"        [_thread_blocked, id=131075, stack(0x000070000fc20000,0x000070000fd20000) (1024K)]
  0x00007fc7d2a8b000 JavaThread "Unconstrained build operations Thread 122"        [_thread_blocked, id=131587, stack(0x000070000fd23000,0x000070000fe23000) (1024K)]
  0x00007fc7d30c0e00 JavaThread "Unconstrained build operations Thread 123"        [_thread_blocked, id=174339, stack(0x000070000fe26000,0x000070000ff26000) (1024K)]
  0x00007fc7d30c1c00 JavaThread "Unconstrained build operations Thread 124"        [_thread_blocked, id=174083, stack(0x000070000ff29000,0x0000700010029000) (1024K)]
  0x00007fc7d30c2400 JavaThread "Unconstrained build operations Thread 125"        [_thread_blocked, id=173571, stack(0x000070001002c000,0x000070001012c000) (1024K)]
  0x00007fc7d2815a00 JavaThread "Unconstrained build operations Thread 126"        [_thread_blocked, id=173315, stack(0x000070001012f000,0x000070001022f000) (1024K)]
  0x00007fc7d2815200 JavaThread "Unconstrained build operations Thread 127"        [_thread_blocked, id=132611, stack(0x0000700010232000,0x0000700010332000) (1024K)]
  0x00007fc7d2816200 JavaThread "Unconstrained build operations Thread 128"        [_thread_blocked, id=133123, stack(0x0000700010335000,0x0000700010435000) (1024K)]
  0x00007fc7d2910a00 JavaThread "Unconstrained build operations Thread 129"        [_thread_blocked, id=172803, stack(0x0000700010438000,0x0000700010538000) (1024K)]
  0x00007fc7d5d9fc00 JavaThread "Unconstrained build operations Thread 130"        [_thread_blocked, id=172291, stack(0x000070001053b000,0x000070001063b000) (1024K)]
  0x00007fc7d588be00 JavaThread "Unconstrained build operations Thread 131"        [_thread_blocked, id=172035, stack(0x000070001063e000,0x000070001073e000) (1024K)]
  0x00007fc7d5e10600 JavaThread "Unconstrained build operations Thread 132"        [_thread_blocked, id=171779, stack(0x0000700010741000,0x0000700010841000) (1024K)]
  0x00007fc7d5e10e00 JavaThread "Unconstrained build operations Thread 133"        [_thread_blocked, id=171267, stack(0x0000700010844000,0x0000700010944000) (1024K)]
  0x00007fc7d2910000 JavaThread "Unconstrained build operations Thread 134"        [_thread_blocked, id=171011, stack(0x0000700010947000,0x0000700010a47000) (1024K)]
  0x00007fc7d30bf600 JavaThread "Unconstrained build operations Thread 135"        [_thread_blocked, id=170755, stack(0x0000700010a4a000,0x0000700010b4a000) (1024K)]
  0x00007fc7d30bee00 JavaThread "Unconstrained build operations Thread 136"        [_thread_blocked, id=170243, stack(0x0000700010b4d000,0x0000700010c4d000) (1024K)]
  0x00007fc7d30bfe00 JavaThread "Unconstrained build operations Thread 137"        [_thread_blocked, id=134915, stack(0x0000700010c50000,0x0000700010d50000) (1024K)]
  0x00007fc7dd2e1200 JavaThread "Unconstrained build operations Thread 138"        [_thread_blocked, id=169731, stack(0x0000700010d53000,0x0000700010e53000) (1024K)]
  0x00007fc7d358ce00 JavaThread "Unconstrained build operations Thread 139"        [_thread_blocked, id=169475, stack(0x0000700010e56000,0x0000700010f56000) (1024K)]
  0x00007fc7d6b45000 JavaThread "Unconstrained build operations Thread 140"        [_thread_blocked, id=169219, stack(0x0000700010f59000,0x0000700011059000) (1024K)]
  0x00007fc7d7b9ca00 JavaThread "Unconstrained build operations Thread 141"        [_thread_blocked, id=168963, stack(0x000070001105c000,0x000070001115c000) (1024K)]
  0x00007fc7d6c15200 JavaThread "Unconstrained build operations Thread 142"        [_thread_blocked, id=135939, stack(0x000070001115f000,0x000070001125f000) (1024K)]
  0x00007fc7d290f200 JavaThread "Unconstrained build operations Thread 143"        [_thread_blocked, id=168195, stack(0x0000700011262000,0x0000700011362000) (1024K)]
  0x00007fc7d7b9d200 JavaThread "Unconstrained build operations Thread 144"        [_thread_blocked, id=167939, stack(0x0000700011365000,0x0000700011465000) (1024K)]
  0x00007fc7d6409600 JavaThread "Unconstrained build operations Thread 145"        [_thread_blocked, id=136451, stack(0x0000700011468000,0x0000700011568000) (1024K)]
  0x00007fc7d7d78200 JavaThread "Unconstrained build operations Thread 146"        [_thread_blocked, id=167171, stack(0x000070001156b000,0x000070001166b000) (1024K)]
  0x00007fc7d358c600 JavaThread "Unconstrained build operations Thread 147"        [_thread_blocked, id=136707, stack(0x000070001166e000,0x000070001176e000) (1024K)]
  0x00007fc7d358de00 JavaThread "Unconstrained build operations Thread 148"        [_thread_blocked, id=136963, stack(0x0000700011771000,0x0000700011871000) (1024K)]
  0x00007fc7d358b600 JavaThread "Unconstrained build operations Thread 149"        [_thread_blocked, id=166147, stack(0x0000700011874000,0x0000700011974000) (1024K)]
  0x00007fc7d5e11600 JavaThread "Unconstrained build operations Thread 150"        [_thread_blocked, id=137475, stack(0x0000700011977000,0x0000700011a77000) (1024K)]
  0x00007fc7d5889a00 JavaThread "Unconstrained build operations Thread 151"        [_thread_blocked, id=165635, stack(0x0000700011a7a000,0x0000700011b7a000) (1024K)]
  0x00007fc7d5d9e400 JavaThread "Unconstrained build operations Thread 152"        [_thread_blocked, id=137987, stack(0x0000700011b7d000,0x0000700011c7d000) (1024K)]
  0x00007fc7dd312c00 JavaThread "Unconstrained build operations Thread 153"        [_thread_blocked, id=138243, stack(0x0000700011c80000,0x0000700011d80000) (1024K)]
  0x00007fc7dd313c00 JavaThread "Unconstrained build operations Thread 154"        [_thread_blocked, id=164867, stack(0x0000700011d83000,0x0000700011e83000) (1024K)]
  0x00007fc7dd313400 JavaThread "Unconstrained build operations Thread 155"        [_thread_blocked, id=164611, stack(0x0000700011e86000,0x0000700011f86000) (1024K)]
  0x00007fc7d3593800 JavaThread "Unconstrained build operations Thread 156"        [_thread_blocked, id=164355, stack(0x0000700011f89000,0x0000700012089000) (1024K)]
  0x00007fc7d5d9f400 JavaThread "Unconstrained build operations Thread 157"        [_thread_blocked, id=139267, stack(0x000070001208c000,0x000070001218c000) (1024K)]
  0x00007fc7d6629400 JavaThread "Unconstrained build operations Thread 158"        [_thread_blocked, id=163843, stack(0x000070001218f000,0x000070001228f000) (1024K)]
  0x00007fc7d7017a00 JavaThread "Unconstrained build operations Thread 159"        [_thread_blocked, id=163587, stack(0x0000700012292000,0x0000700012392000) (1024K)]
  0x00007fc7d291ba00 JavaThread "Unconstrained build operations Thread 160"        [_thread_blocked, id=140035, stack(0x0000700012395000,0x0000700012495000) (1024K)]
  0x00007fc7d5eb8c00 JavaThread "build event listener"              [_thread_blocked, id=140547, stack(0x0000700012498000,0x0000700012598000) (1024K)]
  0x00007fc7dd0c0e00 JavaThread "process reaper"             daemon [_thread_blocked, id=163075, stack(0x0000700003145000,0x0000700003169000) (144K)]
Total: 229

Other Threads:
  0x00007fc7d1c07460 VMThread "VM Thread"                           [id=17923, stack(0x0000700002fbf000,0x00007000030bf000) (1024K)]
  0x00007fc7d1c04a40 WatcherThread "VM Periodic Task Thread"        [id=16899, stack(0x0000700002ebc000,0x0000700002fbc000) (1024K)]
  0x00007fc7d0f08580 WorkerThread "GC Thread#0"                     [id=12291, stack(0x00007000029ad000,0x0000700002aad000) (1024K)]
  0x00007fc7d0f1a880 WorkerThread "GC Thread#1"                     [id=27651, stack(0x0000700003ae3000,0x0000700003be3000) (1024K)]
  0x00007fc7d1b10280 WorkerThread "GC Thread#2"                     [id=28163, stack(0x0000700003be6000,0x0000700003ce6000) (1024K)]
  0x00007fc7d4323290 WorkerThread "GC Thread#3"                     [id=43267, stack(0x0000700003ce9000,0x0000700003de9000) (1024K)]
  0x00007fc7d4323880 WorkerThread "GC Thread#4"                     [id=43011, stack(0x0000700003dec000,0x0000700003eec000) (1024K)]
  0x00007fc7d0f1adf0 WorkerThread "GC Thread#5"                     [id=33283, stack(0x0000700003eef000,0x0000700003fef000) (1024K)]
  0x00007fc7d1b82a50 WorkerThread "GC Thread#6"                     [id=36867, stack(0x0000700004f1f000,0x000070000501f000) (1024K)]
  0x00007fc7d1b82fc0 WorkerThread "GC Thread#7"                     [id=37379, stack(0x0000700005022000,0x0000700005122000) (1024K)]
  0x00007fc7d4378be0 WorkerThread "GC Thread#8"                     [id=37891, stack(0x0000700005125000,0x0000700005225000) (1024K)]
  0x00007fc7d4379540 WorkerThread "GC Thread#9"                     [id=43779, stack(0x0000700005228000,0x0000700005328000) (1024K)]
  0x00007fc7d181a210 WorkerThread "GC Thread#10"                    [id=65283, stack(0x000070000532b000,0x000070000542b000) (1024K)]
  0x00007fc7d4379ea0 WorkerThread "GC Thread#11"                    [id=65027, stack(0x000070000542e000,0x000070000552e000) (1024K)]
  0x00007fc7d437a800 WorkerThread "GC Thread#12"                    [id=64515, stack(0x0000700005531000,0x0000700005631000) (1024K)]
  0x00007fc7d1b04680 ConcurrentGCThread "G1 Main Marker"            [id=12803, stack(0x0000700002ab0000,0x0000700002bb0000) (1024K)]
  0x00007fc7d4304080 WorkerThread "G1 Conc#0"                       [id=13827, stack(0x0000700002bb3000,0x0000700002cb3000) (1024K)]
  0x00007fc7d181ab80 WorkerThread "G1 Conc#1"                       [id=44547, stack(0x0000700005634000,0x0000700005734000) (1024K)]
  0x00007fc7d1b83920 WorkerThread "G1 Conc#2"                       [id=64003, stack(0x0000700005737000,0x0000700005837000) (1024K)]
  0x00007fc7d100c400 ConcurrentGCThread "G1 Refine#0"               [id=16387, stack(0x0000700002cb6000,0x0000700002db6000) (1024K)]
  0x00007fc7d43049e0 ConcurrentGCThread "G1 Service"                [id=21507, stack(0x0000700002db9000,0x0000700002eb9000) (1024K)]
Total: 21

Threads with active compile tasks:
C2 CompilerThread0  12342 14046 %     4       org.apache.commons.io.FilenameUtils::doNormalize @ 63 (530 bytes)
Total: 1

VM state: not at safepoint (normal execution)

VM Mutex/Monitor currently owned by a thread: None

Heap address: 0x0000000700000000, size: 4096 MB, Compressed Oops mode: Zero based, Oop shift amount: 3

CDS archive(s) mapped at: [0x0000000123000000-0x0000000123c6e000-0x0000000123c6e000), size 13033472, SharedBaseAddress: 0x0000000123000000, ArchiveRelocationMode: 1.
Compressed class space mapped at: 0x0000000124000000-0x0000000164000000, reserved size: 1073741824
Narrow klass base: 0x0000000123000000, Narrow klass shift: 0, Narrow klass range: 0x100000000

GC Precious Log:
 CardTable entry size: 512
 Card Set container configuration: InlinePtr #cards 4 size 8 Array Of Cards #cards 16 size 48 Howl #buckets 8 coarsen threshold 3686 Howl Bitmap #cards 512 size 80 coarsen threshold 460 Card regions per heap region 1 cards per card region 4096
 CPUs: 16 total, 16 available
 Memory: 16384M
 Large Page Support: Disabled
 NUMA Support: Disabled
 Compressed Oops: Enabled (Zero based)
 Heap Region Size: 2M
 Heap Min Capacity: 8M
 Heap Initial Capacity: 256M
 Heap Max Capacity: 4G
 Pre-touch: Disabled
 Parallel Workers: 13
 Concurrent Workers: 3
 Concurrent Refinement Workers: 13
 Periodic GC: Disabled

Heap:
 garbage-first heap   total reserved 4194304K, committed 315392K, used 210088K [0x0000000700000000, 0x0000000800000000)
  region size 2048K, 15 young (30720K), 5 survivors (10240K)
 Metaspace       used 101724K, committed 104192K, reserved 1179648K
  class space    used 14721K, committed 15936K, reserved 1048576K

Heap Regions: E=young(eden), S=young(survivor), O=old, HS=humongous(starts), HC=humongous(continues), CS=collection set, F=free, TAMS=top-at-mark-start, PB=parsable bottom
|   0|0x0000000700000000, 0x0000000700200000, 0x0000000700200000|100%|HS|  |TAMS 0x0000000700000000| PB 0x0000000700000000| Complete |  0
|   1|0x0000000700200000, 0x0000000700400000, 0x0000000700400000|100%|HC|  |TAMS 0x0000000700200000| PB 0x0000000700200000| Complete |  0
|   2|0x0000000700400000, 0x00000007005ffff8, 0x0000000700600000| 99%| O|  |TAMS 0x0000000700400000| PB 0x0000000700400000| Untracked |  0
|   3|0x0000000700600000, 0x0000000700800000, 0x0000000700800000|100%| O|  |TAMS 0x0000000700600000| PB 0x0000000700600000| Untracked |  0
|   4|0x0000000700800000, 0x0000000700a00000, 0x0000000700a00000|100%| O|  |TAMS 0x0000000700800000| PB 0x0000000700800000| Untracked |  0
|   5|0x0000000700a00000, 0x0000000700c00000, 0x0000000700c00000|100%|HS|  |TAMS 0x0000000700a00000| PB 0x0000000700a00000| Complete |  0
|   6|0x0000000700c00000, 0x0000000700e00000, 0x0000000700e00000|100%|HS|  |TAMS 0x0000000700c00000| PB 0x0000000700c00000| Complete |  0
|   7|0x0000000700e00000, 0x0000000701000000, 0x0000000701000000|100%|HC|  |TAMS 0x0000000700e00000| PB 0x0000000700e00000| Complete |  0
|   8|0x0000000701000000, 0x0000000701200000, 0x0000000701200000|100%|HC|  |TAMS 0x0000000701000000| PB 0x0000000701000000| Complete |  0
|   9|0x0000000701200000, 0x0000000701400000, 0x0000000701400000|100%| O|  |TAMS 0x0000000701200000| PB 0x0000000701200000| Untracked |  0
|  10|0x0000000701400000, 0x0000000701600000, 0x0000000701600000|100%| O|  |TAMS 0x0000000701400000| PB 0x0000000701400000| Untracked |  0
|  11|0x0000000701600000, 0x0000000701800000, 0x0000000701800000|100%|HS|  |TAMS 0x0000000701600000| PB 0x0000000701600000| Complete |  0
|  12|0x0000000701800000, 0x0000000701a00000, 0x0000000701a00000|100%|HC|  |TAMS 0x0000000701800000| PB 0x0000000701800000| Complete |  0
|  13|0x0000000701a00000, 0x0000000701c00000, 0x0000000701c00000|100%| O|  |TAMS 0x0000000701a00000| PB 0x0000000701a00000| Untracked |  0
|  14|0x0000000701c00000, 0x0000000701e00000, 0x0000000701e00000|100%|HS|  |TAMS 0x0000000701c00000| PB 0x0000000701c00000| Complete |  0
|  15|0x0000000701e00000, 0x0000000702000000, 0x0000000702000000|100%|HC|  |TAMS 0x0000000701e00000| PB 0x0000000701e00000| Complete |  0
|  16|0x0000000702000000, 0x0000000702200000, 0x0000000702200000|100%| O|  |TAMS 0x0000000702000000| PB 0x0000000702000000| Untracked |  0
|  17|0x0000000702200000, 0x0000000702400000, 0x0000000702400000|100%| O|  |TAMS 0x0000000702200000| PB 0x0000000702200000| Untracked |  0
|  18|0x0000000702400000, 0x0000000702600000, 0x0000000702600000|100%| O|  |TAMS 0x0000000702400000| PB 0x0000000702400000| Untracked |  0
|  19|0x0000000702600000, 0x0000000702800000, 0x0000000702800000|100%| O|  |TAMS 0x0000000702600000| PB 0x0000000702600000| Untracked |  0
|  20|0x0000000702800000, 0x0000000702a00000, 0x0000000702a00000|100%|HS|  |TAMS 0x0000000702800000| PB 0x0000000702800000| Complete |  0
|  21|0x0000000702a00000, 0x0000000702c00000, 0x0000000702c00000|100%| O|  |TAMS 0x0000000702a00000| PB 0x0000000702a00000| Untracked |  0
|  22|0x0000000702c00000, 0x0000000702e00000, 0x0000000702e00000|100%|HS|  |TAMS 0x0000000702c00000| PB 0x0000000702c00000| Complete |  0
|  23|0x0000000702e00000, 0x0000000703000000, 0x0000000703000000|100%|HC|  |TAMS 0x0000000702e00000| PB 0x0000000702e00000| Complete |  0
|  24|0x0000000703000000, 0x0000000703200000, 0x0000000703200000|100%|HC|  |TAMS 0x0000000703000000| PB 0x0000000703000000| Complete |  0
|  25|0x0000000703200000, 0x0000000703400000, 0x0000000703400000|100%|HS|  |TAMS 0x0000000703200000| PB 0x0000000703200000| Complete |  0
|  26|0x0000000703400000, 0x0000000703600000, 0x0000000703600000|100%|HC|  |TAMS 0x0000000703400000| PB 0x0000000703400000| Complete |  0
|  27|0x0000000703600000, 0x0000000703800000, 0x0000000703800000|100%|HC|  |TAMS 0x0000000703600000| PB 0x0000000703600000| Complete |  0
|  28|0x0000000703800000, 0x0000000703a00000, 0x0000000703a00000|100%| O|  |TAMS 0x0000000703800000| PB 0x0000000703800000| Untracked |  0
|  29|0x0000000703a00000, 0x0000000703c00000, 0x0000000703c00000|100%|HS|  |TAMS 0x0000000703a00000| PB 0x0000000703a00000| Complete |  0
|  30|0x0000000703c00000, 0x0000000703e00000, 0x0000000703e00000|100%|HS|  |TAMS 0x0000000703c00000| PB 0x0000000703c00000| Complete |  0
|  31|0x0000000703e00000, 0x0000000704000000, 0x0000000704000000|100%|HC|  |TAMS 0x0000000703e00000| PB 0x0000000703e00000| Complete |  0
|  32|0x0000000704000000, 0x0000000704200000, 0x0000000704200000|100%| O|  |TAMS 0x0000000704000000| PB 0x0000000704000000| Untracked |  0
|  33|0x0000000704200000, 0x0000000704400000, 0x0000000704400000|100%| O|  |TAMS 0x0000000704200000| PB 0x0000000704200000| Untracked |  0
|  34|0x0000000704400000, 0x0000000704600000, 0x0000000704600000|100%| O|  |TAMS 0x0000000704400000| PB 0x0000000704400000| Untracked |  0
|  35|0x0000000704600000, 0x0000000704800000, 0x0000000704800000|100%|HS|  |TAMS 0x0000000704600000| PB 0x0000000704600000| Complete |  0
|  36|0x0000000704800000, 0x0000000704a00000, 0x0000000704a00000|100%|HC|  |TAMS 0x0000000704800000| PB 0x0000000704800000| Complete |  0
|  37|0x0000000704a00000, 0x0000000704c00000, 0x0000000704c00000|100%| O|  |TAMS 0x0000000704a00000| PB 0x0000000704a00000| Untracked |  0
|  38|0x0000000704c00000, 0x0000000704e00000, 0x0000000704e00000|100%| O|  |TAMS 0x0000000704c00000| PB 0x0000000704c00000| Untracked |  0
|  39|0x0000000704e00000, 0x0000000705000000, 0x0000000705000000|100%|HS|  |TAMS 0x0000000704e00000| PB 0x0000000704e00000| Complete |  0
|  40|0x0000000705000000, 0x0000000705200000, 0x0000000705200000|100%| O|  |TAMS 0x0000000705000000| PB 0x0000000705000000| Untracked |  0
|  41|0x0000000705200000, 0x0000000705400000, 0x0000000705400000|100%| O|  |TAMS 0x0000000705200000| PB 0x0000000705200000| Untracked |  0
|  42|0x0000000705400000, 0x0000000705600000, 0x0000000705600000|100%|HS|  |TAMS 0x0000000705400000| PB 0x0000000705400000| Complete |  0
|  43|0x0000000705600000, 0x0000000705800000, 0x0000000705800000|100%|HS|  |TAMS 0x0000000705600000| PB 0x0000000705600000| Complete |  0
|  44|0x0000000705800000, 0x0000000705a00000, 0x0000000705a00000|100%|HC|  |TAMS 0x0000000705800000| PB 0x0000000705800000| Complete |  0
|  45|0x0000000705a00000, 0x0000000705c00000, 0x0000000705c00000|100%| O|Cm|TAMS 0x0000000705a00000| PB 0x0000000705a00000| Complete |  0
|  46|0x0000000705c00000, 0x0000000705e00000, 0x0000000705e00000|100%|HS|  |TAMS 0x0000000705c00000| PB 0x0000000705c00000| Complete |  0
|  47|0x0000000705e00000, 0x0000000706000000, 0x0000000706000000|100%|HC|  |TAMS 0x0000000705e00000| PB 0x0000000705e00000| Complete |  0
|  48|0x0000000706000000, 0x0000000706200000, 0x0000000706200000|100%| O|  |TAMS 0x0000000706000000| PB 0x0000000706000000| Untracked |  0
|  49|0x0000000706200000, 0x0000000706400000, 0x0000000706400000|100%| O|  |TAMS 0x0000000706200000| PB 0x0000000706200000| Untracked |  0
|  50|0x0000000706400000, 0x0000000706600000, 0x0000000706600000|100%| O|  |TAMS 0x0000000706400000| PB 0x0000000706400000| Untracked |  0
|  51|0x0000000706600000, 0x0000000706800000, 0x0000000706800000|100%| O|Cm|TAMS 0x0000000706600000| PB 0x0000000706600000| Complete |  0
|  52|0x0000000706800000, 0x0000000706a00000, 0x0000000706a00000|100%| O|  |TAMS 0x0000000706800000| PB 0x0000000706800000| Untracked |  0
|  53|0x0000000706a00000, 0x0000000706c00000, 0x0000000706c00000|100%| O|  |TAMS 0x0000000706a00000| PB 0x0000000706a00000| Untracked |  0
|  54|0x0000000706c00000, 0x0000000706e00000, 0x0000000706e00000|100%| O|  |TAMS 0x0000000706c00000| PB 0x0000000706c00000| Untracked |  0
|  55|0x0000000706e00000, 0x0000000707000000, 0x0000000707000000|100%| O|  |TAMS 0x0000000706e00000| PB 0x0000000706e00000| Untracked |  0
|  56|0x0000000707000000, 0x0000000707200000, 0x0000000707200000|100%| O|  |TAMS 0x0000000707000000| PB 0x0000000707000000| Untracked |  0
|  57|0x0000000707200000, 0x0000000707400000, 0x0000000707400000|100%| O|  |TAMS 0x0000000707200000| PB 0x0000000707200000| Untracked |  0
|  58|0x0000000707400000, 0x0000000707600000, 0x0000000707600000|100%| O|  |TAMS 0x0000000707400000| PB 0x0000000707400000| Untracked |  0
|  59|0x0000000707600000, 0x0000000707800000, 0x0000000707800000|100%| O|  |TAMS 0x0000000707600000| PB 0x0000000707600000| Untracked |  0
|  60|0x0000000707800000, 0x0000000707a00000, 0x0000000707a00000|100%| O|  |TAMS 0x0000000707800000| PB 0x0000000707800000| Untracked |  0
|  61|0x0000000707a00000, 0x0000000707c00000, 0x0000000707c00000|100%| O|Cm|TAMS 0x0000000707a00000| PB 0x0000000707a00000| Complete |  0
|  62|0x0000000707c00000, 0x0000000707e00000, 0x0000000707e00000|100%| O|  |TAMS 0x0000000707c00000| PB 0x0000000707c00000| Untracked |  0
|  63|0x0000000707e00000, 0x0000000708000000, 0x0000000708000000|100%| O|  |TAMS 0x0000000707e00000| PB 0x0000000707e00000| Untracked |  0
|  64|0x0000000708000000, 0x0000000708200000, 0x0000000708200000|100%| O|  |TAMS 0x0000000708000000| PB 0x0000000708000000| Untracked |  0
|  65|0x0000000708200000, 0x0000000708400000, 0x0000000708400000|100%| O|  |TAMS 0x0000000708200000| PB 0x0000000708200000| Untracked |  0
|  66|0x0000000708400000, 0x0000000708600000, 0x0000000708600000|100%| O|  |TAMS 0x0000000708400000| PB 0x0000000708400000| Untracked |  0
|  67|0x0000000708600000, 0x0000000708800000, 0x0000000708800000|100%|HS|  |TAMS 0x0000000708600000| PB 0x0000000708600000| Complete |  0
|  68|0x0000000708800000, 0x0000000708a00000, 0x0000000708a00000|100%|HC|  |TAMS 0x0000000708800000| PB 0x0000000708800000| Complete |  0
|  69|0x0000000708a00000, 0x0000000708c00000, 0x0000000708c00000|100%| O|  |TAMS 0x0000000708a00000| PB 0x0000000708a00000| Untracked |  0
|  70|0x0000000708c00000, 0x0000000708e00000, 0x0000000708e00000|100%| O|  |TAMS 0x0000000708c00000| PB 0x0000000708c00000| Untracked |  0
|  71|0x0000000708e00000, 0x0000000709000000, 0x0000000709000000|100%| O|  |TAMS 0x0000000708e00000| PB 0x0000000708e00000| Untracked |  0
|  72|0x0000000709000000, 0x0000000709200000, 0x0000000709200000|100%| O|  |TAMS 0x0000000709000000| PB 0x0000000709000000| Untracked |  0
|  73|0x0000000709200000, 0x0000000709400000, 0x0000000709400000|100%| O|  |TAMS 0x0000000709200000| PB 0x0000000709200000| Untracked |  0
|  74|0x0000000709400000, 0x0000000709426090, 0x0000000709600000|  7%| O|  |TAMS 0x0000000709400000| PB 0x0000000709400000| Untracked |  0
|  75|0x0000000709600000, 0x0000000709600000, 0x0000000709800000|  0%| F|  |TAMS 0x0000000709600000| PB 0x0000000709600000| Untracked |  0
|  76|0x0000000709800000, 0x0000000709800000, 0x0000000709a00000|  0%| F|  |TAMS 0x0000000709800000| PB 0x0000000709800000| Untracked |  0
|  77|0x0000000709a00000, 0x0000000709a00000, 0x0000000709c00000|  0%| F|  |TAMS 0x0000000709a00000| PB 0x0000000709a00000| Untracked |  0
|  78|0x0000000709c00000, 0x0000000709c00000, 0x0000000709e00000|  0%| F|  |TAMS 0x0000000709c00000| PB 0x0000000709c00000| Untracked |  0
|  79|0x0000000709e00000, 0x0000000709e00000, 0x000000070a000000|  0%| F|  |TAMS 0x0000000709e00000| PB 0x0000000709e00000| Untracked |  0
|  80|0x000000070a000000, 0x000000070a000000, 0x000000070a200000|  0%| F|  |TAMS 0x000000070a000000| PB 0x000000070a000000| Untracked |  0
|  81|0x000000070a200000, 0x000000070a200000, 0x000000070a400000|  0%| F|  |TAMS 0x000000070a200000| PB 0x000000070a200000| Untracked |  0
|  82|0x000000070a400000, 0x000000070a400000, 0x000000070a600000|  0%| F|  |TAMS 0x000000070a400000| PB 0x000000070a400000| Untracked |  0
|  83|0x000000070a600000, 0x000000070a600000, 0x000000070a800000|  0%| F|  |TAMS 0x000000070a600000| PB 0x000000070a600000| Untracked |  0
|  84|0x000000070a800000, 0x000000070a800000, 0x000000070aa00000|  0%| F|  |TAMS 0x000000070a800000| PB 0x000000070a800000| Untracked |  0
|  85|0x000000070aa00000, 0x000000070aa00000, 0x000000070ac00000|  0%| F|  |TAMS 0x000000070aa00000| PB 0x000000070aa00000| Untracked |  0
|  86|0x000000070ac00000, 0x000000070ac00000, 0x000000070ae00000|  0%| F|  |TAMS 0x000000070ac00000| PB 0x000000070ac00000| Untracked |  0
|  87|0x000000070ae00000, 0x000000070ae00000, 0x000000070b000000|  0%| F|  |TAMS 0x000000070ae00000| PB 0x000000070ae00000| Untracked |  0
|  88|0x000000070b000000, 0x000000070b000000, 0x000000070b200000|  0%| F|  |TAMS 0x000000070b000000| PB 0x000000070b000000| Untracked |  0
|  89|0x000000070b200000, 0x000000070b200000, 0x000000070b400000|  0%| F|  |TAMS 0x000000070b200000| PB 0x000000070b200000| Untracked |  0
|  90|0x000000070b400000, 0x000000070b400000, 0x000000070b600000|  0%| F|  |TAMS 0x000000070b400000| PB 0x000000070b400000| Untracked |  0
|  91|0x000000070b600000, 0x000000070b600000, 0x000000070b800000|  0%| F|  |TAMS 0x000000070b600000| PB 0x000000070b600000| Untracked |  0
|  92|0x000000070b800000, 0x000000070b800000, 0x000000070ba00000|  0%| F|  |TAMS 0x000000070b800000| PB 0x000000070b800000| Untracked |  0
|  93|0x000000070ba00000, 0x000000070ba00000, 0x000000070bc00000|  0%| F|  |TAMS 0x000000070ba00000| PB 0x000000070ba00000| Untracked |  0
|  94|0x000000070bc00000, 0x000000070bc00000, 0x000000070be00000|  0%| F|  |TAMS 0x000000070bc00000| PB 0x000000070bc00000| Untracked |  0
|  95|0x000000070be00000, 0x000000070be00000, 0x000000070c000000|  0%| F|  |TAMS 0x000000070be00000| PB 0x000000070be00000| Untracked |  0
|  96|0x000000070c000000, 0x000000070c000000, 0x000000070c200000|  0%| F|  |TAMS 0x000000070c000000| PB 0x000000070c000000| Untracked |  0
|  97|0x000000070c200000, 0x000000070c200000, 0x000000070c400000|  0%| F|  |TAMS 0x000000070c200000| PB 0x000000070c200000| Untracked |  0
|  98|0x000000070c400000, 0x000000070c400000, 0x000000070c600000|  0%| F|  |TAMS 0x000000070c400000| PB 0x000000070c400000| Untracked |  0
|  99|0x000000070c600000, 0x000000070c600000, 0x000000070c800000|  0%| F|  |TAMS 0x000000070c600000| PB 0x000000070c600000| Untracked |  0
| 100|0x000000070c800000, 0x000000070c800000, 0x000000070ca00000|  0%| F|  |TAMS 0x000000070c800000| PB 0x000000070c800000| Untracked |  0
| 101|0x000000070ca00000, 0x000000070ca00000, 0x000000070cc00000|  0%| F|  |TAMS 0x000000070ca00000| PB 0x000000070ca00000| Untracked |  0
| 102|0x000000070cc00000, 0x000000070ce00000, 0x000000070ce00000|100%| S|CS|TAMS 0x000000070cc00000| PB 0x000000070cc00000| Complete |  0
| 103|0x000000070ce00000, 0x000000070d000000, 0x000000070d000000|100%| S|CS|TAMS 0x000000070ce00000| PB 0x000000070ce00000| Complete |  0
| 104|0x000000070d000000, 0x000000070d200000, 0x000000070d200000|100%| S|CS|TAMS 0x000000070d000000| PB 0x000000070d000000| Complete |  0
| 105|0x000000070d200000, 0x000000070d400000, 0x000000070d400000|100%| S|CS|TAMS 0x000000070d200000| PB 0x000000070d200000| Complete |  0
| 106|0x000000070d400000, 0x000000070d600000, 0x000000070d600000|100%| S|CS|TAMS 0x000000070d400000| PB 0x000000070d400000| Complete |  0
| 107|0x000000070d600000, 0x000000070d600000, 0x000000070d800000|  0%| F|  |TAMS 0x000000070d600000| PB 0x000000070d600000| Untracked |  0
| 108|0x000000070d800000, 0x000000070d800000, 0x000000070da00000|  0%| F|  |TAMS 0x000000070d800000| PB 0x000000070d800000| Untracked |  0
| 109|0x000000070da00000, 0x000000070da00000, 0x000000070dc00000|  0%| F|  |TAMS 0x000000070da00000| PB 0x000000070da00000| Untracked |  0
| 110|0x000000070dc00000, 0x000000070dc00000, 0x000000070de00000|  0%| F|  |TAMS 0x000000070dc00000| PB 0x000000070dc00000| Untracked |  0
| 111|0x000000070de00000, 0x000000070de00000, 0x000000070e000000|  0%| F|  |TAMS 0x000000070de00000| PB 0x000000070de00000| Untracked |  0
| 112|0x000000070e000000, 0x000000070e000000, 0x000000070e200000|  0%| F|  |TAMS 0x000000070e000000| PB 0x000000070e000000| Untracked |  0
| 113|0x000000070e200000, 0x000000070e200000, 0x000000070e400000|  0%| F|  |TAMS 0x000000070e200000| PB 0x000000070e200000| Untracked |  0
| 114|0x000000070e400000, 0x000000070e400000, 0x000000070e600000|  0%| F|  |TAMS 0x000000070e400000| PB 0x000000070e400000| Untracked |  0
| 115|0x000000070e600000, 0x000000070e600000, 0x000000070e800000|  0%| F|  |TAMS 0x000000070e600000| PB 0x000000070e600000| Untracked |  0
| 116|0x000000070e800000, 0x000000070e800000, 0x000000070ea00000|  0%| F|  |TAMS 0x000000070e800000| PB 0x000000070e800000| Untracked |  0
| 117|0x000000070ea00000, 0x000000070ea00000, 0x000000070ec00000|  0%| F|  |TAMS 0x000000070ea00000| PB 0x000000070ea00000| Untracked |  0
| 118|0x000000070ec00000, 0x000000070ec00000, 0x000000070ee00000|  0%| F|  |TAMS 0x000000070ec00000| PB 0x000000070ec00000| Untracked |  0
| 119|0x000000070ee00000, 0x000000070ee00000, 0x000000070f000000|  0%| F|  |TAMS 0x000000070ee00000| PB 0x000000070ee00000| Untracked |  0
| 120|0x000000070f000000, 0x000000070f000000, 0x000000070f200000|  0%| F|  |TAMS 0x000000070f000000| PB 0x000000070f000000| Untracked |  0
| 121|0x000000070f200000, 0x000000070f200000, 0x000000070f400000|  0%| F|  |TAMS 0x000000070f200000| PB 0x000000070f200000| Untracked |  0
| 122|0x000000070f400000, 0x000000070f400000, 0x000000070f600000|  0%| F|  |TAMS 0x000000070f400000| PB 0x000000070f400000| Untracked |  0
| 123|0x000000070f600000, 0x000000070f600000, 0x000000070f800000|  0%| F|  |TAMS 0x000000070f600000| PB 0x000000070f600000| Untracked |  0
| 124|0x000000070f800000, 0x000000070f800000, 0x000000070fa00000|  0%| F|  |TAMS 0x000000070f800000| PB 0x000000070f800000| Untracked |  0
| 125|0x000000070fa00000, 0x000000070fa00000, 0x000000070fc00000|  0%| F|  |TAMS 0x000000070fa00000| PB 0x000000070fa00000| Untracked |  0
| 126|0x000000070fc00000, 0x000000070fc00000, 0x000000070fe00000|  0%| F|  |TAMS 0x000000070fc00000| PB 0x000000070fc00000| Untracked |  0
| 127|0x000000070fe00000, 0x000000070fe00000, 0x0000000710000000|  0%| F|  |TAMS 0x000000070fe00000| PB 0x000000070fe00000| Untracked |  0
| 128|0x0000000710000000, 0x0000000710000000, 0x0000000710200000|  0%| F|  |TAMS 0x0000000710000000| PB 0x0000000710000000| Untracked |  0
| 129|0x0000000710200000, 0x0000000710400000, 0x0000000710400000|100%| E|  |TAMS 0x0000000710200000| PB 0x0000000710200000| Complete |  0
| 130|0x0000000710400000, 0x0000000710600000, 0x0000000710600000|100%| E|CS|TAMS 0x0000000710400000| PB 0x0000000710400000| Complete |  0
| 131|0x0000000710600000, 0x0000000710800000, 0x0000000710800000|100%| E|CS|TAMS 0x0000000710600000| PB 0x0000000710600000| Complete |  0
| 132|0x0000000710800000, 0x0000000710a00000, 0x0000000710a00000|100%| E|CS|TAMS 0x0000000710800000| PB 0x0000000710800000| Complete |  0
| 133|0x0000000710a00000, 0x0000000710c00000, 0x0000000710c00000|100%| E|CS|TAMS 0x0000000710a00000| PB 0x0000000710a00000| Complete |  0
| 134|0x0000000710c00000, 0x0000000710e00000, 0x0000000710e00000|100%| E|CS|TAMS 0x0000000710c00000| PB 0x0000000710c00000| Complete |  0
| 135|0x0000000710e00000, 0x0000000711000000, 0x0000000711000000|100%| E|CS|TAMS 0x0000000710e00000| PB 0x0000000710e00000| Complete |  0
| 136|0x0000000711000000, 0x0000000711200000, 0x0000000711200000|100%| E|CS|TAMS 0x0000000711000000| PB 0x0000000711000000| Complete |  0
| 137|0x0000000711200000, 0x0000000711400000, 0x0000000711400000|100%| E|CS|TAMS 0x0000000711200000| PB 0x0000000711200000| Complete |  0
|2032|0x00000007fe000000, 0x00000007fe200000, 0x00000007fe200000|100%| O|  |TAMS 0x00000007fe000000| PB 0x00000007fe000000| Untracked |  0
|2033|0x00000007fe200000, 0x00000007fe400000, 0x00000007fe400000|100%| O|  |TAMS 0x00000007fe200000| PB 0x00000007fe200000| Untracked |  0
|2034|0x00000007fe400000, 0x00000007fe600000, 0x00000007fe600000|100%| O|  |TAMS 0x00000007fe400000| PB 0x00000007fe400000| Untracked |  0
|2035|0x00000007fe600000, 0x00000007fe800000, 0x00000007fe800000|100%| O|  |TAMS 0x00000007fe600000| PB 0x00000007fe600000| Untracked |  0
|2036|0x00000007fe800000, 0x00000007fea00000, 0x00000007fea00000|100%| O|  |TAMS 0x00000007fe800000| PB 0x00000007fe800000| Untracked |  0
|2037|0x00000007fea00000, 0x00000007fec00000, 0x00000007fec00000|100%| O|  |TAMS 0x00000007fea00000| PB 0x00000007fea00000| Untracked |  0
|2038|0x00000007fec00000, 0x00000007fee00000, 0x00000007fee00000|100%| O|  |TAMS 0x00000007fec00000| PB 0x00000007fec00000| Untracked |  0
|2039|0x00000007fee00000, 0x00000007ff000000, 0x00000007ff000000|100%| O|  |TAMS 0x00000007fee00000| PB 0x00000007fee00000| Untracked |  0
|2040|0x00000007ff000000, 0x00000007ff200000, 0x00000007ff200000|100%| E|CS|TAMS 0x00000007ff000000| PB 0x00000007ff000000| Complete |  0
|2041|0x00000007ff200000, 0x00000007ff400000, 0x00000007ff400000|100%| O|  |TAMS 0x00000007ff200000| PB 0x00000007ff200000| Untracked |  0
|2042|0x00000007ff400000, 0x00000007ff600000, 0x00000007ff600000|100%| O|  |TAMS 0x00000007ff400000| PB 0x00000007ff400000| Untracked |  0
|2043|0x00000007ff600000, 0x00000007ff800000, 0x00000007ff800000|100%| O|  |TAMS 0x00000007ff600000| PB 0x00000007ff600000| Untracked |  0
|2044|0x00000007ff800000, 0x00000007ffa00000, 0x00000007ffa00000|100%| O|  |TAMS 0x00000007ff800000| PB 0x00000007ff800000| Untracked |  0
|2045|0x00000007ffa00000, 0x00000007ffc00000, 0x00000007ffc00000|100%| O|  |TAMS 0x00000007ffa00000| PB 0x00000007ffa00000| Untracked |  0
|2046|0x00000007ffc00000, 0x00000007ffe00000, 0x00000007ffe00000|100%| O|  |TAMS 0x00000007ffc00000| PB 0x00000007ffc00000| Untracked |  0
|2047|0x00000007ffe00000, 0x00000007fff040c0, 0x0000000800000000| 50%| O|  |TAMS 0x00000007ffe00000| PB 0x00000007ffe00000| Untracked |  0

Card table byte_map: [0x0000000103e4a000,0x000000010464a000] _byte_map_base: 0x000000010064a000

Marking Bits: (CMBitMap*) 0x00007fc7d3008210
 Bits: [0x000000011cee2000, 0x0000000120ee2000)

Polling page: 0x0000000103384000

Metaspace:

Usage:
  Non-class:     84.98 MB used.
      Class:     14.38 MB used.
       Both:     99.36 MB used.

Virtual space:
  Non-class space:      128.00 MB reserved,      86.19 MB ( 67%) committed,  2 nodes.
      Class space:        1.00 GB reserved,      15.56 MB (  2%) committed,  1 nodes.
             Both:        1.12 GB reserved,     101.75 MB (  9%) committed. 

Chunk freelists:
   Non-Class:  9.64 MB
       Class:  496.00 KB
        Both:  10.12 MB

MaxMetaspaceSize: unlimited
CompressedClassSpaceSize: 1.00 GB
Initial GC threshold: 21.00 MB
Current GC threshold: 166.19 MB
CDS: on
 - commit_granule_bytes: 65536.
 - commit_granule_words: 8192.
 - virtual_space_node_default_size: 8388608.
 - enlarge_chunks_in_place: 1.
 - use_allocation_guard: 0.


Internal statistics:

num_allocs_failed_limit: 6.
num_arena_births: 4026.
num_arena_deaths: 0.
num_vsnodes_births: 3.
num_vsnodes_deaths: 0.
num_space_committed: 1628.
num_space_uncommitted: 0.
num_chunks_returned_to_freelist: 6.
num_chunks_taken_from_freelist: 8468.
num_chunk_merges: 6.
num_chunk_splits: 5664.
num_chunks_enlarged: 3756.
num_inconsistent_stats: 0.

CodeHeap 'non-profiled nmethods': size=119168Kb used=6125Kb max_used=6125Kb free=113042Kb
 bounds [0x0000000115a82000, 0x0000000116082000, 0x000000011cee2000]
CodeHeap 'profiled nmethods': size=119164Kb used=24202Kb max_used=24202Kb free=94962Kb
 bounds [0x000000010dee2000, 0x000000010f692000, 0x0000000115341000]
CodeHeap 'non-nmethods': size=7428Kb used=2869Kb max_used=2960Kb free=4558Kb
 bounds [0x0000000115341000, 0x0000000115641000, 0x0000000115a82000]
 total_blobs=13608 nmethods=12615 adapters=896
 compilation: enabled
              stopped_count=0, restarted_count=0
 full_count=0

Compilation events (20 events):
Event: 12.316 Thread 0x00007fc7d680c400 nmethod 14059 0x000000010f66b890 code [0x000000010f66bd00, 0x000000010f66dfb8]
Event: 12.316 Thread 0x00007fc7d680c400 14060       3       org.gradle.api.tasks.util.PatternSet::getIncludeSpecsView (8 bytes)
Event: 12.316 Thread 0x00007fc7d680c400 nmethod 14060 0x000000010f66ea90 code [0x000000010f66ec80, 0x000000010f66f2d8]
Event: 12.316 Thread 0x00007fc7d680c400 14061       3       org.gradle.api.tasks.util.PatternSet::getIncludesView (8 bytes)
Event: 12.316 Thread 0x00007fc7d680c400 nmethod 14061 0x000000010f66f510 code [0x000000010f66f700, 0x000000010f66fd58]
Event: 12.316 Thread 0x00007fc7d680c400 14062       3       org.gradle.api.tasks.util.PatternSet::getExcludeSpecsView (8 bytes)
Event: 12.317 Thread 0x00007fc7d680c400 nmethod 14062 0x000000010f66ff90 code [0x000000010f670180, 0x000000010f6707d8]
Event: 12.317 Thread 0x00007fc7d680c400 14063       3       org.gradle.api.tasks.util.PatternSet::getExcludesView (8 bytes)
Event: 12.317 Thread 0x00007fc7d680c400 nmethod 14063 0x000000010f670a10 code [0x000000010f670c00, 0x000000010f671258]
Event: 12.317 Thread 0x00007fc7d680c400 14064       1       com.android.build.gradle.internal.core.dsl.impl.ComponentDslInfoImpl::getComponentIdentity (5 bytes)
Event: 12.317 Thread 0x00007fc7d680c400 nmethod 14064 0x000000011607a290 code [0x000000011607a420, 0x000000011607a4e8]
Event: 12.317 Thread 0x00007fc7d680c400 14065       1       com.android.build.gradle.internal.core.dsl.impl.ComponentDslInfoImpl::getServices (5 bytes)
Event: 12.317 Thread 0x00007fc7d680c400 nmethod 14065 0x000000011607a590 code [0x000000011607a720, 0x000000011607a7e8]
Event: 12.317 Thread 0x00007fc7d680c400 14066       1       com.android.builder.internal.BaseConfigImpl::getVersionNameSuffix (5 bytes)
Event: 12.317 Thread 0x00007fc7d680c400 nmethod 14066 0x000000011607a890 code [0x000000011607aa20, 0x000000011607aae8]
Event: 12.319 Thread 0x00007fc7d680c400 14067       3       org.gradle.api.internal.provider.DefaultMapProperty::calculateValueFrom (11 bytes)
Event: 12.319 Thread 0x00007fc7d680c400 nmethod 14067 0x000000010f671490 code [0x000000010f671640, 0x000000010f671970]
Event: 12.319 Thread 0x00007fc7d680c400 14068       3       org.gradle.api.internal.provider.DefaultMapProperty::calculateValueFrom (8 bytes)
Event: 12.319 Thread 0x00007fc7d680c400 nmethod 14068 0x000000010f671a90 code [0x000000010f671c20, 0x000000010f671df8]
Event: 12.319 Thread 0x00007fc7d680c400 14069       3       org.gradle.api.internal.provider.DefaultMapProperty$CollectingSupplier::calculateValue (60 bytes)

GC Heap History (20 events):
Event: 8.316 GC heap before
{Heap before GC invocations=23 (full 0):
 garbage-first heap   total reserved 4194304K, committed 223232K, used 195564K [0x0000000700000000, 0x0000000800000000)
  region size 2048K, 36 young (73728K), 6 survivors (12288K)
 Metaspace       used 74064K, committed 76160K, reserved 1114112K
  class space    used 10848K, committed 11840K, reserved 1048576K
}
Event: 8.321 GC heap after
{Heap after GC invocations=24 (full 0):
 garbage-first heap   total reserved 4194304K, committed 223232K, used 138019K [0x0000000700000000, 0x0000000800000000)
  region size 2048K, 3 young (6144K), 3 survivors (6144K)
 Metaspace       used 74064K, committed 76160K, reserved 1114112K
  class space    used 10848K, committed 11840K, reserved 1048576K
}
Event: 8.395 GC heap before
{Heap before GC invocations=24 (full 0):
 garbage-first heap   total reserved 4194304K, committed 223232K, used 172835K [0x0000000700000000, 0x0000000800000000)
  region size 2048K, 22 young (45056K), 3 survivors (6144K)
 Metaspace       used 74084K, committed 76160K, reserved 1114112K
  class space    used 10849K, committed 11840K, reserved 1048576K
}
Event: 8.397 GC heap after
{Heap after GC invocations=25 (full 0):
 garbage-first heap   total reserved 4194304K, committed 280576K, used 139968K [0x0000000700000000, 0x0000000800000000)
  region size 2048K, 3 young (6144K), 3 survivors (6144K)
 Metaspace       used 74084K, committed 76160K, reserved 1114112K
  class space    used 10849K, committed 11840K, reserved 1048576K
}
Event: 8.526 GC heap before
{Heap before GC invocations=25 (full 0):
 garbage-first heap   total reserved 4194304K, committed 280576K, used 154304K [0x0000000700000000, 0x0000000800000000)
  region size 2048K, 9 young (18432K), 3 survivors (6144K)
 Metaspace       used 74123K, committed 76224K, reserved 1114112K
  class space    used 10856K, committed 11840K, reserved 1048576K
}
Event: 8.533 GC heap after
{Heap after GC invocations=26 (full 0):
 garbage-first heap   total reserved 4194304K, committed 280576K, used 153320K [0x0000000700000000, 0x0000000800000000)
  region size 2048K, 7 young (14336K), 7 survivors (14336K)
 Metaspace       used 74123K, committed 76224K, reserved 1114112K
  class space    used 10856K, committed 11840K, reserved 1048576K
}
Event: 9.123 GC heap before
{Heap before GC invocations=26 (full 0):
 garbage-first heap   total reserved 4194304K, committed 280576K, used 212712K [0x0000000700000000, 0x0000000800000000)
  region size 2048K, 36 young (73728K), 7 survivors (14336K)
 Metaspace       used 79244K, committed 81408K, reserved 1179648K
  class space    used 11445K, committed 12480K, reserved 1048576K
}
Event: 9.126 GC heap after
{Heap after GC invocations=27 (full 0):
 garbage-first heap   total reserved 4194304K, committed 280576K, used 160592K [0x0000000700000000, 0x0000000800000000)
  region size 2048K, 3 young (6144K), 3 survivors (6144K)
 Metaspace       used 79244K, committed 81408K, reserved 1179648K
  class space    used 11445K, committed 12480K, reserved 1048576K
}
Event: 9.657 GC heap before
{Heap before GC invocations=27 (full 0):
 garbage-first heap   total reserved 4194304K, committed 280576K, used 219984K [0x0000000700000000, 0x0000000800000000)
  region size 2048K, 33 young (67584K), 3 survivors (6144K)
 Metaspace       used 83638K, committed 85824K, reserved 1179648K
  class space    used 11993K, committed 13056K, reserved 1048576K
}
Event: 9.660 GC heap after
{Heap after GC invocations=28 (full 0):
 garbage-first heap   total reserved 4194304K, committed 280576K, used 165813K [0x0000000700000000, 0x0000000800000000)
  region size 2048K, 5 young (10240K), 5 survivors (10240K)
 Metaspace       used 83638K, committed 85824K, reserved 1179648K
  class space    used 11993K, committed 13056K, reserved 1048576K
}
Event: 10.196 GC heap before
{Heap before GC invocations=28 (full 0):
 garbage-first heap   total reserved 4194304K, committed 280576K, used 227253K [0x0000000700000000, 0x0000000800000000)
  region size 2048K, 36 young (73728K), 5 survivors (10240K)
 Metaspace       used 88477K, committed 90688K, reserved 1179648K
  class space    used 12655K, committed 13696K, reserved 1048576K
}
Event: 10.200 GC heap after
{Heap after GC invocations=29 (full 0):
 garbage-first heap   total reserved 4194304K, committed 280576K, used 168212K [0x0000000700000000, 0x0000000800000000)
  region size 2048K, 2 young (4096K), 2 survivors (4096K)
 Metaspace       used 88477K, committed 90688K, reserved 1179648K
  class space    used 12655K, committed 13696K, reserved 1048576K
}
Event: 10.687 GC heap before
{Heap before GC invocations=29 (full 0):
 garbage-first heap   total reserved 4194304K, committed 280576K, used 237844K [0x0000000700000000, 0x0000000800000000)
  region size 2048K, 34 young (69632K), 2 survivors (4096K)
 Metaspace       used 91148K, committed 93376K, reserved 1179648K
  class space    used 13028K, committed 14080K, reserved 1048576K
}
Event: 10.690 GC heap after
{Heap after GC invocations=30 (full 0):
 garbage-first heap   total reserved 4194304K, committed 280576K, used 178447K [0x0000000700000000, 0x0000000800000000)
  region size 2048K, 5 young (10240K), 5 survivors (10240K)
 Metaspace       used 91148K, committed 93376K, reserved 1179648K
  class space    used 13028K, committed 14080K, reserved 1048576K
}
Event: 11.220 GC heap before
{Heap before GC invocations=30 (full 0):
 garbage-first heap   total reserved 4194304K, committed 280576K, used 239887K [0x0000000700000000, 0x0000000800000000)
  region size 2048K, 36 young (73728K), 5 survivors (10240K)
 Metaspace       used 95629K, committed 97920K, reserved 1179648K
  class space    used 13797K, committed 14912K, reserved 1048576K
}
Event: 11.224 GC heap after
{Heap after GC invocations=31 (full 0):
 garbage-first heap   total reserved 4194304K, committed 280576K, used 181187K [0x0000000700000000, 0x0000000800000000)
  region size 2048K, 2 young (4096K), 2 survivors (4096K)
 Metaspace       used 95629K, committed 97920K, reserved 1179648K
  class space    used 13797K, committed 14912K, reserved 1048576K
}
Event: 11.732 GC heap before
{Heap before GC invocations=31 (full 0):
 garbage-first heap   total reserved 4194304K, committed 280576K, used 246723K [0x0000000700000000, 0x0000000800000000)
  region size 2048K, 34 young (69632K), 2 survivors (4096K)
 Metaspace       used 99651K, committed 102080K, reserved 1179648K
  class space    used 14422K, committed 15552K, reserved 1048576K
}
Event: 11.737 GC heap after
{Heap after GC invocations=32 (full 0):
 garbage-first heap   total reserved 4194304K, committed 280576K, used 186097K [0x0000000700000000, 0x0000000800000000)
  region size 2048K, 4 young (8192K), 4 survivors (8192K)
 Metaspace       used 99651K, committed 102080K, reserved 1179648K
  class space    used 14422K, committed 15552K, reserved 1048576K
}
Event: 12.184 GC heap before
{Heap before GC invocations=33 (full 0):
 garbage-first heap   total reserved 4194304K, committed 315392K, used 251633K [0x0000000700000000, 0x0000000800000000)
  region size 2048K, 36 young (73728K), 4 survivors (8192K)
 Metaspace       used 101238K, committed 103552K, reserved 1179648K
  class space    used 14643K, committed 15744K, reserved 1048576K
}
Event: 12.190 GC heap after
{Heap after GC invocations=34 (full 0):
 garbage-first heap   total reserved 4194304K, committed 315392K, used 191656K [0x0000000700000000, 0x0000000800000000)
  region size 2048K, 5 young (10240K), 5 survivors (10240K)
 Metaspace       used 101238K, committed 103552K, reserved 1179648K
  class space    used 14643K, committed 15744K, reserved 1048576K
}

Dll operation events (13 events):
Event: 0.015 Loaded shared library /Users/harveyhe/Library/Java/JavaVirtualMachines/corretto-22.0.2/Contents/Home/lib/libjava.dylib
Event: 0.085 Loaded shared library /Users/harveyhe/Library/Java/JavaVirtualMachines/corretto-22.0.2/Contents/Home/lib/libzip.dylib
Event: 0.088 Loaded shared library /Users/harveyhe/Library/Java/JavaVirtualMachines/corretto-22.0.2/Contents/Home/lib/libinstrument.dylib
Event: 0.106 Loaded shared library /Users/harveyhe/Library/Java/JavaVirtualMachines/corretto-22.0.2/Contents/Home/lib/libnio.dylib
Event: 0.109 Loaded shared library /Users/harveyhe/Library/Java/JavaVirtualMachines/corretto-22.0.2/Contents/Home/lib/libzip.dylib
Event: 0.235 Loaded shared library /Users/harveyhe/Library/Java/JavaVirtualMachines/corretto-22.0.2/Contents/Home/lib/libjimage.dylib
Event: 0.302 Loaded shared library /Users/harveyhe/Library/Java/JavaVirtualMachines/corretto-22.0.2/Contents/Home/lib/libverify.dylib
Event: 0.387 Loaded shared library /Users/harveyhe/Library/Java/JavaVirtualMachines/corretto-22.0.2/Contents/Home/lib/libnet.dylib
Event: 0.390 Loaded shared library /Users/harveyhe/.gradle/native/c067742578af261105cb4f569cf0c3c89f3d7b1fecec35dd04571415982c5e48/osx-amd64/libnative-platform.dylib
Event: 0.398 Loaded shared library /Users/harveyhe/.gradle/native/100fb08df4bc3b14c8652ba06237920a3bd2aa13389f12d3474272988ae205f9/osx-amd64/libnative-platform-file-events.dylib
Event: 0.835 Loaded shared library /Users/harveyhe/Library/Java/JavaVirtualMachines/corretto-22.0.2/Contents/Home/lib/libmanagement.dylib
Event: 0.847 Loaded shared library /Users/harveyhe/Library/Java/JavaVirtualMachines/corretto-22.0.2/Contents/Home/lib/libmanagement_ext.dylib
Event: 1.003 Loaded shared library /Users/harveyhe/Library/Java/JavaVirtualMachines/corretto-22.0.2/Contents/Home/lib/libextnet.dylib

Deoptimization events (20 events):
Event: 12.250 Thread 0x00007fc7dd0c0e00 Uncommon trap: trap_request=0xffffff45 fr.pc=0x0000000115e65a1c relative=0x00000000000008bc
Event: 12.250 Thread 0x00007fc7dd0c0e00 Uncommon trap: reason=unstable_if action=reinterpret pc=0x0000000115e65a1c method=java.util.concurrent.ConcurrentHashMap.replaceNode(Ljava/lang/Object;Ljava/lang/Object;Ljava/lang/Object;)Ljava/lang/Object; @ 136 c2
Event: 12.250 Thread 0x00007fc7dd0c0e00 DEOPT PACKING pc=0x0000000115e65a1c sp=0x0000700003168740
Event: 12.250 Thread 0x00007fc7dd0c0e00 DEOPT UNPACKING pc=0x0000000115394f99 sp=0x00007000031686d8 mode 2
Event: 12.264 Thread 0x00007fc7d6b10400 Uncommon trap: trap_request=0xffffff45 fr.pc=0x0000000115f71cb4 relative=0x00000000000007b4
Event: 12.264 Thread 0x00007fc7d6b10400 Uncommon trap: reason=unstable_if action=reinterpret pc=0x0000000115f71cb4 method=org.apache.commons.io.FilenameUtils.doNormalize(Ljava/lang/String;CZ)Ljava/lang/String; @ 215 c2
Event: 12.264 Thread 0x00007fc7d6b10400 DEOPT PACKING pc=0x0000000115f71cb4 sp=0x00007000046fc900
Event: 12.264 Thread 0x00007fc7d6b10400 DEOPT UNPACKING pc=0x0000000115394f99 sp=0x00007000046fc8a8 mode 2
Event: 12.275 Thread 0x00007fc7d6b10400 DEOPT PACKING pc=0x000000010f64b32d sp=0x00007000046fb110
Event: 12.275 Thread 0x00007fc7d6b10400 DEOPT UNPACKING pc=0x000000011539572f sp=0x00007000046fa668 mode 0
Event: 12.275 Thread 0x00007fc7d6b10400 DEOPT PACKING pc=0x000000010f64b32d sp=0x00007000046fc120
Event: 12.275 Thread 0x00007fc7d6b10400 DEOPT UNPACKING pc=0x000000011539572f sp=0x00007000046fb678 mode 0
Event: 12.287 Thread 0x00007fc7d6b10400 DEOPT PACKING pc=0x000000010f64b32d sp=0x00007000046fba30
Event: 12.287 Thread 0x00007fc7d6b10400 DEOPT UNPACKING pc=0x000000011539572f sp=0x00007000046faf88 mode 0
Event: 12.290 Thread 0x00007fc7d6b10400 Uncommon trap: trap_request=0xffffff45 fr.pc=0x0000000116040d60 relative=0x0000000000008e20
Event: 12.290 Thread 0x00007fc7d6b10400 Uncommon trap: reason=unstable_if action=reinterpret pc=0x0000000116040d60 method=org.gradle.internal.instantiation.generator.AbstractClassGenerator$PropertyMetadata.addGetter(Lorg/gradle/internal/instantiation/generator/AbstractClassGenerator$MethodMetad
Event: 12.290 Thread 0x00007fc7d6b10400 DEOPT PACKING pc=0x0000000116040d60 sp=0x00007000046fc570
Event: 12.290 Thread 0x00007fc7d6b10400 DEOPT UNPACKING pc=0x0000000115394f99 sp=0x00007000046fc4b8 mode 2
Event: 12.302 Thread 0x00007fc7d6b10400 DEOPT PACKING pc=0x000000010f243120 sp=0x00007000046fc050
Event: 12.302 Thread 0x00007fc7d6b10400 DEOPT UNPACKING pc=0x000000011539572f sp=0x00007000046fb558 mode 0

Classes loaded (20 events):
Event: 12.232 Loading class java/lang/ProcessImpl$ProcessPipeOutputStream
Event: 12.232 Loading class java/lang/ProcessImpl$ProcessPipeOutputStream done
Event: 12.232 Loading class java/lang/ProcessImpl$ProcessPipeInputStream
Event: 12.232 Loading class java/lang/ProcessImpl$ProcessPipeInputStream done
Event: 12.232 Loading class java/lang/Process$PipeInputStream
Event: 12.232 Loading class java/lang/Process$PipeInputStream done
Event: 12.233 Loading class java/lang/ProcessHandleImpl$ExitCompletion
Event: 12.233 Loading class java/lang/ProcessHandleImpl$ExitCompletion done
Event: 12.233 Loading class java/lang/ProcessHandleImpl$1
Event: 12.233 Loading class java/lang/ProcessHandleImpl$1 done
Event: 12.234 Loading class java/util/concurrent/CompletableFuture$UniHandle
Event: 12.234 Loading class java/util/concurrent/CompletableFuture$UniCompletion
Event: 12.234 Loading class java/util/concurrent/CompletableFuture$UniCompletion done
Event: 12.234 Loading class java/util/concurrent/CompletableFuture$UniHandle done
Event: 12.235 Loading class jdk/internal/event/ProcessStartEvent
Event: 12.235 Loading class jdk/internal/event/ProcessStartEvent done
Event: 12.250 Loading class java/lang/ProcessBuilder$NullInputStream
Event: 12.250 Loading class java/lang/ProcessBuilder$NullInputStream done
Event: 12.250 Loading class java/lang/ProcessBuilder$NullOutputStream
Event: 12.250 Loading class java/lang/ProcessBuilder$NullOutputStream done

Classes unloaded (0 events):
No events

Classes redefined (0 events):
No events

Internal exceptions (20 events):
Event: 10.251 Thread 0x00007fc7d6b10400 Exception <a 'java/lang/ClassNotFoundException'{0x000000070fd56cd0}: org/jetbrains/kotlin/gradle/targets/js/npm/DefaultDevNpmDependencyExtensionCustomizer> (0x000000070fd56cd0) 
thrown [src/hotspot/share/classfile/systemDictionary.cpp, line 313]
Event: 10.252 Thread 0x00007fc7d6b10400 Exception <a 'java/lang/ClassNotFoundException'{0x000000070fd94c28}: org/jetbrains/kotlin/gradle/targets/js/npm/DefaultPeerNpmDependencyExtensionBeanInfo> (0x000000070fd94c28) 
thrown [src/hotspot/share/classfile/systemDictionary.cpp, line 313]
Event: 10.252 Thread 0x00007fc7d6b10400 Exception <a 'java/lang/ClassNotFoundException'{0x000000070fd9c8d8}: org/jetbrains/kotlin/gradle/targets/js/npm/DefaultPeerNpmDependencyExtensionCustomizer> (0x000000070fd9c8d8) 
thrown [src/hotspot/share/classfile/systemDictionary.cpp, line 313]
Event: 10.253 Thread 0x00007fc7d6b10400 Exception <a 'java/lang/ClassNotFoundException'{0x000000070fde3088}: org/jetbrains/kotlin/gradle/targets/js/npm/DefaultPeerNpmDependencyExtension$delegate$1BeanInfo> (0x000000070fde3088) 
thrown [src/hotspot/share/classfile/systemDictionary.cpp, line 313]
Event: 10.254 Thread 0x00007fc7d6b10400 Exception <a 'java/lang/ClassNotFoundException'{0x000000070fdeaeb0}: org/jetbrains/kotlin/gradle/targets/js/npm/DefaultPeerNpmDependencyExtension$delegate$1Customizer> (0x000000070fdeaeb0) 
thrown [src/hotspot/share/classfile/systemDictionary.cpp, line 313]
Event: 10.257 Thread 0x00007fc7d6b10400 Exception <a 'java/lang/NoSuchMethodError'{0x000000070ec704b0}: static Lorg/jetbrains/kotlin/gradle/plugin/internal/DefaultIdeaSyncDetector$createIdeaPropertiesEvaluator$1;.<clinit>()V> (0x000000070ec704b0) 
thrown [src/hotspot/share/prims/jni.cpp, line 1111]
Event: 10.552 Thread 0x00007fc7d6b10400 Exception <a 'java/lang/NoSuchMethodError'{0x000000070c082af8}: 'java.lang.Object java.lang.invoke.DirectMethodHandle$Holder.newInvokeSpecial(java.lang.Object, java.lang.Object, java.lang.Object, int, java.lang.Object)'> (0x000000070c082af8) 
thrown [src/hotspot/share/interpreter/linkResolver.cpp, line 774]
Event: 10.981 Thread 0x00007fc7d6b10400 Implicit null exception at 0x0000000115fe6158 to 0x0000000115fe651c
Event: 11.370 Thread 0x00007fc7d6b10400 Implicit null exception at 0x0000000115ec8418 to 0x0000000115ece4a4
Event: 11.593 Thread 0x00007fc7d6b10400 Exception <a 'java/lang/ClassNotFoundException'{0x000000070c227768}: com/android/build/gradle/internal/api/ApkVariantOutputImpl_DecoratedBeanInfo> (0x000000070c227768) 
thrown [src/hotspot/share/classfile/systemDictionary.cpp, line 313]
Event: 11.593 Thread 0x00007fc7d6b10400 Exception <a 'java/lang/ClassNotFoundException'{0x000000070c233870}: com/android/build/gradle/internal/api/ApkVariantOutputImplBeanInfo> (0x000000070c233870) 
thrown [src/hotspot/share/classfile/systemDictionary.cpp, line 313]
Event: 11.593 Thread 0x00007fc7d6b10400 Exception <a 'java/lang/ClassNotFoundException'{0x000000070c23fc38}: com/android/build/gradle/internal/api/BaseVariantOutputImplBeanInfo> (0x000000070c23fc38) 
thrown [src/hotspot/share/classfile/systemDictionary.cpp, line 313]
Event: 11.593 Thread 0x00007fc7d6b10400 Exception <a 'java/lang/ClassNotFoundException'{0x000000070c24bd28}: com/android/build/gradle/internal/api/BaseVariantOutputImplCustomizer> (0x000000070c24bd28) 
thrown [src/hotspot/share/classfile/systemDictionary.cpp, line 313]
Event: 11.594 Thread 0x00007fc7d6b10400 Exception <a 'java/lang/ClassNotFoundException'{0x000000070c26b0d8}: com/android/build/gradle/internal/api/ApkVariantOutputImplCustomizer> (0x000000070c26b0d8) 
thrown [src/hotspot/share/classfile/systemDictionary.cpp, line 313]
Event: 11.594 Thread 0x00007fc7d6b10400 Exception <a 'java/lang/ClassNotFoundException'{0x000000070c2857c8}: com/android/build/gradle/internal/api/ApkVariantOutputImpl_DecoratedCustomizer> (0x000000070c2857c8) 
thrown [src/hotspot/share/classfile/systemDictionary.cpp, line 313]
Event: 11.649 Thread 0x00007fc7d6b10400 Exception <a 'java/lang/ClassNotFoundException'{0x000000070bcdd288}: com/android/build/gradle/internal/api/ReadOnlyBuildTypeBeanInfo> (0x000000070bcdd288) 
thrown [src/hotspot/share/classfile/systemDictionary.cpp, line 313]
Event: 11.649 Thread 0x00007fc7d6b10400 Exception <a 'java/lang/ClassNotFoundException'{0x000000070bcea8c0}: com/android/build/gradle/internal/api/ReadOnlyBaseConfigBeanInfo> (0x000000070bcea8c0) 
thrown [src/hotspot/share/classfile/systemDictionary.cpp, line 313]
Event: 11.649 Thread 0x00007fc7d6b10400 Exception <a 'java/lang/ClassNotFoundException'{0x000000070bcf7f08}: com/android/build/gradle/internal/api/ReadOnlyBaseConfigCustomizer> (0x000000070bcf7f08) 
thrown [src/hotspot/share/classfile/systemDictionary.cpp, line 313]
Event: 11.649 Thread 0x00007fc7d6b10400 Exception <a 'java/lang/ClassNotFoundException'{0x000000070bd166e0}: com/android/build/gradle/internal/api/ReadOnlyBuildTypeCustomizer> (0x000000070bd166e0) 
thrown [src/hotspot/share/classfile/systemDictionary.cpp, line 313]
Event: 12.231 Thread 0x00007fc7d6b10400 Exception <a 'java/lang/NoSuchMethodError'{0x0000000710fa2310}: 'java.lang.Object java.lang.invoke.DirectMethodHandle$Holder.invokeStaticInit(java.lang.Object, long, java.lang.Object)'> (0x0000000710fa2310) 
thrown [src/hotspot/share/interpreter/linkResolver.cpp, line 774]

ZGC Phase Switch (0 events):
No events

VM Operations (20 events):
Event: 11.379 Executing VM operation: ICBufferFull
Event: 11.379 Executing VM operation: ICBufferFull done
Event: 11.385 Executing VM operation: HandshakeAllThreads (Deoptimize)
Event: 11.385 Executing VM operation: HandshakeAllThreads (Deoptimize) done
Event: 11.693 Executing VM operation: HandshakeAllThreads (Deoptimize)
Event: 11.693 Executing VM operation: HandshakeAllThreads (Deoptimize) done
Event: 11.727 Executing VM operation: HandshakeAllThreads (Deoptimize)
Event: 11.727 Executing VM operation: HandshakeAllThreads (Deoptimize) done
Event: 11.732 Executing VM operation: G1CollectForAllocation (G1 Evacuation Pause)
Event: 11.737 Executing VM operation: G1CollectForAllocation (G1 Evacuation Pause) done
Event: 11.782 Executing VM operation: G1PauseRemark
Event: 11.786 Executing VM operation: G1PauseRemark done
Event: 11.810 Executing VM operation: G1PauseCleanup
Event: 11.810 Executing VM operation: G1PauseCleanup done
Event: 12.105 Executing VM operation: ICBufferFull
Event: 12.105 Executing VM operation: ICBufferFull done
Event: 12.184 Executing VM operation: G1CollectForAllocation (G1 Evacuation Pause)
Event: 12.190 Executing VM operation: G1CollectForAllocation (G1 Evacuation Pause) done
Event: 12.233 Executing VM operation: HandshakeAllThreads (Deoptimize)
Event: 12.233 Executing VM operation: HandshakeAllThreads (Deoptimize) done

Memory protections (20 events):
Event: 7.605 Protecting memory [0x0000700011262000,0x0000700011266000] with protection modes 0
Event: 7.606 Protecting memory [0x0000700011365000,0x0000700011369000] with protection modes 0
Event: 7.606 Protecting memory [0x0000700011468000,0x000070001146c000] with protection modes 0
Event: 7.607 Protecting memory [0x000070001156b000,0x000070001156f000] with protection modes 0
Event: 7.607 Protecting memory [0x000070001166e000,0x0000700011672000] with protection modes 0
Event: 7.608 Protecting memory [0x0000700011771000,0x0000700011775000] with protection modes 0
Event: 7.683 Protecting memory [0x0000700011874000,0x0000700011878000] with protection modes 0
Event: 7.683 Protecting memory [0x0000700011977000,0x000070001197b000] with protection modes 0
Event: 7.684 Protecting memory [0x0000700011a7a000,0x0000700011a7e000] with protection modes 0
Event: 7.684 Protecting memory [0x0000700011b7d000,0x0000700011b81000] with protection modes 0
Event: 7.684 Protecting memory [0x0000700011c80000,0x0000700011c84000] with protection modes 0
Event: 7.684 Protecting memory [0x0000700011d83000,0x0000700011d87000] with protection modes 0
Event: 7.685 Protecting memory [0x0000700011e86000,0x0000700011e8a000] with protection modes 0
Event: 7.685 Protecting memory [0x0000700011f89000,0x0000700011f8d000] with protection modes 0
Event: 7.685 Protecting memory [0x000070001208c000,0x0000700012090000] with protection modes 0
Event: 7.685 Protecting memory [0x000070001218f000,0x0000700012193000] with protection modes 0
Event: 7.686 Protecting memory [0x0000700012292000,0x0000700012296000] with protection modes 0
Event: 7.686 Protecting memory [0x0000700012395000,0x0000700012399000] with protection modes 0
Event: 9.958 Protecting memory [0x0000700012498000,0x000070001249c000] with protection modes 0
Event: 12.234 Protecting memory [0x0000700003145000,0x0000700003149000] with protection modes 0

Nmethod flushes (20 events):
Event: 11.785 Thread 0x00007fc7d1c07460 flushing  nmethod 0x000000010ebd2810
Event: 11.785 Thread 0x00007fc7d1c07460 flushing  nmethod 0x000000010edd7090
Event: 11.785 Thread 0x00007fc7d1c07460 flushing  nmethod 0x000000010edd8f90
Event: 11.785 Thread 0x00007fc7d1c07460 flushing  nmethod 0x000000010df6e290
Event: 11.785 Thread 0x00007fc7d1c07460 flushing  nmethod 0x000000010e074d10
Event: 11.785 Thread 0x00007fc7d1c07460 flushing  nmethod 0x000000010e120590
Event: 11.785 Thread 0x00007fc7d1c07460 flushing  nmethod 0x000000010e451390
Event: 11.785 Thread 0x00007fc7d1c07460 flushing  nmethod 0x000000010e4cc610
Event: 11.785 Thread 0x00007fc7d1c07460 flushing  nmethod 0x000000010e58c890
Event: 11.785 Thread 0x00007fc7d1c07460 flushing  nmethod 0x000000010e603610
Event: 11.785 Thread 0x00007fc7d1c07460 flushing  nmethod 0x000000010e68d990
Event: 11.785 Thread 0x00007fc7d1c07460 flushing  nmethod 0x000000010e789f90
Event: 11.785 Thread 0x00007fc7d1c07460 flushing  nmethod 0x000000010e83c090
Event: 11.785 Thread 0x00007fc7d1c07460 flushing  nmethod 0x000000010e9bee10
Event: 11.785 Thread 0x00007fc7d1c07460 flushing  nmethod 0x000000010e9c1490
Event: 11.785 Thread 0x00007fc7d1c07460 flushing  nmethod 0x000000010ee05b90
Event: 11.785 Thread 0x00007fc7d1c07460 flushing  nmethod 0x000000010ee06f90
Event: 11.785 Thread 0x00007fc7d1c07460 flushing  nmethod 0x000000010ee07e90
Event: 11.785 Thread 0x00007fc7d1c07460 flushing  nmethod 0x000000010ee08510
Event: 11.785 Thread 0x00007fc7d1c07460 flushing  nmethod 0x000000010efbc190

Events (20 events):
Event: 7.605 Thread 0x00007fc7d6b10400 Thread added: 0x00007fc7d290f200
Event: 7.606 Thread 0x00007fc7d6b10400 Thread added: 0x00007fc7d7b9d200
Event: 7.606 Thread 0x00007fc7d6b10400 Thread added: 0x00007fc7d6409600
Event: 7.607 Thread 0x00007fc7d6b10400 Thread added: 0x00007fc7d7d78200
Event: 7.607 Thread 0x00007fc7d6b10400 Thread added: 0x00007fc7d358c600
Event: 7.608 Thread 0x00007fc7d6b10400 Thread added: 0x00007fc7d358de00
Event: 7.683 Thread 0x00007fc7d6b10400 Thread added: 0x00007fc7d358b600
Event: 7.683 Thread 0x00007fc7d6b10400 Thread added: 0x00007fc7d5e11600
Event: 7.684 Thread 0x00007fc7d6b10400 Thread added: 0x00007fc7d5889a00
Event: 7.684 Thread 0x00007fc7d6b10400 Thread added: 0x00007fc7d5d9e400
Event: 7.684 Thread 0x00007fc7d6b10400 Thread added: 0x00007fc7dd312c00
Event: 7.684 Thread 0x00007fc7d6b10400 Thread added: 0x00007fc7dd313c00
Event: 7.685 Thread 0x00007fc7d6b10400 Thread added: 0x00007fc7dd313400
Event: 7.685 Thread 0x00007fc7d6b10400 Thread added: 0x00007fc7d3593800
Event: 7.685 Thread 0x00007fc7d6b10400 Thread added: 0x00007fc7d5d9f400
Event: 7.685 Thread 0x00007fc7d6b10400 Thread added: 0x00007fc7d6629400
Event: 7.686 Thread 0x00007fc7d6b10400 Thread added: 0x00007fc7d7017a00
Event: 7.686 Thread 0x00007fc7d6b10400 Thread added: 0x00007fc7d291ba00
Event: 9.958 Thread 0x00007fc7d6b10400 Thread added: 0x00007fc7d5eb8c00
Event: 12.234 Thread 0x00007fc7d6b10400 Thread added: 0x00007fc7dd0c0e00


Dynamic libraries:
0x0000000103353000 	/Users/harveyhe/Library/Java/JavaVirtualMachines/corretto-22.0.2/Contents/Home/lib/libjli.dylib
0x00007ff82827c000 	/usr/lib/libz.1.dylib
0x00007ff828367000 	/usr/lib/libSystem.B.dylib
0x00007ff828361000 	/usr/lib/system/libcache.dylib
0x00007ff82831a000 	/usr/lib/system/libcommonCrypto.dylib
0x00007ff828344000 	/usr/lib/system/libcompiler_rt.dylib
0x00007ff828338000 	/usr/lib/system/libcopyfile.dylib
0x00007ff819c72000 	/usr/lib/system/libcorecrypto.dylib
0x00007ff819d6f000 	/usr/lib/system/libdispatch.dylib
0x00007ff819f22000 	/usr/lib/system/libdyld.dylib
0x00007ff828357000 	/usr/lib/system/libkeymgr.dylib
0x00007ff8282ff000 	/usr/lib/system/libmacho.dylib
0x00007ff827639000 	/usr/lib/system/libquarantine.dylib
0x00007ff828354000 	/usr/lib/system/libremovefile.dylib
0x00007ff81fa9b000 	/usr/lib/system/libsystem_asl.dylib
0x00007ff819c0c000 	/usr/lib/system/libsystem_blocks.dylib
0x00007ff819dba000 	/usr/lib/system/libsystem_c.dylib
0x00007ff82834c000 	/usr/lib/system/libsystem_collections.dylib
0x00007ff826510000 	/usr/lib/system/libsystem_configuration.dylib
0x00007ff82526c000 	/usr/lib/system/libsystem_containermanager.dylib
0x00007ff827ec6000 	/usr/lib/system/libsystem_coreservices.dylib
0x00007ff81d4ce000 	/usr/lib/system/libsystem_darwin.dylib
0x00007ffd29579000 	/usr/lib/system/libsystem_darwindirectory.dylib
0x00007ff828358000 	/usr/lib/system/libsystem_dnssd.dylib
0x00007ffd2957e000 	/usr/lib/system/libsystem_eligibility.dylib
0x00007ff819db7000 	/usr/lib/system/libsystem_featureflags.dylib
0x00007ff819f5b000 	/usr/lib/system/libsystem_info.dylib
0x00007ff828290000 	/usr/lib/system/libsystem_m.dylib
0x00007ff819d24000 	/usr/lib/system/libsystem_malloc.dylib
0x00007ff81fa0c000 	/usr/lib/system/libsystem_networkextension.dylib
0x00007ff81d90a000 	/usr/lib/system/libsystem_notify.dylib
0x00007ff826514000 	/usr/lib/system/libsystem_sandbox.dylib
0x00007ffd29586000 	/usr/lib/system/libsystem_sanitizers.dylib
0x00007ff828351000 	/usr/lib/system/libsystem_secinit.dylib
0x00007ff819ed9000 	/usr/lib/system/libsystem_kernel.dylib
0x00007ff819f51000 	/usr/lib/system/libsystem_platform.dylib
0x00007ff819f16000 	/usr/lib/system/libsystem_pthread.dylib
0x00007ff82184a000 	/usr/lib/system/libsystem_symptoms.dylib
0x00007ff819c57000 	/usr/lib/system/libsystem_trace.dylib
0x00007ff828327000 	/usr/lib/system/libunwind.dylib
0x00007ff819c10000 	/usr/lib/system/libxpc.dylib
0x00007ff819b2b000 	/usr/lib/libobjc.A.dylib
0x00007ff819f89000 	/System/Library/Frameworks/CoreFoundation.framework/Versions/A/CoreFoundation
0x00007ff82bce7000 	/usr/lib/swift/libswiftCore.dylib
0x00007ff819ec2000 	/usr/lib/libc++abi.dylib
0x00007ffd27fda000 	/usr/lib/libRosetta.dylib
0x00007ff819e43000 	/usr/lib/libc++.1.dylib
0x00007ff81b01a000 	/System/Library/Frameworks/Foundation.framework/Versions/C/Foundation
0x00007ff834afb000 	/usr/lib/swift/libswiftObjectiveC.dylib
0x00007ff81d7c2000 	/System/Library/PrivateFrameworks/CoreServicesInternal.framework/Versions/A/CoreServicesInternal
0x00007ff828330000 	/usr/lib/liboah.dylib
0x00007ff828369000 	/usr/lib/libfakelink.dylib
0x00007ff81d225000 	/usr/lib/libicucore.A.dylib
0x00007ff82836c000 	/System/Library/PrivateFrameworks/SoftLinking.framework/Versions/A/SoftLinking
0x00007ff8301cf000 	/System/Library/Frameworks/CoreServices.framework/Versions/A/CoreServices
0x00007ff81ce43000 	/System/Library/Frameworks/Security.framework/Versions/A/Security
0x00007ff81d844000 	/System/Library/Frameworks/IOKit.framework/Versions/A/IOKit
0x00007ff83410c000 	/System/Library/PrivateFrameworks/DiskImages.framework/Versions/A/DiskImages
0x00007ff91f8b7000 	/System/Library/Frameworks/NetFS.framework/Versions/A/NetFS
0x00007ff81f665000 	/System/Library/Frameworks/CFNetwork.framework/Versions/A/CFNetwork
0x00007ff823800000 	/System/Library/Frameworks/CoreServices.framework/Versions/A/Frameworks/FSEvents.framework/Versions/A/FSEvents
0x00007ff81d4d9000 	/System/Library/Frameworks/CoreServices.framework/Versions/A/Frameworks/CarbonCore.framework/Versions/A/CarbonCore
0x00007ff8229ef000 	/System/Library/Frameworks/CoreServices.framework/Versions/A/Frameworks/Metadata.framework/Versions/A/Metadata
0x00007ff827ecd000 	/System/Library/Frameworks/CoreServices.framework/Versions/A/Frameworks/OSServices.framework/Versions/A/OSServices
0x00007ff828496000 	/System/Library/Frameworks/CoreServices.framework/Versions/A/Frameworks/SearchKit.framework/Versions/A/SearchKit
0x00007ff8217ca000 	/System/Library/Frameworks/CoreServices.framework/Versions/A/Frameworks/AE.framework/Versions/A/AE
0x00007ff81a43e000 	/System/Library/Frameworks/CoreServices.framework/Versions/A/Frameworks/LaunchServices.framework/Versions/A/LaunchServices
0x00007ff829a53000 	/System/Library/Frameworks/CoreServices.framework/Versions/A/Frameworks/DictionaryServices.framework/Versions/A/DictionaryServices
0x00007ff82380e000 	/System/Library/Frameworks/CoreServices.framework/Versions/A/Frameworks/SharedFileList.framework/Versions/A/SharedFileList
0x00007ff81aca6000 	/System/Library/Frameworks/SystemConfiguration.framework/Versions/A/SystemConfiguration
0x00007ff828518000 	/usr/lib/libapple_nghttp2.dylib
0x00007ff828550000 	/usr/lib/libcompression.dylib
0x00007ff821426000 	/usr/lib/libsqlite3.dylib
0x00007ff822962000 	/System/Library/PrivateFrameworks/CoreAnalytics.framework/Versions/A/CoreAnalytics
0x00007ff81ffa0000 	/System/Library/Frameworks/CoreGraphics.framework/Versions/A/CoreGraphics
0x00007ff82c8fd000 	/System/Library/Frameworks/GSS.framework/Versions/A/GSS
0x00007ff82aef3000 	/System/Library/PrivateFrameworks/InternationalSupport.framework/Versions/A/InternationalSupport
0x00007ff821765000 	/System/Library/PrivateFrameworks/RunningBoardServices.framework/Versions/A/RunningBoardServices
0x00007ff81fa26000 	/usr/lib/libenergytrace.dylib
0x00007ff821852000 	/System/Library/Frameworks/Network.framework/Versions/A/Network
0x00007ff822990000 	/usr/lib/libDiagnosticMessagesClient.dylib
0x00007ff82765e000 	/usr/lib/libbsm.0.dylib
0x00007ff828303000 	/usr/lib/system/libkxld.dylib
0x00007ffb2beb2000 	/System/Library/PrivateFrameworks/AppleKeyStore.framework/Versions/A/AppleKeyStore
0x00007ffd27ea8000 	/usr/lib/libCoreEntitlements.dylib
0x00007ffc2728e000 	/System/Library/PrivateFrameworks/MessageSecurity.framework/Versions/A/MessageSecurity
0x00007ff82140c000 	/System/Library/PrivateFrameworks/ProtocolBuffer.framework/Versions/A/ProtocolBuffer
0x00007ff81fa27000 	/usr/lib/libMobileGestalt.dylib
0x00007ff827eac000 	/System/Library/PrivateFrameworks/AppleFSCompression.framework/Versions/A/AppleFSCompression
0x00007ff827646000 	/usr/lib/libcoretls.dylib
0x00007ff829ac1000 	/usr/lib/libcoretls_cfhelpers.dylib
0x00007ff82854a000 	/usr/lib/libpam.2.dylib
0x00007ff829b3b000 	/usr/lib/libxar.1.dylib
0x00007ff823839000 	/System/Library/PrivateFrameworks/CoreAutoLayout.framework/Versions/A/CoreAutoLayout
0x00007ff822a77000 	/System/Library/Frameworks/DiskArbitration.framework/Versions/A/DiskArbitration
0x00007ff8283bb000 	/usr/lib/libarchive.2.dylib
0x00007ff823883000 	/usr/lib/libxml2.2.dylib
0x00007ff826521000 	/usr/lib/liblangid.dylib
0x00007ff82e03f000 	/System/Library/Frameworks/Combine.framework/Versions/A/Combine
0x00007ffb2fc47000 	/System/Library/PrivateFrameworks/CollectionsInternal.framework/Versions/A/CollectionsInternal
0x00007ffc2f461000 	/System/Library/PrivateFrameworks/ReflectionInternal.framework/Versions/A/ReflectionInternal
0x00007ffc2ffe9000 	/System/Library/PrivateFrameworks/RuntimeInternal.framework/Versions/A/RuntimeInternal
0x00007ff922752000 	/usr/lib/swift/libswiftCoreFoundation.dylib
0x00007ff91fd7f000 	/usr/lib/swift/libswiftDarwin.dylib
0x00007ff831fa2000 	/usr/lib/swift/libswiftDispatch.dylib
0x00007ff9227a0000 	/usr/lib/swift/libswiftIOKit.dylib
0x00007ffd291db000 	/usr/lib/swift/libswiftSystem.dylib
0x00007ff922762000 	/usr/lib/swift/libswiftXPC.dylib
0x00007ffd29246000 	/usr/lib/swift/libswift_Builtin_float.dylib
0x00007ffd29249000 	/usr/lib/swift/libswift_Concurrency.dylib
0x00007ffd29392000 	/usr/lib/swift/libswift_StringProcessing.dylib
0x00007ffd29417000 	/usr/lib/swift/libswift_errno.dylib
0x00007ffd29419000 	/usr/lib/swift/libswift_math.dylib
0x00007ffd2941c000 	/usr/lib/swift/libswift_signal.dylib
0x00007ffd2941d000 	/usr/lib/swift/libswift_stdio.dylib
0x00007ffd2941e000 	/usr/lib/swift/libswift_time.dylib
0x00007ff834aff000 	/usr/lib/swift/libswiftos.dylib
0x00007ffd2941f000 	/usr/lib/swift/libswiftsys_time.dylib
0x00007ffd29420000 	/usr/lib/swift/libswiftunistd.dylib
0x00007ff82651c000 	/System/Library/PrivateFrameworks/AppleSystemInfo.framework/Versions/A/AppleSystemInfo
0x00007ff922645000 	/System/Library/PrivateFrameworks/LoggingSupport.framework/Versions/A/LoggingSupport
0x00007ff83112c000 	/System/Library/PrivateFrameworks/PowerLog.framework/Versions/A/PowerLog
0x00007ffb268b8000 	/System/Library/Frameworks/SwiftData.framework/Versions/A/SwiftData
0x00007ff8239f8000 	/System/Library/PrivateFrameworks/UserManagement.framework/Versions/A/UserManagement
0x00007ff81f58b000 	/usr/lib/libboringssl.dylib
0x00007ff82183a000 	/usr/lib/libdns_services.dylib
0x00007ff921854000 	/usr/lib/libquic.dylib
0x00007ff82bc6f000 	/usr/lib/libusrtcp.dylib
0x00007ffa265ca000 	/System/Library/PrivateFrameworks/InternalSwiftProtobuf.framework/Versions/A/InternalSwiftProtobuf
0x00007ffd2911f000 	/usr/lib/swift/libswiftDistributed.dylib
0x00007ffd29148000 	/usr/lib/swift/libswiftObservation.dylib
0x00007ffd291d1000 	/usr/lib/swift/libswiftSynchronization.dylib
0x00007ff81f664000 	/usr/lib/libnetwork.dylib
0x00007ff9336bf000 	/System/Library/PrivateFrameworks/OSAnalytics.framework/Versions/A/OSAnalytics
0x00007ff8284f6000 	/System/Library/PrivateFrameworks/AppleSauce.framework/Versions/A/AppleSauce
0x00007ff832735000 	/System/Library/PrivateFrameworks/CoreSymbolication.framework/Versions/A/CoreSymbolication
0x00007ffa21fd2000 	/System/Library/PrivateFrameworks/Symbolication.framework/Versions/A/Symbolication
0x00007ff832715000 	/System/Library/PrivateFrameworks/DebugSymbols.framework/Versions/A/DebugSymbols
0x00007ffd27d67000 	/usr/lib/libAppleArchive.dylib
0x00007ff827eb7000 	/usr/lib/libbz2.1.0.dylib
0x00007ff829aa1000 	/usr/lib/liblzma.5.dylib
0x00007ff827355000 	/System/Library/PrivateFrameworks/IOMobileFramebuffer.framework/Versions/A/IOMobileFramebuffer
0x00007ff82529b000 	/System/Library/Frameworks/IOSurface.framework/Versions/A/IOSurface
0x00007ff9226d3000 	/System/Library/PrivateFrameworks/MallocStackLogging.framework/Versions/A/MallocStackLogging
0x00007ff829d91000 	/System/Library/PrivateFrameworks/CrashReporterSupport.framework/Versions/A/CrashReporterSupport
0x00007ff81ab2b000 	/System/Library/PrivateFrameworks/Lexicon.framework/Versions/A/Lexicon
0x00007ffc202a5000 	/System/Library/PrivateFrameworks/IO80211.framework/Versions/A/IO80211
0x00007ff832217000 	/System/Library/PrivateFrameworks/FrontBoardServices.framework/Versions/A/FrontBoardServices
0x00007ff827578000 	/System/Library/Frameworks/SecurityFoundation.framework/Versions/A/SecurityFoundation
0x00007ff8276c9000 	/usr/lib/libgermantok.dylib
0x00007ff826631000 	/System/Library/PrivateFrameworks/LinguisticData.framework/Versions/A/LinguisticData
0x00007ff821682000 	/System/Library/PrivateFrameworks/BaseBoard.framework/Versions/A/BaseBoard
0x00007ff8322e5000 	/System/Library/PrivateFrameworks/BoardServices.framework/Versions/A/BoardServices
0x00007ff82756b000 	/System/Library/PrivateFrameworks/AssertionServices.framework/Versions/A/AssertionServices
0x00007ff833f45000 	/System/Library/PrivateFrameworks/BackBoardServices.framework/Versions/A/BackBoardServices
0x00007ff825ca9000 	/System/Library/Frameworks/ImageIO.framework/Versions/A/ImageIO
0x00007ff81fad3000 	/System/Library/PrivateFrameworks/SkyLight.framework/Versions/A/SkyLight
0x00007ff8256b6000 	/System/Library/PrivateFrameworks/FontServices.framework/libFontParser.dylib
0x00007ff83047a000 	/System/Library/Frameworks/Accelerate.framework/Versions/A/Accelerate
0x00007ff81fab3000 	/System/Library/PrivateFrameworks/TCC.framework/Versions/A/TCC
0x00007ff837aab000 	/System/Library/PrivateFrameworks/IOSurfaceAccelerator.framework/Versions/A/IOSurfaceAccelerator
0x00007ff82a66e000 	/System/Library/PrivateFrameworks/WatchdogClient.framework/Versions/A/WatchdogClient
0x00007ff81bfdd000 	/System/Library/Frameworks/CoreDisplay.framework/Versions/A/CoreDisplay
0x00007ff825563000 	/System/Library/Frameworks/CoreMedia.framework/Versions/A/CoreMedia
0x00007ff8252b3000 	/System/Library/PrivateFrameworks/IOAccelerator.framework/Versions/A/IOAccelerator
0x00007ff8252bc000 	/System/Library/Frameworks/Metal.framework/Versions/A/Metal
0x00007ff823966000 	/System/Library/Frameworks/CoreVideo.framework/Versions/A/CoreVideo
0x00007ff828548000 	/System/Library/Frameworks/MetalPerformanceShaders.framework/Versions/A/MetalPerformanceShaders
0x00007ff82a670000 	/System/Library/PrivateFrameworks/MultitouchSupport.framework/Versions/A/MultitouchSupport
0x00007ff823148000 	/System/Library/Frameworks/QuartzCore.framework/Versions/A/QuartzCore
0x00007ffc2e8d6000 	/System/Library/PrivateFrameworks/ProDisplayLibrary.framework/Versions/A/ProDisplayLibrary
0x00007ff82a6b4000 	/System/Library/Frameworks/VideoToolbox.framework/Versions/A/VideoToolbox
0x00007ff92f5cd000 	/usr/lib/swift/libswiftMetal.dylib
0x00007ffa1e490000 	/usr/lib/swift/libswiftOSLog.dylib
0x00007ff934981000 	/usr/lib/swift/libswiftQuartzCore.dylib
0x00007ffa18fc5000 	/usr/lib/swift/libswiftUniformTypeIdentifiers.dylib
0x00007ff926192000 	/usr/lib/swift/libswiftsimd.dylib
0x00007ff827550000 	/System/Library/PrivateFrameworks/MobileKeyBag.framework/Versions/A/MobileKeyBag
0x00007ff82651b000 	/System/Library/PrivateFrameworks/AggregateDictionary.framework/Versions/A/AggregateDictionary
0x00007ff829ac3000 	/System/Library/PrivateFrameworks/APFS.framework/Versions/A/APFS
0x00007ff829b49000 	/usr/lib/libutil.dylib
0x00007ffd18281000 	/System/Library/PrivateFrameworks/SwiftASN1Internal.framework/Versions/A/SwiftASN1Internal
0x00007ff822a7f000 	/System/Library/Frameworks/Accelerate.framework/Versions/A/Frameworks/vImage.framework/Versions/A/vImage
0x00007ff8301a6000 	/System/Library/Frameworks/Accelerate.framework/Versions/A/Frameworks/vecLib.framework/Versions/A/vecLib
0x00007ff829b7e000 	/System/Library/Frameworks/Accelerate.framework/Versions/A/Frameworks/vecLib.framework/Versions/A/libvMisc.dylib
0x00007ff81a8c5000 	/System/Library/Frameworks/Accelerate.framework/Versions/A/Frameworks/vecLib.framework/Versions/A/libBLAS.dylib
0x00007ff834634000 	/System/Library/Frameworks/ApplicationServices.framework/Versions/A/ApplicationServices
0x00007ff820894000 	/System/Library/Frameworks/ColorSync.framework/Versions/A/ColorSync
0x00007ff81c4ca000 	/System/Library/Frameworks/CoreText.framework/Versions/A/CoreText
0x00007ff82c4e0000 	/System/Library/Frameworks/ApplicationServices.framework/Versions/A/Frameworks/ATS.framework/Versions/A/ATS
0x00007ff820a49000 	/System/Library/Frameworks/ApplicationServices.framework/Versions/A/Frameworks/HIServices.framework/Versions/A/HIServices
0x00007ff82adc2000 	/System/Library/Frameworks/ApplicationServices.framework/Versions/A/Frameworks/PrintCore.framework/Versions/A/PrintCore
0x00007ff82c8c7000 	/System/Library/Frameworks/ApplicationServices.framework/Versions/A/Frameworks/QD.framework/Versions/A/QD
0x00007ff82c8bf000 	/System/Library/Frameworks/ApplicationServices.framework/Versions/A/Frameworks/ColorSyncLegacy.framework/Versions/A/ColorSyncLegacy
0x00007ff82c4b6000 	/System/Library/Frameworks/ApplicationServices.framework/Versions/A/Frameworks/SpeechSynthesis.framework/Versions/A/SpeechSynthesis
0x00007ff827324000 	/System/Library/PrivateFrameworks/CoreEmoji.framework/Versions/A/CoreEmoji
0x00007ffb35ccb000 	/System/Library/PrivateFrameworks/FontServices.framework/Versions/A/FontServices
0x00007ff81f0a3000 	/System/Library/Frameworks/UniformTypeIdentifiers.framework/Versions/A/UniformTypeIdentifiers
0x00007ff82a1d4000 	/System/Library/PrivateFrameworks/OTSVG.framework/Versions/A/OTSVG
0x00007ff8234f5000 	/System/Library/Frameworks/ApplicationServices.framework/Versions/A/Frameworks/ATS.framework/Versions/A/Resources/libFontRegistry.dylib
0x00007ffd2851e000 	/usr/lib/libhvf.dylib
0x00007ffc2aedc000 	/System/Library/PrivateFrameworks/ParsingInternal.framework/Versions/A/ParsingInternal
0x00007ffd29164000 	/usr/lib/swift/libswiftRegexBuilder.dylib
0x00007ffd292e4000 	/usr/lib/swift/libswift_RegexParser.dylib
0x00007ff82a534000 	/System/Library/PrivateFrameworks/AppleJPEG.framework/Versions/A/AppleJPEG
0x00007ff829ff4000 	/usr/lib/libexpat.1.dylib
0x00007ff82ac89000 	/System/Library/Frameworks/ImageIO.framework/Versions/A/Resources/libPng.dylib
0x00007ff82acb7000 	/System/Library/Frameworks/ImageIO.framework/Versions/A/Resources/libTIFF.dylib
0x00007ff82adad000 	/System/Library/Frameworks/ImageIO.framework/Versions/A/Resources/libGIF.dylib
0x00007ff82a581000 	/System/Library/Frameworks/ImageIO.framework/Versions/A/Resources/libJP2.dylib
0x00007ff829cf2000 	/usr/lib/libate.dylib
0x00007ff82ad4c000 	/System/Library/Frameworks/ImageIO.framework/Versions/A/Resources/libJPEG.dylib
0x00007ff82ad43000 	/System/Library/Frameworks/ImageIO.framework/Versions/A/Resources/libRadiance.dylib
0x00007ffc1c4f3000 	/System/Library/PrivateFrameworks/GPUCompiler.framework/Versions/32023/Libraries/libllvm-flatbuffers.dylib
0x00007ffb35d96000 	/System/Library/PrivateFrameworks/FramePacing.framework/Versions/A/FramePacing
0x00007ffb1db66000 	/System/Library/Frameworks/OpenGL.framework/Versions/A/Libraries/libCoreFSCache.dylib
0x00007ffb369ae000 	/System/Library/PrivateFrameworks/GPUCompiler.framework/Versions/32023/Libraries/libGPUCompilerUtils.dylib
0x00007ffb35ccc000 	/System/Library/PrivateFrameworks/FontServices.framework/libXTFontStaticRegistryData.dylib
0x00007ff82603d000 	/System/Library/Frameworks/CoreImage.framework/Versions/A/CoreImage
0x00007ffc2dbc7000 	/System/Library/PrivateFrameworks/PhotosensitivityProcessing.framework/Versions/A/PhotosensitivityProcessing
0x00007ffb1db72000 	/System/Library/Frameworks/OpenGL.framework/Versions/A/OpenGL
0x00007ffb1f136000 	/System/Library/Frameworks/OpenCL.framework/Versions/A/OpenCL
0x00007ff82a1c5000 	/System/Library/PrivateFrameworks/GraphVisualizer.framework/Versions/A/GraphVisualizer
0x00007ffb1dbc4000 	/System/Library/Frameworks/OpenGL.framework/Versions/A/Libraries/libGLU.dylib
0x00007ffb1db85000 	/System/Library/Frameworks/OpenGL.framework/Versions/A/Libraries/libGFXShared.dylib
0x00007ffb1dd81000 	/System/Library/Frameworks/OpenGL.framework/Versions/A/Libraries/libGL.dylib
0x00007ffb1db8e000 	/System/Library/Frameworks/OpenGL.framework/Versions/A/Libraries/libGLImage.dylib
0x00007ffb1db82000 	/System/Library/Frameworks/OpenGL.framework/Versions/A/Libraries/libCVMSPluginSupport.dylib
0x00007ffb1db6d000 	/System/Library/Frameworks/OpenGL.framework/Versions/A/Libraries/libCoreVMClient.dylib
0x00007ff826455000 	/System/Library/Frameworks/MetalPerformanceShaders.framework/Versions/A/Frameworks/MPSCore.framework/Versions/A/MPSCore
0x00007ff827e07000 	/System/Library/Frameworks/MetalPerformanceShaders.framework/Versions/A/Frameworks/MPSImage.framework/Versions/A/MPSImage
0x00007ff8276e2000 	/System/Library/Frameworks/MetalPerformanceShaders.framework/Versions/A/Frameworks/MPSNeuralNetwork.framework/Versions/A/MPSNeuralNetwork
0x00007ff827c42000 	/System/Library/Frameworks/MetalPerformanceShaders.framework/Versions/A/Frameworks/MPSMatrix.framework/Versions/A/MPSMatrix
0x00007ff8279f8000 	/System/Library/Frameworks/MetalPerformanceShaders.framework/Versions/A/Frameworks/MPSRayIntersector.framework/Versions/A/MPSRayIntersector
0x00007ff827c81000 	/System/Library/Frameworks/MetalPerformanceShaders.framework/Versions/A/Frameworks/MPSNDArray.framework/Versions/A/MPSNDArray
0x00007ffb23bd4000 	/System/Library/Frameworks/MetalPerformanceShaders.framework/Versions/A/Frameworks/MPSFunctions.framework/Versions/A/MPSFunctions
0x00007ffb23bb6000 	/System/Library/Frameworks/MetalPerformanceShaders.framework/Versions/A/Frameworks/MPSBenchmarkLoop.framework/Versions/A/MPSBenchmarkLoop
0x00007ff81a736000 	/System/Library/PrivateFrameworks/MetalTools.framework/Versions/A/MetalTools
0x00007ff9276de000 	/System/Library/PrivateFrameworks/IOAccelMemoryInfo.framework/Versions/A/IOAccelMemoryInfo
0x00007ff934d87000 	/System/Library/PrivateFrameworks/kperf.framework/Versions/A/kperf
0x00007ff922734000 	/System/Library/PrivateFrameworks/GPURawCounter.framework/Versions/A/GPURawCounter
0x00007ff82ad7e000 	/System/Library/Frameworks/ApplicationServices.framework/Versions/A/Frameworks/ATSUI.framework/Versions/A/ATSUI
0x00007ff82c851000 	/usr/lib/libcups.2.dylib
0x00007ff82c8ee000 	/System/Library/Frameworks/Kerberos.framework/Versions/A/Kerberos
0x00007ff82c559000 	/usr/lib/libresolv.9.dylib
0x00007ff8283a3000 	/usr/lib/libiconv.2.dylib
0x00007ff82a22c000 	/System/Library/PrivateFrameworks/Heimdal.framework/Versions/A/Heimdal
0x00007ff834a53000 	/System/Library/Frameworks/Kerberos.framework/Versions/A/Libraries/libHeimdalProxy.dylib
0x00007ff82a010000 	/usr/lib/libheimdal-asn1.dylib
0x00007ff8237d8000 	/System/Library/Frameworks/OpenDirectory.framework/Versions/A/OpenDirectory
0x00007ff82c946000 	/System/Library/PrivateFrameworks/CommonAuth.framework/Versions/A/CommonAuth
0x00007ff8237e4000 	/System/Library/Frameworks/OpenDirectory.framework/Versions/A/Frameworks/CFOpenDirectory.framework/Versions/A/CFOpenDirectory
0x00007ff8282fe000 	/usr/lib/libcharset.1.dylib
0x00007ffb20c1e000 	/System/Library/Frameworks/AVFAudio.framework/Versions/A/AVFAudio
0x00007ff91c2ad000 	/System/Library/PrivateFrameworks/AXCoreUtilities.framework/Versions/A/AXCoreUtilities
0x00007ff82c2a7000 	/System/Library/Frameworks/AudioToolbox.framework/Versions/A/AudioToolbox
0x00007ff81c703000 	/System/Library/Frameworks/CoreAudio.framework/Versions/A/CoreAudio
0x00007ffc23399000 	/System/Library/PrivateFrameworks/IsolatedCoreAudioClient.framework/Versions/A/IsolatedCoreAudioClient
0x00007ff82c49e000 	/usr/lib/libAudioStatistics.dylib
0x00007ff82553f000 	/System/Library/PrivateFrameworks/caulk.framework/Versions/A/caulk
0x00007ff81c108000 	/System/Library/PrivateFrameworks/AudioToolboxCore.framework/Versions/A/AudioToolboxCore
0x00007ff836ee1000 	/System/Library/Frameworks/CoreMIDI.framework/Versions/A/CoreMIDI
0x00007ff82c445000 	/System/Library/PrivateFrameworks/AudioSession.framework/Versions/A/AudioSession
0x00007ff82ddc3000 	/System/Library/Frameworks/IOBluetooth.framework/Versions/A/IOBluetooth
0x00007ff82a0fc000 	/System/Library/PrivateFrameworks/MediaExperience.framework/Versions/A/MediaExperience
0x00007ffd1acfd000 	/System/Library/PrivateFrameworks/Tightbeam.framework/Versions/A/Tightbeam
0x00007ffb30608000 	/System/Library/PrivateFrameworks/CoreAudioOrchestration.framework/Versions/A/CoreAudioOrchestration
0x00007ffa19603000 	/System/Library/PrivateFrameworks/AFKUser.framework/Versions/A/AFKUser
0x00007ffa2d37e000 	/System/Library/PrivateFrameworks/FeatureFlags.framework/Versions/A/FeatureFlags
0x00007ff922738000 	/usr/lib/swift/libswiftCoreAudio.dylib
0x00007ff82a21a000 	/System/Library/PrivateFrameworks/AppServerSupport.framework/Versions/A/AppServerSupport
0x00007ff82c8d1000 	/System/Library/PrivateFrameworks/perfdata.framework/Versions/A/perfdata
0x00007ff921941000 	/System/Library/PrivateFrameworks/SystemPolicy.framework/Versions/A/SystemPolicy
0x00007ff82c770000 	/usr/lib/libSMC.dylib
0x00007ff82ac54000 	/usr/lib/libAudioToolboxUtility.dylib
0x00007ff82c8df000 	/usr/lib/libperfcheck.dylib
0x00007ffb2cd28000 	/System/Library/PrivateFrameworks/AudioAnalytics.framework/Versions/A/AudioAnalytics
0x00007ffa263a0000 	/System/Library/Frameworks/OSLog.framework/Versions/A/OSLog
0x00007ff922703000 	/usr/lib/libmis.dylib
0x00007ff82c266000 	/System/Library/PrivateFrameworks/AudioSession.framework/libSessionUtility.dylib
0x00007ff82adb3000 	/System/Library/PrivateFrameworks/CMCaptureCore.framework/Versions/A/CMCaptureCore
0x00007ff82a225000 	/usr/lib/libspindump.dylib
0x00007ffb22130000 	/System/Library/Frameworks/ExtensionFoundation.framework/Versions/A/ExtensionFoundation
0x00007ff832847000 	/System/Library/PrivateFrameworks/CoreTime.framework/Versions/A/CoreTime
0x00007ff829ee4000 	/System/Library/PrivateFrameworks/PlugInKit.framework/Versions/A/PlugInKit
0x00007ff831033000 	/System/Library/Frameworks/CoreBluetooth.framework/Versions/A/CoreBluetooth
0x00007ff834a54000 	/System/Library/Frameworks/AudioUnit.framework/Versions/A/AudioUnit
0x00007ff8273e1000 	/System/Library/PrivateFrameworks/CoreUtils.framework/Versions/A/CoreUtils
0x00007ffb33763000 	/System/Library/PrivateFrameworks/CoreUtilsExtras.framework/Versions/A/CoreUtilsExtras
0x00007ff8304c7000 	/System/Library/Frameworks/MediaAccessibility.framework/Versions/A/MediaAccessibility
0x00007ff92aa94000 	/System/Library/PrivateFrameworks/AttributeGraph.framework/Versions/A/AttributeGraph
0x00007ffd27ce8000 	/usr/lib/libAXSafeCategoryBundle.dylib
0x00007ff91c352000 	/usr/lib/libAccessibility.dylib
0x00007ff827158000 	/System/Library/Frameworks/Accelerate.framework/Versions/A/Frameworks/vecLib.framework/Versions/A/libvDSP.dylib
0x00007ff828636000 	/System/Library/Frameworks/Accelerate.framework/Versions/A/Frameworks/vecLib.framework/Versions/A/libLAPACK.dylib
0x00007ff8276cc000 	/System/Library/Frameworks/Accelerate.framework/Versions/A/Frameworks/vecLib.framework/Versions/A/libLinearAlgebra.dylib
0x00007ff828533000 	/System/Library/Frameworks/Accelerate.framework/Versions/A/Frameworks/vecLib.framework/Versions/A/libSparseBLAS.dylib
0x00007ff828630000 	/System/Library/Frameworks/Accelerate.framework/Versions/A/Frameworks/vecLib.framework/Versions/A/libQuadrature.dylib
0x00007ff826637000 	/System/Library/Frameworks/Accelerate.framework/Versions/A/Frameworks/vecLib.framework/Versions/A/libBNNS.dylib
0x00007ff81ac2f000 	/System/Library/Frameworks/Accelerate.framework/Versions/A/Frameworks/vecLib.framework/Versions/A/libSparse.dylib
0x00007ffc24775000 	/System/Library/PrivateFrameworks/MIL.framework/Versions/A/MIL
0x00007ff82ad3c000 	/System/Library/PrivateFrameworks/GPUWrangler.framework/Versions/A/GPUWrangler
0x00007ff82ad20000 	/System/Library/PrivateFrameworks/IOPresentment.framework/Versions/A/IOPresentment
0x00007ff82ad46000 	/System/Library/PrivateFrameworks/DSExternalDisplay.framework/Versions/A/DSExternalDisplay
0x00007ffa26795000 	/System/Library/PrivateFrameworks/HIDDisplay.framework/Versions/A/HIDDisplay
0x00007ff91b5bc000 	/System/Library/PrivateFrameworks/HID.framework/Versions/A/HID
0x00007ffd1e33c000 	/System/Library/PrivateFrameworks/VideoToolboxParavirtualizationSupport.framework/Versions/A/VideoToolboxParavirtualizationSupport
0x00007ff829fa6000 	/System/Library/PrivateFrameworks/AppleVA.framework/Versions/A/AppleVA
0x00007ff832392000 	/System/Library/PrivateFrameworks/GraphicsServices.framework/Versions/A/GraphicsServices
0x00007ff820efc000 	/System/Library/Frameworks/CoreData.framework/Versions/A/CoreData
0x00007ff82cabb000 	/System/Library/PrivateFrameworks/CorePhoneNumbers.framework/Versions/A/CorePhoneNumbers
0x00007ff83120e000 	/System/Library/PrivateFrameworks/MediaKit.framework/Versions/A/MediaKit
0x00007ff831168000 	/System/Library/Frameworks/DiscRecording.framework/Versions/A/DiscRecording
0x00007ffb21b69000 	/System/Library/Frameworks/CoreTransferable.framework/Versions/A/CoreTransferable
0x00007ff82c8b4000 	/System/Library/PrivateFrameworks/NetAuth.framework/Versions/A/NetAuth
0x00007ff82a065000 	/System/Library/PrivateFrameworks/IconServices.framework/Versions/A/IconServices
0x00007ff8239ba000 	/System/Library/PrivateFrameworks/login.framework/Versions/A/Frameworks/loginsupport.framework/Versions/A/loginsupport
0x00007ff92279f000 	/usr/lib/swift/libswiftCoreImage.dylib
0x00007ff82a019000 	/System/Library/PrivateFrameworks/IconFoundation.framework/Versions/A/IconFoundation
0x00007ff823542000 	/System/Library/PrivateFrameworks/CoreUI.framework/Versions/A/CoreUI
0x00007ff82ae35000 	/System/Library/PrivateFrameworks/TextureIO.framework/Versions/A/TextureIO
0x00007ff825c71000 	/System/Library/PrivateFrameworks/CoreSVG.framework/Versions/A/CoreSVG
0x00007ffa18fd4000 	/usr/lib/swift/libswiftAccelerate.dylib
0x00007ff829d88000 	/usr/lib/libIOReport.dylib
0x00007ffb2c95b000 	/System/Library/PrivateFrameworks/AppleMobileFileIntegrity.framework/Versions/A/AppleMobileFileIntegrity
0x00007ffd28035000 	/usr/lib/libTLE.dylib
0x00007ffa35ca6000 	/System/Library/PrivateFrameworks/ConfigProfileHelper.framework/Versions/A/ConfigProfileHelper
0x00007ff82766e000 	/usr/lib/libmecab.dylib
0x00007ff81ad2c000 	/usr/lib/libCRFSuite.dylib
0x00007ff826523000 	/System/Library/PrivateFrameworks/CoreNLP.framework/Versions/A/CoreNLP
0x00007ff8284ee000 	/usr/lib/libThaiTokenizer.dylib
0x00007ff82b1fb000 	/System/Library/PrivateFrameworks/DataDetectorsCore.framework/Versions/A/DataDetectorsCore
0x00007ff92623f000 	/System/Library/PrivateFrameworks/TextInput.framework/Versions/A/TextInput
0x00007ff81eec7000 	/System/Library/PrivateFrameworks/UIFoundation.framework/Versions/A/UIFoundation
0x00007ff82763c000 	/usr/lib/libCheckFix.dylib
0x00007ff822992000 	/System/Library/PrivateFrameworks/MetadataUtilities.framework/Versions/A/MetadataUtilities
0x00007ffc20a75000 	/System/Library/PrivateFrameworks/InstalledContentLibrary.framework/Versions/A/InstalledContentLibrary
0x00007ff81d803000 	/System/Library/PrivateFrameworks/CoreServicesStore.framework/Versions/A/CoreServicesStore
0x00007ff823836000 	/usr/lib/libapp_launch_measurement.dylib
0x00007ff934e87000 	/System/Library/PrivateFrameworks/MobileSystemServices.framework/Versions/A/MobileSystemServices
0x00007ff829b4d000 	/usr/lib/libxslt.1.dylib
0x00007ff827602000 	/System/Library/PrivateFrameworks/BackgroundTaskManagement.framework/Versions/A/BackgroundTaskManagement
0x00007ff8342b9000 	/usr/lib/libcurl.4.dylib
0x00007ffd283c8000 	/usr/lib/libcrypto.46.dylib
0x00007ffd28efe000 	/usr/lib/libssl.48.dylib
0x00007ff833f9f000 	/System/Library/Frameworks/LDAP.framework/Versions/A/LDAP
0x00007ff833fd9000 	/System/Library/PrivateFrameworks/TrustEvaluationAgent.framework/Versions/A/TrustEvaluationAgent
0x00007ff82c576000 	/usr/lib/libsasl2.2.dylib
0x00007ff8370da000 	/System/Library/Frameworks/Cocoa.framework/Versions/A/Cocoa
0x00007ff81d975000 	/System/Library/Frameworks/AppKit.framework/Versions/C/AppKit
0x00007ffb2fc20000 	/System/Library/PrivateFrameworks/CollectionViewCore.framework/Versions/A/CollectionViewCore
0x00007ff82fd8c000 	/System/Library/PrivateFrameworks/RemoteViewServices.framework/Versions/A/RemoteViewServices
0x00007ff825c6c000 	/System/Library/PrivateFrameworks/XCTTargetBootstrap.framework/Versions/A/XCTTargetBootstrap
0x00007ff82b242000 	/System/Library/PrivateFrameworks/UserActivity.framework/Versions/A/UserActivity
0x00007ffd1c8e6000 	/System/Library/PrivateFrameworks/UIIntelligenceSupport.framework/Versions/A/UIIntelligenceSupport
0x00007ffb269e1000 	/System/Library/Frameworks/SwiftUICore.framework/Versions/A/SwiftUICore
0x00007ffd2148d000 	/System/Library/PrivateFrameworks/WritingTools.framework/Versions/A/WritingTools
0x00007ffd205e5000 	/System/Library/PrivateFrameworks/WindowManagement.framework/Versions/A/WindowManagement
0x00007ff825c59000 	/System/Library/PrivateFrameworks/DFRFoundation.framework/Versions/A/DFRFoundation
0x00007ff825977000 	/System/Library/Frameworks/Carbon.framework/Versions/A/Frameworks/HIToolbox.framework/Versions/A/HIToolbox
0x00007ff82fdc4000 	/System/Library/Frameworks/Carbon.framework/Versions/A/Frameworks/SpeechRecognition.framework/Versions/A/SpeechRecognition
0x00007ff91a926000 	/System/Library/PrivateFrameworks/RenderBox.framework/Versions/A/RenderBox
0x00007ff8237cd000 	/System/Library/PrivateFrameworks/PerformanceAnalysis.framework/Versions/A/PerformanceAnalysis
0x00007ff83014a000 	/System/Library/Frameworks/Accessibility.framework/Versions/A/Accessibility
0x00007ffb2200d000 	/System/Library/Frameworks/DataDetection.framework/Versions/A/DataDetection
0x00007ffb22010000 	/System/Library/Frameworks/DeveloperToolsSupport.framework/Versions/A/DeveloperToolsSupport
0x00007ffb2752b000 	/System/Library/Frameworks/Symbols.framework/Versions/A/Symbols
0x00007ffd2911e000 	/usr/lib/swift/libswiftDataDetection.dylib
0x00007ff91fd7e000 	/usr/lib/swift/libswiftCoreGraphics.dylib
0x00007ff830ae4000 	/usr/lib/swift/libswiftFoundation.dylib
0x00007ffa35734000 	/usr/lib/swift/libswiftSwiftOnoneSupport.dylib
0x00007ffa226de000 	/System/Library/PrivateFrameworks/CoreMaterial.framework/Versions/A/CoreMaterial
0x00007ffc300d1000 	/System/Library/PrivateFrameworks/SFSymbols.framework/Versions/A/SFSymbols
0x00007ff82fdb4000 	/System/Library/PrivateFrameworks/SpeechRecognitionCore.framework/Versions/A/SpeechRecognitionCore
0x00000001046ab000 	/Users/harveyhe/Library/Java/JavaVirtualMachines/corretto-22.0.2/Contents/Home/lib/server/libjvm.dylib
0x0000000103397000 	/Users/harveyhe/Library/Java/JavaVirtualMachines/corretto-22.0.2/Contents/Home/lib/libjimage.dylib
0x00000001033c2000 	/Users/harveyhe/Library/Java/JavaVirtualMachines/corretto-22.0.2/Contents/Home/lib/libinstrument.dylib
0x0000000103408000 	/Users/harveyhe/Library/Java/JavaVirtualMachines/corretto-22.0.2/Contents/Home/lib/libjava.dylib
0x000000010464a000 	/Users/harveyhe/Library/Java/JavaVirtualMachines/corretto-22.0.2/Contents/Home/lib/libzip.dylib
0x0000000104662000 	/Users/harveyhe/Library/Java/JavaVirtualMachines/corretto-22.0.2/Contents/Home/lib/libnio.dylib
0x0000000104682000 	/Users/harveyhe/Library/Java/JavaVirtualMachines/corretto-22.0.2/Contents/Home/lib/libnet.dylib
0x0000000122fa7000 	/Users/harveyhe/Library/Java/JavaVirtualMachines/corretto-22.0.2/Contents/Home/lib/libverify.dylib
0x00000001033ec000 	/Users/harveyhe/.gradle/native/c067742578af261105cb4f569cf0c3c89f3d7b1fecec35dd04571415982c5e48/osx-amd64/libnative-platform.dylib
0x000000016a0d4000 	/Users/harveyhe/.gradle/native/100fb08df4bc3b14c8652ba06237920a3bd2aa13389f12d3474272988ae205f9/osx-amd64/libnative-platform-file-events.dylib
0x0000000122fd6000 	/Users/harveyhe/Library/Java/JavaVirtualMachines/corretto-22.0.2/Contents/Home/lib/libmanagement.dylib
0x0000000122fea000 	/Users/harveyhe/Library/Java/JavaVirtualMachines/corretto-22.0.2/Contents/Home/lib/libmanagement_ext.dylib
0x000000016a068000 	/Users/harveyhe/Library/Java/JavaVirtualMachines/corretto-22.0.2/Contents/Home/lib/libextnet.dylib


VM Arguments:
jvm_args: --add-opens=java.base/java.util=ALL-UNNAMED --add-opens=java.base/java.lang=ALL-UNNAMED --add-opens=java.base/java.lang.invoke=ALL-UNNAMED --add-opens=java.prefs/java.util.prefs=ALL-UNNAMED --add-exports=jdk.compiler/com.sun.tools.javac.api=ALL-UNNAMED --add-exports=jdk.compiler/com.sun.tools.javac.util=ALL-UNNAMED --add-opens=java.base/java.nio.charset=ALL-UNNAMED --add-opens=java.base/java.net=ALL-UNNAMED --add-opens=java.base/java.util.concurrent.atomic=ALL-UNNAMED -Xmx4g -Dfile.encoding=UTF-8 -Duser.country=US -Duser.language=en -Duser.variant -javaagent:/Users/harveyhe/.gradle/wrapper/dists/gradle-8.9-bin/90cnw93cvbtalezasaz0blq0a/gradle-8.9/lib/agents/gradle-instrumentation-agent-8.9.jar 
java_command: org.gradle.launcher.daemon.bootstrap.GradleDaemon 8.9
java_class_path (initial): /Users/harveyhe/.gradle/wrapper/dists/gradle-8.9-bin/90cnw93cvbtalezasaz0blq0a/gradle-8.9/lib/gradle-daemon-main-8.9.jar
Launcher Type: SUN_STANDARD

[Global flags]
     intx CICompilerCount                          = 12                                        {product} {ergonomic}
     uint ConcGCThreads                            = 3                                         {product} {ergonomic}
     uint G1ConcRefinementThreads                  = 13                                        {product} {ergonomic}
   size_t G1HeapRegionSize                         = 2097152                                   {product} {ergonomic}
   size_t InitialHeapSize                          = 268435456                                 {product} {ergonomic}
   size_t MarkStackSize                            = 4194304                                   {product} {ergonomic}
   size_t MaxHeapSize                              = 4294967296                                {product} {command line}
   size_t MaxNewSize                               = 2575302656                                {product} {ergonomic}
   size_t MinHeapDeltaBytes                        = 2097152                                   {product} {ergonomic}
   size_t MinHeapSize                              = 8388608                                   {product} {ergonomic}
    uintx NonNMethodCodeHeapSize                   = 7602480                                {pd product} {ergonomic}
    uintx NonProfiledCodeHeapSize                  = 122027880                              {pd product} {ergonomic}
    uintx ProfiledCodeHeapSize                     = 122027880                              {pd product} {ergonomic}
    uintx ReservedCodeCacheSize                    = 251658240                              {pd product} {ergonomic}
     bool SegmentedCodeCache                       = true                                      {product} {ergonomic}
   size_t SoftMaxHeapSize                          = 4294967296                             {manageable} {ergonomic}
     bool UseCompressedOops                        = true                           {product lp64_product} {ergonomic}
     bool UseG1GC                                  = true                                      {product} {ergonomic}
     bool UseNUMA                                  = false                                     {product} {ergonomic}
     bool UseNUMAInterleaving                      = false                                     {product} {ergonomic}

Logging:
Log output configuration:
 #0: stdout all=warning uptime,level,tags foldmultilines=false
 #1: stderr all=off uptime,level,tags foldmultilines=false

Environment Variables:
PATH=/opt/miniconda3/bin:/opt/miniconda3/condabin:/Library/Frameworks/Python.framework/Versions/3.6/bin:/usr/local/bin:/System/Cryptexes/App/usr/bin:/usr/bin:/bin:/usr/sbin:/sbin:/var/run/com.apple.security.cryptexd/codex.system/bootstrap/usr/local/bin:/var/run/com.apple.security.cryptexd/codex.system/bootstrap/usr/bin:/var/run/com.apple.security.cryptexd/codex.system/bootstrap/usr/appleinternal/bin:/Library/Apple/usr/bin:/Library/TeX/texbin:/usr/local/go/bin
SHELL=/bin/zsh
LC_CTYPE=en_US.UTF-8
TMPDIR=/var/folders/n8/q04xwkvs53lbnsw5_mbg9cmw0000gn/T/

Active Locale:
LC_ALL=C
LC_COLLATE=C
LC_CTYPE=C
LC_MESSAGES=C
LC_MONETARY=C
LC_NUMERIC=C
LC_TIME=C

Signal Handlers:
   SIGSEGV: crash_handler in libjvm.dylib, mask=11100110000111110111111111111111, flags=SA_ONSTACK|SA_RESTART|SA_SIGINFO, unblocked
    SIGBUS: crash_handler in libjvm.dylib, mask=11100110000111110111111111111111, flags=SA_RESTART|SA_SIGINFO, unblocked
    SIGFPE: crash_handler in libjvm.dylib, mask=11100110000111110111111111111111, flags=SA_RESTART|SA_SIGINFO, unblocked
   SIGPIPE: javaSignalHandler in libjvm.dylib, mask=11100110000111110111111111111111, flags=SA_RESTART|SA_SIGINFO, blocked
   SIGXFSZ: javaSignalHandler in libjvm.dylib, mask=11100110000111110111111111111111, flags=SA_RESTART|SA_SIGINFO, blocked
    SIGILL: crash_handler in libjvm.dylib, mask=11100110000111110111111111111111, flags=SA_RESTART|SA_SIGINFO, unblocked
   SIGUSR2: SR_handler in libjvm.dylib, mask=00000000000000000000000000000000, flags=SA_RESTART|SA_SIGINFO, blocked
    SIGHUP: UserHandler in libjvm.dylib, mask=11100110000111110111111111111111, flags=SA_RESTART|SA_SIGINFO, blocked
    SIGINT: UserHandler in libjvm.dylib, mask=11100110000111110111111111111111, flags=SA_RESTART|SA_SIGINFO, blocked
   SIGTERM: UserHandler in libjvm.dylib, mask=11100110000111110111111111111111, flags=SA_RESTART|SA_SIGINFO, blocked
   SIGQUIT: UserHandler in libjvm.dylib, mask=11100110000111110111111111111111, flags=SA_RESTART|SA_SIGINFO, blocked
   SIGTRAP: crash_handler in libjvm.dylib, mask=11100110000111110111111111111111, flags=SA_RESTART|SA_SIGINFO, unblocked


Periodic native trim disabled

---------------  S Y S T E M  ---------------

OS:
uname: Darwin 24.4.0 Darwin Kernel Version 24.4.0: Fri Apr 11 18:28:23 PDT 2025; root:xnu-11417.101.15~117/RELEASE_X86_64 x86_64
OS uptime: 0 days 3:07 hours
rlimit (soft/hard): STACK 8192k/65532k , CORE 0k/infinity , NPROC 2784/4176 , NOFILE 10240/infinity , AS infinity/infinity , CPU infinity/infinity , DATA infinity/infinity , FSIZE infinity/infinity , MEMLOCK infinity/infinity , RSS infinity/infinity
load average: 2.58 1.64 1.63

CPU: total 16 (initial active 16) (8 cores per cpu, 2 threads per core) family 6 model 158 stepping 13 microcode 0x104, cx8, cmov, fxsr, ht, mmx, 3dnowpref, sse, sse2, sse3, ssse3, sse4.1, sse4.2, popcnt, lzcnt, tsc, tscinvbit, avx, avx2, aes, erms, clmul, bmi1, bmi2, adx, fma, vzeroupper, clflush, clflushopt, rdtscp, f16c
machdep.cpu.brand_string:Intel(R) Core(TM) i9-9880H CPU @ 2.30GHz
hw.cpufrequency:2300000000
hw.cpufrequency_min:2300000000
hw.cpufrequency_max:2300000000
hw.cachelinesize:64
hw.l1icachesize:32768
hw.l1dcachesize:32768
hw.l2cachesize:262144
hw.l3cachesize:16777216

Memory: 4k page, physical 16777216k(69020k free), swap 0k(0k free)

vm_info: OpenJDK 64-Bit Server VM (22.0.2+9-FR) for bsd-amd64 JRE (22.0.2+9-FR), built on 2024-07-09T01:12:55Z by "ec2user" with clang Apple LLVM 14.0.0 (clang-1400.0.29.202)

END.
