#
# A fatal error has been detected by the Java Runtime Environment:
#
#  SIGBUS (0xa) at pc=0x000000011577c3c7, pid=14554, tid=97795
#
# JRE version: OpenJDK Runtime Environment Zulu22.32+15-CA (22.0.2+9) (build 22.0.2+9)
# Java VM: OpenJDK 64-Bit Server VM Zulu22.32+15-CA (22.0.2+9, mixed mode, sharing, tiered, compressed oops, compressed class ptrs, g1 gc, bsd-amd64)
# Problematic frame:
# J 46088 c1 com.android.tools.r8.internal.tc0.a(Lcom/android/tools/r8/graph/H5;Lcom/android/tools/r8/internal/ea;)V (317 bytes) @ 0x000000011577c3c7 [0x000000011577bd20+0x00000000000006a7]
#
# No core dump will be written. Core dumps have been disabled. To enable core dumping, try "ulimit -c unlimited" before starting Java again
#
# If you would like to submit a bug report, please visit:
#   http://www.azul.com/support/
#

---------------  S U M M A R Y ------------

Command Line: --add-opens=java.base/java.lang=ALL-UNNAMED --add-opens=java.base/java.lang.invoke=ALL-UNNAMED --add-opens=java.base/java.util=ALL-UNNAMED --add-opens=java.prefs/java.util.prefs=ALL-UNNAMED --add-exports=jdk.compiler/com.sun.tools.javac.api=ALL-UNNAMED --add-exports=jdk.compiler/com.sun.tools.javac.util=ALL-UNNAMED --add-opens=java.base/java.util=ALL-UNNAMED --add-opens=java.prefs/java.util.prefs=ALL-UNNAMED --add-opens=java.base/java.nio.charset=ALL-UNNAMED --add-opens=java.base/java.net=ALL-UNNAMED --add-opens=java.base/java.util.concurrent.atomic=ALL-UNNAMED --add-opens=java.xml/javax.xml.namespace=ALL-UNNAMED -Xmx4g -Dfile.encoding=UTF-8 -Duser.country=US -Duser.language=en -Duser.variant -javaagent:/Users/harveyhe/.gradle/wrapper/dists/gradle-8.11.1-bin/bpt9gzteqjrbo1mjrsomdt32c/gradle-8.11.1/lib/agents/gradle-instrumentation-agent-8.11.1.jar org.gradle.launcher.daemon.bootstrap.GradleDaemon 8.11.1

Host: "MacBookPro16,1" x86_64 2300 MHz, 16 cores, 16G, Darwin 24.4.0, macOS 15.4.1 (24E263)
Time: Mon May 19 22:19:13 2025 PDT elapsed time: 72.066331 seconds (0d 0h 1m 12s)

---------------  T H R E A D  ---------------

Current thread (0x00007fb4ceb26800):  JavaThread "Unconstrained build operations Thread 90"        [_thread_in_Java, id=97795, stack(0x0000700016ba3000,0x0000700016ca3000) (1024K)]

Stack: [0x0000700016ba3000,0x0000700016ca3000],  sp=0x0000700016c9d6d0,  free space=1001k
Native frames: (J=compiled Java code, j=interpreted, Vv=VM code, C=native code)
J 46088 c1 com.android.tools.r8.internal.tc0.a(Lcom/android/tools/r8/graph/H5;Lcom/android/tools/r8/internal/ea;)V (317 bytes) @ 0x000000011577c3c7 [0x000000011577bd20+0x00000000000006a7]
J 44657 c1 com.android.tools.r8.internal.I00$$Lambda+0x0000000129d3d468.accept(Ljava/lang/Object;)V (16 bytes) @ 0x0000000113a50004 [0x0000000113a4fdc0+0x0000000000000244]
J 45446 c2 java.util.ArrayList.forEach(Ljava/util/function/Consumer;)V java.base@22.0.2 (74 bytes) @ 0x0000000119a1f580 [0x0000000119a1f4a0+0x00000000000000e0]
J 46799 c1 com.android.tools.r8.internal.t70.a(Lcom/android/tools/r8/graph/H5;Lcom/android/tools/r8/internal/ea;Lcom/android/tools/r8/internal/k40;Lcom/android/tools/r8/internal/dX;Lcom/android/tools/r8/internal/Df;Lcom/android/tools/r8/internal/ns0;)Lcom/android/tools/r8/internal/ns0; (122 bytes) @ 0x0000000115a469c4 [0x0000000115a46000+0x00000000000009c4]
J 46795 c1 com.android.tools.r8.internal.t70$$Lambda+0x0000000129d3cdd0.get()Ljava/lang/Object; (32 bytes) @ 0x0000000115a43f5c [0x0000000115a43ea0+0x00000000000000bc]
J 43060 c1 com.android.tools.r8.internal.lv.a(Lcom/android/tools/r8/origin/Origin;Lcom/android/tools/r8/position/Position;Ljava/util/function/Supplier;)Ljava/lang/Object; (141 bytes) @ 0x00000001117c3a34 [0x00000001117c3940+0x00000000000000f4]
J 46800 c1 com.android.tools.r8.internal.t70.a(Lcom/android/tools/r8/graph/H5;Lcom/android/tools/r8/internal/ea;Lcom/android/tools/r8/internal/k40;Lcom/android/tools/r8/internal/Ki;Lcom/android/tools/r8/internal/Df;Lcom/android/tools/r8/internal/ns0;)V (50 bytes) @ 0x0000000115a454cc [0x0000000115a44ce0+0x00000000000007ec]
J 46762 c1 com.android.tools.r8.internal.Ki.a(Lcom/android/tools/r8/graph/H5;Lcom/android/tools/r8/internal/ea;Lcom/android/tools/r8/internal/ns0;)V (1006 bytes) @ 0x0000000115a3a25c [0x0000000115a34b40+0x000000000000571c]
J 51524 c1 com.android.tools.r8.internal.t70.a(Lcom/android/tools/r8/graph/H2;Lcom/android/tools/r8/internal/ea;Lcom/android/tools/r8/internal/Ki;Lcom/android/tools/r8/internal/JI;Lcom/android/tools/r8/internal/ns0;)V (145 bytes) @ 0x00000001118e456c [0x00000001118e33e0+0x000000000000118c]
J 51516 c1 com.android.tools.r8.internal.Gc.a(Lcom/android/tools/r8/graph/H2;Lcom/android/tools/r8/internal/ea;Lcom/android/tools/r8/internal/ns0;)V (54 bytes) @ 0x00000001114ff084 [0x00000001114fef00+0x0000000000000184]
J 51515 c1 com.android.tools.r8.internal.Ec.a(Lcom/android/tools/r8/internal/ea;Lcom/android/tools/r8/graph/H2;)Lcom/android/tools/r8/internal/ns0; (26 bytes) @ 0x00000001113983d4 [0x0000000111398080+0x0000000000000354]
J 51517 c1 com.android.tools.r8.internal.Gc$$Lambda+0x0000000129d38ef0.apply(Ljava/lang/Object;)Ljava/lang/Object; (16 bytes) @ 0x0000000111741694 [0x00000001117414e0+0x00000000000001b4]
J 51459 c1 com.android.tools.r8.internal.Kr0$$Lambda+0x0000000129d35f08.a(Ljava/lang/Object;I)Ljava/lang/Object; (10 bytes) @ 0x0000000111324a0c [0x00000001113248c0+0x000000000000014c]
J 45314 c1 com.android.tools.r8.internal.Kr0$$Lambda+0x0000000129cbcf08.call()Ljava/lang/Object; (16 bytes) @ 0x0000000112747794 [0x0000000112747640+0x0000000000000154]
J 42464 c1 com.google.common.util.concurrent.TrustedListenableFutureTask$TrustedFutureInterruptibleTask.runInterruptibly()Ljava/lang/Object; (10 bytes) @ 0x000000011534ae14 [0x000000011534ada0+0x0000000000000074]
J 43106 c1 com.google.common.util.concurrent.InterruptibleTask.run()V (190 bytes) @ 0x000000011505a1bc [0x00000001150599a0+0x000000000000081c]
J 43017 c1 com.google.common.util.concurrent.AbstractListeningExecutorService.submit(Ljava/util/concurrent/Callable;)Ljava/util/concurrent/Future; (6 bytes) @ 0x000000011139b4cc [0x000000011139b140+0x000000000000038c]
J 43980 c1 com.android.tools.r8.internal.xr0.a(Ljava/util/concurrent/Callable;)V (25 bytes) @ 0x000000011245c8f4 [0x000000011245c760+0x0000000000000194]
J 45486 c1 com.android.tools.r8.internal.Kr0.a(Lcom/android/tools/r8/internal/xr0;Lcom/android/tools/r8/internal/cs0;ILjava/lang/Object;)V (30 bytes) @ 0x000000011322b6ac [0x000000011322b140+0x000000000000056c]
J 44215 c1 com.android.tools.r8.internal.Kr0$$Lambda+0x0000000129cbc680.a(ILjava/lang/Object;)V (14 bytes) @ 0x0000000114bf68a4 [0x0000000114bf6820+0x0000000000000084]
J 45474 c1 com.android.tools.r8.internal.Yx$$Lambda+0x0000000129cbccd8.accept(Ljava/lang/Object;)V (13 bytes) @ 0x0000000111ed8f4c [0x0000000111ed8d60+0x00000000000001ec]
J 45446 c2 java.util.ArrayList.forEach(Ljava/util/function/Consumer;)V java.base@22.0.2 (74 bytes) @ 0x0000000119a1f580 [0x0000000119a1f4a0+0x00000000000000e0]
J 52792 c1 com.android.tools.r8.internal.Kr0$$Lambda+0x0000000129d369e8.forEach(Ljava/util/function/Consumer;)V (11 bytes) @ 0x0000000112744214 [0x00000001127441a0+0x0000000000000074]
J 51564 c1 com.android.tools.r8.internal.Yx.a(Lcom/android/tools/r8/internal/ZH;)V (20 bytes) @ 0x00000001112a0bac [0x00000001112a0a40+0x000000000000016c]
J 50569 c1 com.android.tools.r8.internal.Kr0.a(Lcom/android/tools/r8/internal/Yx;Lcom/android/tools/r8/internal/cs0;Ljava/util/function/Predicate;Lcom/android/tools/r8/threading/ThreadingModule;Ljava/util/concurrent/ExecutorService;)Ljava/util/ArrayList; (38 bytes) @ 0x000000011621a4dc [0x000000011621a360+0x000000000000017c]
J 52790 c1 com.android.tools.r8.internal.Kr0.a(Ljava/lang/Iterable;Lcom/android/tools/r8/internal/cs0;Lcom/android/tools/r8/threading/ThreadingModule;Ljava/util/concurrent/ExecutorService;)Ljava/util/ArrayList; (19 bytes) @ 0x0000000111dcd74c [0x0000000111dcd660+0x00000000000000ec]
J 53688 c1 com.android.tools.r8.internal.Gc.a(Lcom/android/tools/r8/internal/Hc;Ljava/util/concurrent/ExecutorService;Lcom/android/tools/r8/internal/ns0;)V (716 bytes) @ 0x0000000111b304c4 [0x0000000111b2f0e0+0x00000000000013e4]
j  com.android.tools.r8.internal.Gc.a(Ljava/util/concurrent/ExecutorService;Lcom/android/tools/r8/internal/ns0;)Lcom/android/tools/r8/internal/Ic;+20
j  com.android.tools.r8.internal.t70.a(Lcom/android/tools/r8/graph/y;Ljava/util/concurrent/ExecutorService;)V+168
j  com.android.tools.r8.D8.d(Lcom/android/tools/r8/utils/i;Lcom/android/tools/r8/internal/nJ;Ljava/util/concurrent/ExecutorService;)V+315
j  com.android.tools.r8.D8.b(Lcom/android/tools/r8/utils/i;Lcom/android/tools/r8/internal/nJ;Ljava/util/concurrent/ExecutorService;)V+3
j  com.android.tools.r8.D8$$Lambda+0x0000000129c65510.run()V+12
J 53965 c1 com.android.tools.r8.internal.lv.a(Lcom/android/tools/r8/internal/Ef0;Lcom/android/tools/r8/internal/lv$a;)V (18 bytes) @ 0x00000001116e2cd4 [0x00000001116e2c80+0x0000000000000054]
j  com.android.tools.r8.internal.lv.b(Lcom/android/tools/r8/internal/Ef0;Lcom/android/tools/r8/internal/lv$a;)V+2
j  com.android.tools.r8.D8.run(Lcom/android/tools/r8/D8Command;Ljava/util/concurrent/ExecutorService;)V+22
j  com.android.builder.dexing.D8DexArchiveBuilder.convert(Ljava/util/stream/Stream;Ljava/nio/file/Path;Ljava/nio/file/Path;Lcom/android/builder/dexing/DependencyGraphUpdater;)V+298
j  com.android.build.gradle.internal.dependency.BaseDexingTransform.process(Ljava/io/File;Lkotlin/jvm/functions/Function2;Ljava/util/List;Ljava/io/File;Ljava/io/File;ZLcom/android/build/gradle/internal/dependency/DesugarGraph;)V+795
j  com.android.build.gradle.internal.dependency.BaseDexingTransform.processNonIncrementally(Ljava/io/File;Ljava/util/List;Ljava/io/File;Ljava/io/File;ZLjava/io/File;)V+112
j  com.android.build.gradle.internal.dependency.BaseDexingTransform.transform(Lorg/gradle/api/artifacts/transform/TransformOutputs;)V+367
J 38569 c1 org.gradle.api.internal.artifacts.transform.DefaultTransform.transform(Lorg/gradle/api/provider/Provider;Ljava/io/File;Lorg/gradle/api/internal/artifacts/transform/TransformDependencies;Lorg/gradle/work/InputChanges;)Lorg/gradle/api/internal/artifacts/transform/TransformExecutionResult; (53 bytes) @ 0x0000000113bfc2dc [0x0000000113bfc100+0x00000000000001dc]
J 38568 c1 org.gradle.api.internal.artifacts.transform.AbstractTransformExecution$2.call(Lorg/gradle/internal/operations/BuildOperationContext;)Lorg/gradle/api/internal/artifacts/transform/TransformExecutionResult; (110 bytes) @ 0x0000000112af7304 [0x0000000112af6fc0+0x0000000000000344]
J 38567 c1 org.gradle.api.internal.artifacts.transform.AbstractTransformExecution$2.call(Lorg/gradle/internal/operations/BuildOperationContext;)Ljava/lang/Object; (6 bytes) @ 0x00000001149e8a84 [0x00000001149e8a20+0x0000000000000064]
J 14516 c1 org.gradle.internal.operations.DefaultBuildOperationRunner$CallableBuildOperationWorker.execute(Lorg/gradle/internal/operations/BuildOperation;Lorg/gradle/internal/operations/BuildOperationContext;)V (10 bytes) @ 0x00000001128c717c [0x00000001128c6f40+0x000000000000023c]
J 40311 c2 org.gradle.internal.operations.DefaultBuildOperationRunner$2.execute(Lorg/gradle/internal/operations/BuildOperationDescriptor;Lorg/gradle/internal/operations/BuildOperationState;Lorg/gradle/internal/operations/BuildOperationState;Lorg/gradle/internal/operations/DefaultBuildOperationRunner$ReadableBuildOperationContext;Lorg/gradle/internal/operations/DefaultBuildOperationRunner$BuildOperationExecutionListener;)Lorg/gradle/internal/operations/BuildOperation; (110 bytes) @ 0x0000000119abbad8 [0x0000000119abb680+0x0000000000000458]
J 28807 c2 org.gradle.internal.operations.DefaultBuildOperationRunner.execute(Lorg/gradle/internal/operations/BuildOperation;Lorg/gradle/internal/operations/BuildOperationWorker;Lorg/gradle/internal/operations/BuildOperationState;)V (23 bytes) @ 0x000000011977f620 [0x000000011977ed60+0x00000000000008c0]
J 14506 c1 org.gradle.internal.operations.DefaultBuildOperationRunner.call(Lorg/gradle/internal/operations/CallableBuildOperation;)Ljava/lang/Object; (24 bytes) @ 0x00000001128c2614 [0x00000001128c2180+0x0000000000000494]
J 38564 c1 org.gradle.api.internal.artifacts.transform.AbstractTransformExecution.executeWithinTransformerListener(Lorg/gradle/internal/execution/UnitOfWork$ExecutionRequest;)Lorg/gradle/internal/execution/UnitOfWork$WorkOutput; (32 bytes) @ 0x0000000112b9581c [0x0000000112b956c0+0x000000000000015c]
J 38562 c1 org.gradle.api.internal.artifacts.transform.AbstractTransformExecution.execute(Lorg/gradle/internal/execution/UnitOfWork$ExecutionRequest;)Lorg/gradle/internal/execution/UnitOfWork$WorkOutput; (62 bytes) @ 0x0000000114c5350c [0x0000000114c53460+0x00000000000000ac]
J 38695 c1 org.gradle.internal.execution.steps.ExecuteStep.executeInternal(Lorg/gradle/internal/execution/UnitOfWork;Lorg/gradle/internal/execution/steps/InputChangesContext;)Lorg/gradle/internal/execution/steps/Result; (78 bytes) @ 0x0000000111ee0b04 [0x0000000111ee0960+0x00000000000001a4]
J 38692 c1 org.gradle.internal.execution.steps.ExecuteStep$1.call(Lorg/gradle/internal/operations/BuildOperationContext;)Ljava/lang/Object; (6 bytes) @ 0x0000000112bf043c [0x0000000112bf03c0+0x000000000000007c]
J 14516 c1 org.gradle.internal.operations.DefaultBuildOperationRunner$CallableBuildOperationWorker.execute(Lorg/gradle/internal/operations/BuildOperation;Lorg/gradle/internal/operations/BuildOperationContext;)V (10 bytes) @ 0x00000001128c717c [0x00000001128c6f40+0x000000000000023c]
J 40311 c2 org.gradle.internal.operations.DefaultBuildOperationRunner$2.execute(Lorg/gradle/internal/operations/BuildOperationDescriptor;Lorg/gradle/internal/operations/BuildOperationState;Lorg/gradle/internal/operations/BuildOperationState;Lorg/gradle/internal/operations/DefaultBuildOperationRunner$ReadableBuildOperationContext;Lorg/gradle/internal/operations/DefaultBuildOperationRunner$BuildOperationExecutionListener;)Lorg/gradle/internal/operations/BuildOperation; (110 bytes) @ 0x0000000119abbad8 [0x0000000119abb680+0x0000000000000458]
J 28807 c2 org.gradle.internal.operations.DefaultBuildOperationRunner.execute(Lorg/gradle/internal/operations/BuildOperation;Lorg/gradle/internal/operations/BuildOperationWorker;Lorg/gradle/internal/operations/BuildOperationState;)V (23 bytes) @ 0x000000011977f620 [0x000000011977ed60+0x00000000000008c0]
J 14506 c1 org.gradle.internal.operations.DefaultBuildOperationRunner.call(Lorg/gradle/internal/operations/CallableBuildOperation;)Ljava/lang/Object; (24 bytes) @ 0x00000001128c2614 [0x00000001128c2180+0x0000000000000494]
J 38702 c1 org.gradle.internal.execution.steps.ExecuteStep.execute(Lorg/gradle/internal/execution/UnitOfWork;Lorg/gradle/internal/execution/steps/ChangingOutputsContext;)Lorg/gradle/internal/execution/steps/Result; (37 bytes) @ 0x0000000111fd25c4 [0x0000000111fd23c0+0x0000000000000204]
J 38450 c1 org.gradle.internal.execution.steps.ExecuteStep.execute(Lorg/gradle/internal/execution/UnitOfWork;Lorg/gradle/internal/execution/steps/Context;)Lorg/gradle/internal/execution/steps/Result; (10 bytes) @ 0x0000000112a79734 [0x0000000112a796a0+0x0000000000000094]
J 38448 c1 org.gradle.internal.execution.steps.CancelExecutionStep.execute(Lorg/gradle/internal/execution/UnitOfWork;Lorg/gradle/internal/execution/steps/Context;)Lorg/gradle/internal/execution/steps/Result; (168 bytes) @ 0x0000000113ccc644 [0x0000000113ccc4c0+0x0000000000000184]
J 38199 c1 org.gradle.internal.execution.steps.TimeoutStep.execute(Lorg/gradle/internal/execution/UnitOfWork;Lorg/gradle/internal/execution/steps/Context;)Lorg/gradle/internal/execution/steps/Result; (96 bytes) @ 0x00000001122a6414 [0x00000001122a60a0+0x0000000000000374]
J 38442 c1 org.gradle.internal.execution.steps.PreCreateOutputParentsStep.execute(Lorg/gradle/internal/execution/UnitOfWork;Lorg/gradle/internal/execution/steps/ChangingOutputsContext;)Lorg/gradle/internal/execution/steps/Result; (30 bytes) @ 0x000000011299c9fc [0x000000011299c8c0+0x000000000000013c]
J 38441 c1 org.gradle.internal.execution.steps.PreCreateOutputParentsStep.execute(Lorg/gradle/internal/execution/UnitOfWork;Lorg/gradle/internal/execution/steps/Context;)Lorg/gradle/internal/execution/steps/Result; (10 bytes) @ 0x0000000112443b34 [0x0000000112443aa0+0x0000000000000094]
J 38700 c1 org.gradle.internal.execution.steps.BroadcastChangingOutputsStep.execute(Lorg/gradle/internal/execution/UnitOfWork;Lorg/gradle/internal/execution/steps/InputChangesContext;)Lorg/gradle/internal/execution/steps/Result; (90 bytes) @ 0x00000001122f8a24 [0x00000001122f83e0+0x0000000000000644]
J 38698 c1 org.gradle.internal.execution.steps.BroadcastChangingOutputsStep.execute(Lorg/gradle/internal/execution/UnitOfWork;Lorg/gradle/internal/execution/steps/Context;)Lorg/gradle/internal/execution/steps/Result; (10 bytes) @ 0x0000000114bf9434 [0x0000000114bf93a0+0x0000000000000094]
J 38252 c1 org.gradle.internal.execution.steps.NoInputChangesStep.execute(Lorg/gradle/internal/execution/UnitOfWork;Lorg/gradle/internal/execution/steps/ValidationFinishedContext;)Lorg/gradle/internal/execution/steps/Result; (29 bytes) @ 0x00000001120d916c [0x00000001120d8da0+0x00000000000003cc]
J 38251 c1 org.gradle.internal.execution.steps.NoInputChangesStep.execute(Lorg/gradle/internal/execution/UnitOfWork;Lorg/gradle/internal/execution/steps/Context;)Lorg/gradle/internal/execution/steps/Result; (10 bytes) @ 0x0000000112ac55b4 [0x0000000112ac5520+0x0000000000000094]
J 38430 c1 org.gradle.internal.execution.steps.CaptureOutputsAfterExecutionStep.execute(Lorg/gradle/internal/execution/UnitOfWork;Lorg/gradle/internal/execution/steps/WorkspaceContext;)Lorg/gradle/internal/execution/steps/AfterExecutionResult; (56 bytes) @ 0x00000001123350e4 [0x0000000112335040+0x00000000000000a4]
J 38438 c1 org.gradle.internal.execution.steps.CaptureOutputsAfterExecutionStep.execute(Lorg/gradle/internal/execution/UnitOfWork;Lorg/gradle/internal/execution/steps/Context;)Lorg/gradle/internal/execution/steps/Result; (10 bytes) @ 0x0000000112ba7b34 [0x0000000112ba7aa0+0x0000000000000094]
J 38697 c1 org.gradle.internal.execution.steps.BuildCacheStep$$Lambda+0x00000001287cb228.apply(Ljava/lang/Object;)Ljava/lang/Object; (20 bytes) @ 0x0000000113e9c304 [0x0000000113e9c240+0x00000000000000c4]
J 38436 c1 org.gradle.internal.execution.steps.BuildCacheStep.execute(Lorg/gradle/internal/execution/UnitOfWork;Lorg/gradle/internal/execution/steps/WorkspaceContext;)Lorg/gradle/internal/execution/steps/AfterExecutionResult; (32 bytes) @ 0x0000000113d5c634 [0x0000000113d5c380+0x00000000000002b4]
J 38435 c1 org.gradle.internal.execution.steps.BuildCacheStep.execute(Lorg/gradle/internal/execution/UnitOfWork;Lorg/gradle/internal/execution/steps/Context;)Lorg/gradle/internal/execution/steps/Result; (10 bytes) @ 0x00000001129e9cb4 [0x00000001129e9c20+0x0000000000000094]
J 38510 c1 org.gradle.internal.execution.steps.NeverUpToDateStep.execute(Lorg/gradle/internal/execution/UnitOfWork;Lorg/gradle/internal/execution/steps/NonIncrementalCachingContext;)Lorg/gradle/internal/execution/steps/UpToDateResult; (27 bytes) @ 0x0000000113d50034 [0x0000000113d4ffc0+0x0000000000000074]
J 38531 c1 org.gradle.internal.execution.steps.NeverUpToDateStep.execute(Lorg/gradle/internal/execution/UnitOfWork;Lorg/gradle/internal/execution/steps/Context;)Lorg/gradle/internal/execution/steps/Result; (10 bytes) @ 0x00000001121fbab4 [0x00000001121fba20+0x0000000000000094]
J 38191 c1 org.gradle.internal.execution.steps.legacy.MarkSnapshottingInputsFinishedStep.execute(Lorg/gradle/internal/execution/UnitOfWork;Lorg/gradle/internal/execution/steps/Context;)Lorg/gradle/internal/execution/steps/Result; (10 bytes) @ 0x0000000111ec46dc [0x0000000111ec45c0+0x000000000000011c]
J 38532 c1 org.gradle.internal.execution.steps.ResolveNonIncrementalCachingStateStep.executeDelegate(Lorg/gradle/internal/execution/UnitOfWork;Lorg/gradle/internal/execution/steps/ValidationFinishedContext;Lorg/gradle/internal/execution/caching/CachingState;)Lorg/gradle/internal/execution/steps/UpToDateResult; (23 bytes) @ 0x000000011217db44 [0x000000011217d800+0x0000000000000344]
J 38423 c1 org.gradle.internal.execution.steps.AbstractResolveCachingStateStep.execute(Lorg/gradle/internal/execution/UnitOfWork;Lorg/gradle/internal/execution/steps/ValidationFinishedContext;)Lorg/gradle/internal/execution/steps/CachingResult; (67 bytes) @ 0x00000001129731ac [0x0000000112972c40+0x000000000000056c]
J 38422 c1 org.gradle.internal.execution.steps.AbstractResolveCachingStateStep.execute(Lorg/gradle/internal/execution/UnitOfWork;Lorg/gradle/internal/execution/steps/Context;)Lorg/gradle/internal/execution/steps/Result; (10 bytes) @ 0x0000000112cb2334 [0x0000000112cb22a0+0x0000000000000094]
J 38195 c1 org.gradle.internal.execution.steps.ValidateStep.execute(Lorg/gradle/internal/execution/UnitOfWork;Lorg/gradle/internal/execution/steps/BeforeExecutionContext;)Lorg/gradle/internal/execution/steps/Result; (261 bytes) @ 0x00000001139a57cc [0x00000001139a49c0+0x0000000000000e0c]
J 38187 c1 org.gradle.internal.execution.steps.ValidateStep.execute(Lorg/gradle/internal/execution/UnitOfWork;Lorg/gradle/internal/execution/steps/Context;)Lorg/gradle/internal/execution/steps/Result; (10 bytes) @ 0x000000011213e2b4 [0x000000011213e220+0x0000000000000094]
J 32998 c1 org.gradle.internal.execution.steps.AbstractCaptureStateBeforeExecutionStep.execute(Lorg/gradle/internal/execution/UnitOfWork;Lorg/gradle/internal/execution/steps/PreviousExecutionContext;)Lorg/gradle/internal/execution/steps/CachingResult; (41 bytes) @ 0x0000000111d5fffc [0x0000000111d5fce0+0x000000000000031c]
J 32997 c1 org.gradle.internal.execution.steps.AbstractCaptureStateBeforeExecutionStep.execute(Lorg/gradle/internal/execution/UnitOfWork;Lorg/gradle/internal/execution/steps/Context;)Lorg/gradle/internal/execution/steps/Result; (10 bytes) @ 0x0000000111c6e334 [0x0000000111c6e2a0+0x0000000000000094]
J 32986 c1 org.gradle.internal.execution.steps.legacy.MarkSnapshottingInputsStartedStep.execute(Lorg/gradle/internal/execution/UnitOfWork;Lorg/gradle/internal/execution/steps/Context;)Lorg/gradle/internal/execution/steps/Result; (37 bytes) @ 0x000000011395e394 [0x000000011395e2e0+0x00000000000000b4]
J 38242 c1 org.gradle.internal.execution.steps.AssignImmutableWorkspaceStep.lambda$executeInTemporaryWorkspace$3(Lorg/gradle/internal/execution/steps/IdentityContext;Lorg/gradle/internal/execution/UnitOfWork;Lorg/gradle/internal/execution/workspace/ImmutableWorkspaceProvider$ImmutableWorkspace;Ljava/io/File;)Lorg/gradle/internal/execution/steps/WorkspaceResult; (158 bytes) @ 0x00000001122ad3ac [0x00000001122ace00+0x00000000000005ac]
J 38241 c1 org.gradle.internal.execution.steps.AssignImmutableWorkspaceStep$$Lambda+0x00000001287c1150.executeInTemporaryWorkspace(Ljava/io/File;)Ljava/lang/Object; (21 bytes) @ 0x00000001129debac [0x00000001129deb20+0x000000000000008c]
J 38528 c1 org.gradle.internal.execution.workspace.impl.CacheBasedImmutableWorkspaceProvider$1.withTemporaryWorkspace(Lorg/gradle/internal/execution/workspace/ImmutableWorkspaceProvider$ImmutableWorkspace$TemporaryWorkspaceAction;)Ljava/lang/Object; (53 bytes) @ 0x00000001122a3534 [0x00000001122a3240+0x00000000000002f4]
J 38239 c1 org.gradle.internal.execution.steps.AssignImmutableWorkspaceStep.executeInTemporaryWorkspace(Lorg/gradle/internal/execution/UnitOfWork;Lorg/gradle/internal/execution/steps/IdentityContext;Lorg/gradle/internal/execution/workspace/ImmutableWorkspaceProvider$ImmutableWorkspace;)Lorg/gradle/internal/execution/steps/WorkspaceResult; (19 bytes) @ 0x00000001120f769c [0x00000001120f74e0+0x00000000000001bc]
J 38237 c1 org.gradle.internal.execution.steps.AssignImmutableWorkspaceStep$$Lambda+0x000000012859a370.get()Ljava/lang/Object; (20 bytes) @ 0x0000000112994b24 [0x0000000112994aa0+0x0000000000000084]
J 41916 c1 org.gradle.internal.execution.steps.AssignImmutableWorkspaceStep.execute(Lorg/gradle/internal/execution/UnitOfWork;Lorg/gradle/internal/execution/steps/IdentityContext;)Lorg/gradle/internal/execution/steps/WorkspaceResult; (55 bytes) @ 0x000000011318ff54 [0x000000011318f580+0x00000000000009d4]
J 41951 c1 org.gradle.internal.execution.steps.AssignImmutableWorkspaceStep.execute(Lorg/gradle/internal/execution/UnitOfWork;Lorg/gradle/internal/execution/steps/Context;)Lorg/gradle/internal/execution/steps/Result; (10 bytes) @ 0x000000011246fa0c [0x000000011246f8c0+0x000000000000014c]
J 41372 c1 org.gradle.internal.execution.steps.ChoosePipelineStep.execute(Lorg/gradle/internal/execution/UnitOfWork;Lorg/gradle/internal/execution/steps/IdentityContext;)Lorg/gradle/internal/execution/steps/Result; (71 bytes) @ 0x000000011128c09c [0x000000011128b8a0+0x00000000000007fc]
J 41823 c1 org.gradle.internal.execution.steps.ChoosePipelineStep.execute(Lorg/gradle/internal/execution/UnitOfWork;Lorg/gradle/internal/execution/steps/Context;)Lorg/gradle/internal/execution/steps/Result; (10 bytes) @ 0x000000011349208c [0x0000000113491f40+0x000000000000014c]
J 42137 c1 org.gradle.internal.execution.steps.ExecuteWorkBuildOperationFiringStep.lambda$execute$0(Lorg/gradle/internal/execution/UnitOfWork;Lorg/gradle/internal/execution/steps/IdentityContext;Lorg/gradle/internal/operations/BuildOperationContext;)Lorg/gradle/internal/execution/steps/CachingResult; (78 bytes) @ 0x0000000114bacd7c [0x0000000114bacc60+0x000000000000011c]
J 42136 c1 org.gradle.internal.execution.steps.ExecuteWorkBuildOperationFiringStep$$Lambda+0x0000000128fffd18.apply(Ljava/lang/Object;)Ljava/lang/Object; (20 bytes) @ 0x00000001126fca54 [0x00000001126fc8c0+0x0000000000000194]
J 14443 c1 org.gradle.internal.execution.steps.BuildOperationStep$1.call(Lorg/gradle/internal/operations/BuildOperationContext;)Ljava/lang/Object; (11 bytes) @ 0x00000001128a83b4 [0x00000001128a82a0+0x0000000000000114]
J 14516 c1 org.gradle.internal.operations.DefaultBuildOperationRunner$CallableBuildOperationWorker.execute(Lorg/gradle/internal/operations/BuildOperation;Lorg/gradle/internal/operations/BuildOperationContext;)V (10 bytes) @ 0x00000001128c717c [0x00000001128c6f40+0x000000000000023c]
J 40311 c2 org.gradle.internal.operations.DefaultBuildOperationRunner$2.execute(Lorg/gradle/internal/operations/BuildOperationDescriptor;Lorg/gradle/internal/operations/BuildOperationState;Lorg/gradle/internal/operations/BuildOperationState;Lorg/gradle/internal/operations/DefaultBuildOperationRunner$ReadableBuildOperationContext;Lorg/gradle/internal/operations/DefaultBuildOperationRunner$BuildOperationExecutionListener;)Lorg/gradle/internal/operations/BuildOperation; (110 bytes) @ 0x0000000119abbad8 [0x0000000119abb680+0x0000000000000458]
J 28807 c2 org.gradle.internal.operations.DefaultBuildOperationRunner.execute(Lorg/gradle/internal/operations/BuildOperation;Lorg/gradle/internal/operations/BuildOperationWorker;Lorg/gradle/internal/operations/BuildOperationState;)V (23 bytes) @ 0x000000011977f620 [0x000000011977ed60+0x00000000000008c0]
J 14506 c1 org.gradle.internal.operations.DefaultBuildOperationRunner.call(Lorg/gradle/internal/operations/CallableBuildOperation;)Ljava/lang/Object; (24 bytes) @ 0x00000001128c2614 [0x00000001128c2180+0x0000000000000494]
J 14445 c1 org.gradle.internal.execution.steps.BuildOperationStep.operation(Ljava/util/function/Function;Lorg/gradle/internal/operations/BuildOperationDescriptor$Builder;)Ljava/lang/Object; (20 bytes) @ 0x00000001128a427c [0x00000001128a4060+0x000000000000021c]
J 42657 c1 org.gradle.internal.execution.steps.ExecuteWorkBuildOperationFiringStep.lambda$execute$1(Lorg/gradle/internal/execution/UnitOfWork;Lorg/gradle/internal/execution/steps/IdentityContext;Ljava/lang/String;)Lorg/gradle/internal/execution/steps/CachingResult; (41 bytes) @ 0x00000001153c72a4 [0x00000001153c68a0+0x0000000000000a04]
J 42103 c1 org.gradle.internal.execution.steps.ExecuteWorkBuildOperationFiringStep$$Lambda+0x000000012853f908.apply(Ljava/lang/Object;)Ljava/lang/Object; (20 bytes) @ 0x0000000114b29d34 [0x0000000114b29bc0+0x0000000000000174]
J 41806 c1 org.gradle.internal.execution.steps.ExecuteWorkBuildOperationFiringStep.execute(Lorg/gradle/internal/execution/UnitOfWork;Lorg/gradle/internal/execution/steps/Context;)Lorg/gradle/internal/execution/steps/Result; (10 bytes) @ 0x0000000112f43c8c [0x0000000112f43420+0x000000000000086c]
...<more frames>...

siginfo: si_signo: 10 (SIGBUS), si_code: 2 (BUS_ADRERR), si_addr: 0x0000000127cd8848

Registers:
RAX=0x0000000727c98fa8, RBX=0x0000000129cabbf0, RCX=0x000000017e7fc000, RDX=0x0000000000000002
RSP=0x0000700016c9d6d0, RBP=0x0000000000000002, RSI=0x000000074b215740, RDI=0x0000000127cd8810
R8 =0x0000000000000158, R9 =0x0000000000000026, R10=0x0000000127000000, R11=0x00000000e4f930d8
R12=0x0000000000000000, R13=0x0000000000000230, R14=0x0000000127010cd8, R15=0x00007fb4ceb26800
RIP=0x000000011577c3c7, EFLAGS=0x0000000000010202, ERR=0x0000000000000004
  TRAPNO=0x000000000000000e


Register to memory mapping:

RAX=
[error occurred during error reporting (printing register info), id 0xb, SIGSEGV (0xb) at pc=0x0000000107dfe6e6]
RBX=0x0000000129cabbf0 is a pointer to class: 
com.android.tools.r8.internal.W9 {0x0000000129cabbf0}
 - instance size:     2
 - klass size:        123
 - access:            public abstract 
 - flags:             rewritten should_verify_class has_vanilla_constructor has_final_method has_resolved_methods 
 - state:             fully_initialized
 - name:              'com/android/tools/r8/internal/W9'
 - super:             'java/lang/Object'
 - sub:               'com/android/tools/r8/internal/ha'   'com/android/tools/r8/internal/ga'   'com/android/tools/r8/internal/ka'   'com/android/tools/r8/internal/u9'   (29 more klasses...)
 - arrays:            'com/android/tools/r8/internal/W9'[]
 - methods:           Array<T>(0x000000017ea33838)
 - method ordering:   Array<T>(0x0000000127b07530)
 - default_methods:   Array<T>(0x0000000000000000)
 - local interfaces:  Array<T>(0x000000017ea325d8)
 - trans. interfaces: Array<T>(0x000000017ea37d78)
 - constants:         constant pool [214]/operands[8] {0x000000017ea31648} for 'com/android/tools/r8/internal/W9' cache=0x000000017eb64b60
 - class loader data:  loader data: 0x0000600004aa1680 for instance a 'org/gradle/internal/classloader/VisitableURLClassLoader$InstrumentingVisitableURLClassLoader'{0x00000007080ade88}
 - source file:       'R8_8.10.21_059a5f5d0bc42db5aada8bbbd6a8cf4a42a64383686c7191f2ae98ca115e2ce9'
 - class annotations:       Array<T>(0x0000000000000000)
 - class type annotations:  Array<T>(0x0000000000000000)
 - field annotations:       Array<T>(0x0000000000000000)
 - field type annotations:  Array<T>(0x0000000000000000)
 - inner classes:     Array<T>(0x00000001275e1790)
 - nest members:     Array<T>(0x00000001275e1790)
 - permitted subclasses:     Array<T>(0x00000001275e1790)
 - java mirror:       a 'java/lang/Class'{0x0000000702e13598} = 'com/android/tools/r8/internal/W9'
 - vtable length      57  (start addr: 0x0000000129cabdb8)
 - itable length      9 (start addr: 0x0000000129cabf80)
 - ---- static fields (1 words):
 - public static final synthetic 'b' 'Z' @112 
 - ---- non-static fields (0 words):
 - non-static oop maps: 
RCX=0x000000017e7fc000 is pointing into metadata
RDX=0x0000000000000002 is an unknown value
RSP=0x0000700016c9d6d0 is pointing into the stack for thread: 0x00007fb4ceb26800
RBP=0x0000000000000002 is an unknown value
RSI=0x000000074b215740 is an oop: java.util.ArrayList$Itr 
{0x000000074b215740} - klass: 'java/util/ArrayList$Itr'
 - ---- fields (total size 4 words):
 - 'cursor' 'I' @12  39 (0x00000027)
 - 'lastRet' 'I' @16  38 (0x00000026)
 - 'expectedModCount' 'I' @20  53 (0x00000035)
 - final synthetic 'this$0' 'Ljava/util/ArrayList;' @24  a 'java/util/ArrayList'{0x0000000727c986a8} (0xe4f930d5)
RDI=0x0000000127cd8810 is an unknown value
R8 =0x0000000000000158 is an unknown value
R9 =0x0000000000000026 is an unknown value
R10=0x0000000127000000 is pointing into metadata
R11=3841536216 is a compressed pointer to object: [Ljava.lang.Object; 
{0x0000000727c986c0} - klass: 'java/lang/Object'[]
 - length: 73
R12=0x0 is null
R13=0x0000000000000230 is an unknown value
R14=0x0000000127010cd8 is a pointer to class: 
java.util.Iterator {0x0000000127010cd8}
 - instance size:     2
 - klass size:        63
 - access:            public interface abstract 
 - flags:             rewritten has_nonstatic_concrete_methods declares_nonstatic_concrete_methods is_shared_boot_class has_localvariable_table 
 - state:             fully_initialized
 - name:              'java/util/Iterator'
 - super:             'java/lang/Object'
 - sub:               
 - nof implementors:  2
 - arrays:            'java/util/Iterator'[]
 - methods:           Array<T>(0x00000001275f7e00)
 - method ordering:   Array<T>(0x00000001275f7e28)
 - default_methods:   Array<T>(0x0000000000000000)
 - local interfaces:  Array<T>(0x00000001275e1808)
 - trans. interfaces: Array<T>(0x00000001275e1808)
 - constants:         constant pool [53] {0x00000001275f7c10} for 'java/util/Iterator' cache=0x00000001274155a8
 - class loader data:  loader data: 0x0000600000dd0000 of 'bootstrap'
 - source file:       'Iterator.java'
 - class annotations:       Array<T>(0x0000000000000000)
 - class type annotations:  Array<T>(0x0000000000000000)
 - field annotations:       Array<T>(0x0000000000000000)
 - field type annotations:  Array<T>(0x0000000000000000)
 - generic signature: '<E:Ljava/lang/Object;>Ljava/lang/Object;'
 - inner classes:     Array<T>(0x00000001275e1790)
 - nest members:     Array<T>(0x00000001275e1790)
 - permitted subclasses:     Array<T>(0x00000001275e1790)
 - java mirror:       a 'java/lang/Class'{0x00000007ff461308} = 'java/util/Iterator'
 - vtable length      5  (start addr: 0x0000000127010ea0)
 - itable length      0 (start addr: 0x0000000127010ec8)
 - ---- static fields (0 words):
 - ---- non-static fields (0 words):
 - non-static oop maps: 
R15=0x00007fb4ceb26800 is a thread

Top of Stack: (sp=0x0000700016c9d6d0)
0x0000700016c9d6d0:   000000074bcadb90 000000074bce7f48
0x0000700016c9d6e0:   0000700016c9d700 0000700016c9d780
0x0000700016c9d6f0:   0000700016c9d780 0000000004001030
0x0000700016c9d700:   0000000000000000 00007fb4ceb26800
0x0000700016c9d710:   0000700016c9d760 0000000108209862
0x0000700016c9d720:   0000700016c9d780 00007fb4ceb26800
0x0000700016c9d730:   0000700016c9d750 0000000129d30000
0x0000700016c9d740:   0000000000000000 0000000107eda900
0x0000700016c9d750:   000000074b2156f8 0000000729361290
0x0000700016c9d760:   0000000755109948 000000072a000288
0x0000700016c9d770:   000000074b215728 0000000727c98fd8
0x0000700016c9d780:   00000001087cd928 00007fb4ceb26800
0x0000700016c9d790:   000000074b2156f8 000000072935ee50
0x0000700016c9d7a0:   0000000000000000 000000017f5daa30
0x0000700016c9d7b0:   000000072935ee50 00007fb4d7b052d0
0x0000700016c9d7c0:   0000000000000002 0000000113a50004
0x0000700016c9d7d0:   0000000000000094 00000001087c9f30
0x0000700016c9d7e0:   0000000000000000 00000007245aa700
0x0000700016c9d7f0:   0000000000000000 0000000115a42000
0x0000700016c9d800:   0000000000000000 000000072935ee50
0x0000700016c9d810:   0000000127110a70 00007fb4ceb26800
0x0000700016c9d820:   0000000000000002 0000000119a1f580
0x0000700016c9d830:   000000074b2156f8 000000072935ee50
0x0000700016c9d840:   0000000be526bdcd 0000000f0000000b
0x0000700016c9d850:   000000072935ee68 000000074bc82770
0x0000700016c9d860:   000000072a000288 000000074b2156f8
0x0000700016c9d870:   0000000000000095 0000000115a469c4
0x0000700016c9d880:   000000074b2156f8 00000001186f6990
0x0000700016c9d890:   000000074b215420 0000000119246152
0x0000700016c9d8a0:   00007fb4ceb26800 000000000000002d
0x0000700016c9d8b0:   000000074bc82a90 000000074bc82b08
0x0000700016c9d8c0:   0000000000000000 000000074b215648 

Instructions: (pc=0x000000011577c3c7)
0x000000011577c2c7:   00 00 75 17 48 89 86 80 02 00 00 48 c7 86 88 02
0x000000011577c2d7:   00 00 01 00 00 00 e9 08 00 00 00 48 83 86 68 02
0x000000011577c2e7:   00 00 01 48 8b b4 24 a0 00 00 00 66 66 90 48 b8
0x000000011577c2f7:   78 70 18 27 01 00 00 00 e8 fc d6 7a 03 0f 1f 84
0x000000011577c307:   00 f4 09 00 04 48 85 c0 48 bf 00 08 46 7f 01 00
0x000000011577c317:   00 00 75 0c 80 8f 91 02 00 00 01 e9 af 00 00 00
0x000000011577c327:   8b 58 08 49 ba 00 00 00 27 01 00 00 00 49 03 da
0x000000011577c337:   48 3b 9f a0 02 00 00 75 0d 48 83 87 a8 02 00 00
0x000000011577c347:   01 e9 60 00 00 00 48 3b 9f b0 02 00 00 75 0d 48
0x000000011577c357:   83 87 b8 02 00 00 01 e9 4a 00 00 00 48 83 bf a0
0x000000011577c367:   02 00 00 00 75 17 48 89 9f a0 02 00 00 48 c7 87
0x000000011577c377:   a8 02 00 00 01 00 00 00 e9 29 00 00 00 48 83 bf
0x000000011577c387:   b0 02 00 00 00 75 17 48 89 9f b0 02 00 00 48 c7
0x000000011577c397:   87 b8 02 00 00 01 00 00 00 e9 08 00 00 00 48 83
0x000000011577c3a7:   87 98 02 00 00 01 48 bb f0 bb ca 29 01 00 00 00
0x000000011577c3b7:   8b 78 08 49 ba 00 00 00 27 01 00 00 00 49 03 fa
0x000000011577c3c7:   48 3b 5f 38 0f 85 22 12 00 00 e9 00 00 00 00 48
0x000000011577c3d7:   8b f8 48 be 00 08 46 7f 01 00 00 00 ff 86 c8 02
0x000000011577c3e7:   00 00 48 3b 07 48 8b f7 48 bb 00 08 46 7f 01 00
0x000000011577c3f7:   00 00 8b 76 08 49 ba 00 00 00 27 01 00 00 00 49
0x000000011577c407:   03 f2 48 3b b3 98 03 00 00 75 0d 48 83 83 a0 03
0x000000011577c417:   00 00 01 e9 60 00 00 00 48 3b b3 a8 03 00 00 75
0x000000011577c427:   0d 48 83 83 b0 03 00 00 01 e9 4a 00 00 00 48 83
0x000000011577c437:   bb 98 03 00 00 00 75 17 48 89 b3 98 03 00 00 48
0x000000011577c447:   c7 83 a0 03 00 00 01 00 00 00 e9 29 00 00 00 48
0x000000011577c457:   83 bb a8 03 00 00 00 75 17 48 89 b3 a8 03 00 00
0x000000011577c467:   48 c7 83 b0 03 00 00 01 00 00 00 e9 08 00 00 00
0x000000011577c477:   48 83 83 90 03 00 00 01 48 8b f7 48 89 bc 24 a8
0x000000011577c487:   00 00 00 66 66 90 48 b8 ff ff ff ff ff ff ff ff
0x000000011577c497:   e8 5c ce 17 03 0f 1f 84 00 8c 0b 00 05 85 c0 48
0x000000011577c4a7:   be 00 08 46 7f 01 00 00 00 48 c7 c7 c0 03 00 00
0x000000011577c4b7:   74 07 48 c7 c7 d0 03 00 00 48 8b 1c 3e 48 8d 5b 


Stack slot to memory mapping:

stack at sp + 0 slots: 0x000000074bcadb90 is an oop: java.util.LinkedList 
{0x000000074bcadb90} - klass: 'java/util/LinkedList'
 - ---- fields (total size 4 words):
 - protected transient 'modCount' 'I' @12  19 (0x00000013)
 - transient 'size' 'I' @16  17 (0x00000011)
 - transient 'first' 'Ljava/util/LinkedList$Node;' @20  a 'java/util/LinkedList$Node'{0x000000074bcb1618} (0xe97962c3)
 - transient 'last' 'Ljava/util/LinkedList$Node;' @24  a 'java/util/LinkedList$Node'{0x000000074bcc94b0} (0xe9799296)
stack at sp + 1 slots: 0x000000074bce7f48 is an oop: com.android.tools.r8.internal.Z5 
{0x000000074bce7f48} - klass: 'com/android/tools/r8/internal/Z5'
 - ---- fields (total size 3 words):
 - public final 'b' 'Ljava/util/ListIterator;' @12  a 'java/util/LinkedList$ListItr'{0x000000074bce7f60} (0xe979cfec)
 - public 'c' 'Lcom/android/tools/r8/internal/W5;' @16  a 'com/android/tools/r8/internal/W5'{0x000000074bcaf8c0} (0xe9795f18)
stack at sp + 2 slots: 0x0000700016c9d700 is pointing into the stack for thread: 0x00007fb4ceb26800
stack at sp + 3 slots: 0x0000700016c9d780 is pointing into the stack for thread: 0x00007fb4ceb26800
stack at sp + 4 slots: 0x0000700016c9d780 is pointing into the stack for thread: 0x00007fb4ceb26800
stack at sp + 5 slots: 0x0000000004001030 is an unknown value
stack at sp + 6 slots: 0x0 is null
stack at sp + 7 slots: 0x00007fb4ceb26800 is a thread


Compiled method (c1) 72096 46088       3       com.android.tools.r8.internal.tc0::a (317 bytes)
 total in heap  [0x000000011577b910,0x000000011577e590] = 11392
 relocation     [0x000000011577ba60,0x000000011577bd20] = 704
 main code      [0x000000011577bd20,0x000000011577da90] = 7536
 stub code      [0x000000011577da90,0x000000011577dbf0] = 352
 oops           [0x000000011577dbf0,0x000000011577dbf8] = 8
 metadata       [0x000000011577dbf8,0x000000011577dc70] = 120
 scopes data    [0x000000011577dc70,0x000000011577e040] = 976
 scopes pcs     [0x000000011577e040,0x000000011577e510] = 1232
 dependencies   [0x000000011577e510,0x000000011577e520] = 16
 nul chk table  [0x000000011577e520,0x000000011577e590] = 112

[Constant Pool (empty)]

[MachCode]
[Entry Point]
  # {method} {0x000000017e73a788} 'a' '(Lcom/android/tools/r8/graph/H5;Lcom/android/tools/r8/internal/ea;)V' in 'com/android/tools/r8/internal/tc0'
  # this:     rsi:rsi   = 'com/android/tools/r8/internal/tc0'
  # parm0:    rdx:rdx   = 'com/android/tools/r8/graph/H5'
  # parm1:    rcx:rcx   = 'com/android/tools/r8/internal/ea'
  #           [sp+0x100]  (sp of caller)
  0x000000011577bd20: 448b 5608 | 49bb 0000 | 0027 0100 | 0000 4d03 | d34c 3bd0 

  0x000000011577bd34: ;   {runtime_call ic_miss_stub}
  0x000000011577bd34: 0f85 4643 | eb02 660f | 1f44 0000 
[Verified Entry Point]
  0x000000011577bd40: 8984 2400 | c0fe ff55 | 4881 ecf0 | 0000 0090 | 4181 7f20 | 3400 0000 

  0x000000011577bd58: ;   {runtime_call StubRoutines (final stubs)}
  0x000000011577bd58: 7405 e841 | a7e9 0248 | 89b4 2488 | 0000 0048 | 8994 2490 | 0000 0048 | 898c 2498 

  0x000000011577bd74: ;   {metadata(method data for {method} {0x000000017e73a788} 'a' '(Lcom/android/tools/r8/graph/H5;Lcom/android/tools/r8/internal/ea;)V' in 'com/android/tools/r8/internal/tc0')}
  0x000000011577bd74: 0000 0048 | bf00 0846 | 7f01 0000 | 008b 9fac | 0000 0083 | c302 899f | ac00 0000 | 81e3 fe07 
  0x000000011577bd94: 0000 85db | 0f84 aa17 | 0000 483b | 0248 8bfa 

  0x000000011577bda4: ;   {metadata(method data for {method} {0x000000017e73a788} 'a' '(Lcom/android/tools/r8/graph/H5;Lcom/android/tools/r8/internal/ea;)V' in 'com/android/tools/r8/internal/tc0')}
  0x000000011577bda4: 48bb 0008 | 467f 0100 | 0000 8b7f | 0849 ba00 | 0000 2701 | 0000 0049 | 03fa 483b | bb00 0100 
  0x000000011577bdc4: 0075 0d48 | 8383 0801 | 0000 01e9 | 6000 0000 | 483b bb10 | 0100 0075 | 0d48 8383 | 1801 0000 
  0x000000011577bde4: 01e9 4a00 | 0000 4883 | bb00 0100 | 0000 7517 | 4889 bb00 | 0100 0048 | c783 0801 | 0000 0100 
  0x000000011577be04: 0000 e929 | 0000 0048 | 83bb 1001 | 0000 0075 | 1748 89bb | 1001 0000 | 48c7 8318 | 0100 0001 
  0x000000011577be24: 0000 00e9 | 0800 0000 | 4883 83f8 | 0000 0001 | 8b7a 1048 | c1e7 0348 

  0x000000011577be3c: ;   {metadata(method data for {method} {0x000000017e73a788} 'a' '(Lcom/android/tools/r8/graph/H5;Lcom/android/tools/r8/internal/ea;)V' in 'com/android/tools/r8/internal/tc0')}
  0x000000011577be3c: 85ff 49b8 | 0008 467f | 0100 0000 | 750d 4180 | 8821 0100 | 0001 e9ae | 0000 008b | 4708 49ba 
  0x000000011577be5c: 0000 0027 | 0100 0000 | 4903 c249 | 3b80 3001 | 0000 750d | 4983 8038 | 0100 0001 | e960 0000 
  0x000000011577be7c: 0049 3b80 | 4001 0000 | 750d 4983 | 8048 0100 | 0001 e94a | 0000 0049 | 83b8 3001 | 0000 0075 
  0x000000011577be9c: 1749 8980 | 3001 0000 | 49c7 8038 | 0100 0001 | 0000 00e9 | 2900 0000 | 4983 b840 | 0100 0000 
  0x000000011577bebc: 7517 4989 | 8040 0100 | 0049 c780 | 4801 0000 | 0100 0000 | e908 0000 | 0049 8380 | 2801 0000 
  0x000000011577bedc: ;   {metadata('com/android/tools/r8/graph/j1')}
  0x000000011577bedc: 0148 b858 | 2dbd 2901 | 0000 008b | 5f08 49ba | 0000 0027 | 0100 0000 | 4903 da48 | 3bc3 0f85 
  0x000000011577befc: 6e16 0000 | e900 0000 | 0048 3b07 

  0x000000011577bf08: ;   {metadata(method data for {method} {0x000000017e73a788} 'a' '(Lcom/android/tools/r8/graph/H5;Lcom/android/tools/r8/internal/ea;)V' in 'com/android/tools/r8/internal/tc0')}
  0x000000011577bf08: 488b df48 | b800 0846 | 7f01 0000 | 0048 8380 | 6801 0000 

  0x000000011577bf1c: ;   {metadata(method data for {method} {0x000000017e572bf0} 'Q0' '()Lcom/android/tools/r8/graph/i0;' in 'com/android/tools/r8/graph/j1')}
  0x000000011577bf1c: 0148 bb68 | 35d5 7e01 | 0000 008b | 83ac 0000 | 0083 c002 | 8983 ac00 | 0000 25fe | ff1f 0085 
  0x000000011577bf3c: c00f 8439 | 1600 0048 

  0x000000011577bf44: ;   {metadata(method data for {method} {0x000000017e572bf0} 'Q0' '()Lcom/android/tools/r8/graph/i0;' in 'com/android/tools/r8/graph/j1')}
  0x000000011577bf44: 8bdf 48b8 | 6835 d57e | 0100 0000 | 4883 80f8 | 0000 0001 

  0x000000011577bf58: ;   {metadata(method data for {method} {0x000000017e56fda8} 'L0' '()V' in 'com/android/tools/r8/graph/j1')}
  0x000000011577bf58: 48bb 6826 | c57e 0100 | 0000 8b83 | ac00 0000 | 83c0 0289 | 83ac 0000 | 0025 feff | 1f00 85c0 
  0x000000011577bf78: 0f84 1f16 

  0x000000011577bf7c: ;   {metadata(method data for {method} {0x000000017e56fda8} 'L0' '()V' in 'com/android/tools/r8/graph/j1')}
  0x000000011577bf7c: 0000 48bb | 6826 c57e | 0100 0000 | ff83 f800 | 0000 8b7f | 2448 c1e7 | 0348 3b07 

  0x000000011577bf98: ;   {metadata(method data for {method} {0x000000017e73a788} 'a' '(Lcom/android/tools/r8/graph/H5;Lcom/android/tools/r8/internal/ea;)V' in 'com/android/tools/r8/internal/tc0')}
  0x000000011577bf98: 488b df48 | b800 0846 | 7f01 0000 | 008b 5b08 | 49ba 0000 | 0027 0100 | 0000 4903 | da48 3b98 
  0x000000011577bfb8: 9001 0000 | 750d 4883 | 8098 0100 | 0001 e960 | 0000 0048 | 3b98 a001 | 0000 750d | 4883 80a8 
  0x000000011577bfd8: 0100 0001 | e94a 0000 | 0048 83b8 | 9001 0000 | 0075 1748 | 8998 9001 | 0000 48c7 | 8098 0100 
  0x000000011577bff8: 0001 0000 | 00e9 2900 | 0000 4883 | b8a0 0100 | 0000 7517 | 4889 98a0 | 0100 0048 | c780 a801 
  0x000000011577c018: 0000 0100 | 0000 e908 | 0000 0048 | 8380 8801 | 0000 0148 | 8bf7 0f1f | 8000 0000 | 0048 b8ff 
  0x000000011577c038: ffff ffff 

  0x000000011577c03c: ;   {virtual_call}
  0x000000011577c03c: ffff ffe8 

  0x000000011577c040: ; ImmutableOopMap {[136]=Oop [144]=Oop [152]=Oop }
                      ;*invokevirtual V {reexecute=0 rethrow=0 return_oop=0}
                      ; - com.android.tools.r8.internal.tc0::a@10 (line 1)
  0x000000011577c040: 84f9 ff02 

  0x000000011577c044: ;   {other}
  0x000000011577c044: 0f1f 8400 | 3407 0000 

  0x000000011577c04c: ; implicit exception: dispatches to 0x000000011577d5c3
  0x000000011577c04c: 483b 0048 

  0x000000011577c050: ;   {metadata(method data for {method} {0x000000017e73a788} 'a' '(Lcom/android/tools/r8/graph/H5;Lcom/android/tools/r8/internal/ea;)V' in 'com/android/tools/r8/internal/tc0')}
  0x000000011577c050: 8bf0 48bf | 0008 467f | 0100 0000 | 4883 87c8 | 0100 0001 

  0x000000011577c064: ;   {metadata(method data for {method} {0x000000017e755db0} 'E0' '()Ljava/util/List;' in 'com/android/tools/r8/graph/G')}
  0x000000011577c064: 48be e04d | d07e 0100 | 0000 8bbe | ac00 0000 | 83c7 0289 | beac 0000 | 0081 e7fe | ff1f 0085 
  0x000000011577c084: ff0f 843d | 1500 008b | 7020 48c1 

  0x000000011577c090: ;   {metadata(method data for {method} {0x000000017e755db0} 'E0' '()Ljava/util/List;' in 'com/android/tools/r8/graph/G')}
  0x000000011577c090: e603 48bf | e04d d07e | 0100 0000 | 4883 87f8 | 0000 0001 

  0x000000011577c0a4: ;   {static_call}
  0x000000011577c0a4: 6666 90e8 

  0x000000011577c0a8: ; ImmutableOopMap {[136]=Oop [144]=Oop [152]=Oop }
                      ;*invokestatic unmodifiableList {reexecute=0 rethrow=0 return_oop=0}
                      ; - com.android.tools.r8.graph.G::E0@4 (line 1)
                      ; - com.android.tools.r8.internal.tc0::a@13 (line 2)
  0x000000011577c0a8: 9460 6403 

  0x000000011577c0ac: ;   {other}
  0x000000011577c0ac: 0f1f 8400 | 9c07 0001 

  0x000000011577c0b4: ; implicit exception: dispatches to 0x000000011577d5e9
  0x000000011577c0b4: 483b 0048 

  0x000000011577c0b8: ;   {metadata(method data for {method} {0x000000017e73a788} 'a' '(Lcom/android/tools/r8/graph/H5;Lcom/android/tools/r8/internal/ea;)V' in 'com/android/tools/r8/internal/tc0')}
  0x000000011577c0b8: 8bf0 48bf | 0008 467f | 0100 0000 | 8b76 0849 | ba00 0000 | 2701 0000 | 0049 03f2 | 483b b7f0 
  0x000000011577c0d8: 0100 0075 | 0d48 8387 | f801 0000 | 01e9 6000 | 0000 483b | b700 0200 | 0075 0d48 | 8387 0802 
  0x000000011577c0f8: 0000 01e9 | 4a00 0000 | 4883 bff0 | 0100 0000 | 7517 4889 | b7f0 0100 | 0048 c787 | f801 0000 
  0x000000011577c118: 0100 0000 | e929 0000 | 0048 83bf | 0002 0000 | 0075 1748 | 89b7 0002 | 0000 48c7 | 8708 0200 
  0x000000011577c138: 0001 0000 | 00e9 0800 | 0000 4883 | 87e8 0100 | 0001 488b | f048 b850 | b617 2701 

  0x000000011577c154: ;   {virtual_call}
  0x000000011577c154: 0000 00e8 

  0x000000011577c158: ; ImmutableOopMap {[136]=Oop [144]=Oop [152]=Oop }
                      ;*invokeinterface iterator {reexecute=0 rethrow=0 return_oop=0}
                      ; - com.android.tools.r8.internal.tc0::a@16 (line 2)
  0x000000011577c158: 4439 8f03 

  0x000000011577c15c: ;   {other}
  0x000000011577c15c: 0f1f 8400 | 4c08 0002 | 4889 8424 | a000 0000 | 0f1f 4000 

  0x000000011577c170: ; implicit exception: dispatches to 0x000000011577d5ee
  0x000000011577c170: 483b 0048 

  0x000000011577c174: ;   {metadata(method data for {method} {0x000000017e73a788} 'a' '(Lcom/android/tools/r8/graph/H5;Lcom/android/tools/r8/internal/ea;)V' in 'com/android/tools/r8/internal/tc0')}
  0x000000011577c174: 8bf8 48bb | 0008 467f | 0100 0000 | 8b7f 0849 | ba00 0000 | 2701 0000 | 0049 03fa | 483b bb20 
  0x000000011577c194: 0200 0075 | 0d48 8383 | 2802 0000 | 01e9 6000 | 0000 483b | bb30 0200 | 0075 0d48 | 8383 3802 
  0x000000011577c1b4: 0000 01e9 | 4a00 0000 | 4883 bb20 | 0200 0000 | 7517 4889 | bb20 0200 | 0048 c783 | 2802 0000 
  0x000000011577c1d4: 0100 0000 | e929 0000 | 0048 83bb | 3002 0000 | 0075 1748 | 89bb 3002 | 0000 48c7 | 8338 0200 
  0x000000011577c1f4: 0001 0000 | 00e9 0800 | 0000 4883 | 8318 0200 | 0001 488b | f00f 1f40 | 0048 b878 | 7018 2701 
  0x000000011577c214: ;   {virtual_call}
  0x000000011577c214: 0000 00e8 

  0x000000011577c218: ; ImmutableOopMap {[136]=Oop [144]=Oop [152]=Oop [160]=Oop }
                      ;*invokeinterface hasNext {reexecute=0 rethrow=0 return_oop=0}
                      ; - com.android.tools.r8.internal.tc0::a@23 (line 2)
  0x000000011577c218: 6454 7703 

  0x000000011577c21c: ;   {other}
  0x000000011577c21c: 0f1f 8400 | 0c09 0003 

  0x000000011577c224: ;   {metadata(method data for {method} {0x000000017e73a788} 'a' '(Lcom/android/tools/r8/graph/H5;Lcom/android/tools/r8/internal/ea;)V' in 'com/android/tools/r8/internal/tc0')}
  0x000000011577c224: 85c0 48be | 0008 467f | 0100 0000 | 48c7 c748 | 0200 0074 | 0748 c7c7 | 5802 0000 | 488b 1c3e 
  0x000000011577c244: 488d 5b01 | 4889 1c3e | 0f84 e012 | 0000 488b | 8424 a000 

  0x000000011577c258: ;   {metadata(method data for {method} {0x000000017e73a788} 'a' '(Lcom/android/tools/r8/graph/H5;Lcom/android/tools/r8/internal/ea;)V' in 'com/android/tools/r8/internal/tc0')}
  0x000000011577c258: 0000 48be | 0008 467f | 0100 0000 | 8b40 0849 | ba00 0000 | 2701 0000 | 0049 03c2 | 483b 8670 
  0x000000011577c278: 0200 0075 | 0d48 8386 | 7802 0000 | 01e9 6000 | 0000 483b | 8680 0200 | 0075 0d48 | 8386 8802 
  0x000000011577c298: 0000 01e9 | 4a00 0000 | 4883 be70 | 0200 0000 | 7517 4889 | 8670 0200 | 0048 c786 | 7802 0000 
  0x000000011577c2b8: 0100 0000 | e929 0000 | 0048 83be | 8002 0000 | 0075 1748 | 8986 8002 | 0000 48c7 | 8688 0200 
  0x000000011577c2d8: 0001 0000 | 00e9 0800 | 0000 4883 | 8668 0200 | 0001 488b | b424 a000 | 0000 6666 | 9048 b878 
  0x000000011577c2f8: 7018 2701 

  0x000000011577c2fc: ;   {virtual_call}
  0x000000011577c2fc: 0000 00e8 

  0x000000011577c300: ; ImmutableOopMap {[136]=Oop [144]=Oop [152]=Oop [160]=Oop }
                      ;*invokeinterface next {reexecute=0 rethrow=0 return_oop=0}
                      ; - com.android.tools.r8.internal.tc0::a@32 (line 2)
  0x000000011577c300: fcd6 7a03 

  0x000000011577c304: ;   {other}
  0x000000011577c304: 0f1f 8400 | f409 0004 

  0x000000011577c30c: ;   {metadata(method data for {method} {0x000000017e73a788} 'a' '(Lcom/android/tools/r8/graph/H5;Lcom/android/tools/r8/internal/ea;)V' in 'com/android/tools/r8/internal/tc0')}
  0x000000011577c30c: 4885 c048 | bf00 0846 | 7f01 0000 | 0075 0c80 | 8f91 0200 | 0001 e9af | 0000 008b | 5808 49ba 
  0x000000011577c32c: 0000 0027 | 0100 0000 | 4903 da48 | 3b9f a002 | 0000 750d | 4883 87a8 | 0200 0001 | e960 0000 
  0x000000011577c34c: 0048 3b9f | b002 0000 | 750d 4883 | 87b8 0200 | 0001 e94a | 0000 0048 | 83bf a002 | 0000 0075 
  0x000000011577c36c: 1748 899f | a002 0000 | 48c7 87a8 | 0200 0001 | 0000 00e9 | 2900 0000 | 4883 bfb0 | 0200 0000 
  0x000000011577c38c: 7517 4889 | 9fb0 0200 | 0048 c787 | b802 0000 | 0100 0000 | e908 0000 | 0048 8387 | 9802 0000 
  0x000000011577c3ac: ;   {metadata('com/android/tools/r8/internal/W9')}
  0x000000011577c3ac: 0148 bbf0 | bbca 2901 | 0000 008b | 7808 49ba | 0000 0027 | 0100 0000 | 4903 fa48 | 3b5f 380f 
  0x000000011577c3cc: 8522 1200 | 00e9 0000 | 0000 488b 

  0x000000011577c3d8: ;   {metadata(method data for {method} {0x000000017e73a788} 'a' '(Lcom/android/tools/r8/graph/H5;Lcom/android/tools/r8/internal/ea;)V' in 'com/android/tools/r8/internal/tc0')}
  0x000000011577c3d8: f848 be00 | 0846 7f01 | 0000 00ff | 86c8 0200 | 0048 3b07 

  0x000000011577c3ec: ;   {metadata(method data for {method} {0x000000017e73a788} 'a' '(Lcom/android/tools/r8/graph/H5;Lcom/android/tools/r8/internal/ea;)V' in 'com/android/tools/r8/internal/tc0')}
  0x000000011577c3ec: 488b f748 | bb00 0846 | 7f01 0000 | 008b 7608 | 49ba 0000 | 0027 0100 | 0000 4903 | f248 3bb3 
  0x000000011577c40c: 9803 0000 | 750d 4883 | 83a0 0300 | 0001 e960 | 0000 0048 | 3bb3 a803 | 0000 750d | 4883 83b0 
  0x000000011577c42c: 0300 0001 | e94a 0000 | 0048 83bb | 9803 0000 | 0075 1748 | 89b3 9803 | 0000 48c7 | 83a0 0300 
  0x000000011577c44c: 0001 0000 | 00e9 2900 | 0000 4883 | bba8 0300 | 0000 7517 | 4889 b3a8 | 0300 0048 | c783 b003 
  0x000000011577c46c: 0000 0100 | 0000 e908 | 0000 0048 | 8383 9003 | 0000 0148 | 8bf7 4889 | bc24 a800 | 0000 6666 
  0x000000011577c48c: 9048 b8ff | ffff ffff 

  0x000000011577c494: ;   {virtual_call}
  0x000000011577c494: ffff ffe8 

  0x000000011577c498: ; ImmutableOopMap {[136]=Oop [144]=Oop [152]=Oop [160]=Oop [168]=Oop }
                      ;*invokevirtual L {reexecute=0 rethrow=0 return_oop=0}
                      ; - com.android.tools.r8.internal.tc0::a@77 (line 6)
  0x000000011577c498: 5cce 1703 

  0x000000011577c49c: ;   {other}
  0x000000011577c49c: 0f1f 8400 | 8c0b 0005 

  0x000000011577c4a4: ;   {metadata(method data for {method} {0x000000017e73a788} 'a' '(Lcom/android/tools/r8/graph/H5;Lcom/android/tools/r8/internal/ea;)V' in 'com/android/tools/r8/internal/tc0')}
  0x000000011577c4a4: 85c0 48be | 0008 467f | 0100 0000 | 48c7 c7c0 | 0300 0074 | 0748 c7c7 | d003 0000 | 488b 1c3e 
  0x000000011577c4c4: 488d 5b01 | 4889 1c3e | 488b bc24 | a800 0000 | 0f84 7c01 

  0x000000011577c4d8: ;   {metadata(method data for {method} {0x000000017e73a788} 'a' '(Lcom/android/tools/r8/graph/H5;Lcom/android/tools/r8/internal/ea;)V' in 'com/android/tools/r8/internal/tc0')}
  0x000000011577c4d8: 0000 48bb | 0008 467f | 0100 0000 | 8b7f 0849 | ba00 0000 | 2701 0000 | 0049 03fa | 483b bbe8 
  0x000000011577c4f8: 0300 0075 | 0d48 8383 | f003 0000 | 01e9 6000 | 0000 483b | bbf8 0300 | 0075 0d48 | 8383 0004 
  0x000000011577c518: 0000 01e9 | 4a00 0000 | 4883 bbe8 | 0300 0000 | 7517 4889 | bbe8 0300 | 0048 c783 | f003 0000 
  0x000000011577c538: 0100 0000 | e929 0000 | 0048 83bb | f803 0000 | 0075 1748 | 89bb f803 | 0000 48c7 | 8300 0400 
  0x000000011577c558: 0001 0000 | 00e9 0800 | 0000 4883 | 83e0 0300 | 0001 488b | b424 a800 | 0000 6666 | 9048 b860 
  0x000000011577c578: 8fcd 2901 

  0x000000011577c57c: ;   {virtual_call}
  0x000000011577c57c: 0000 00e8 

  0x000000011577c580: ; ImmutableOopMap {[136]=Oop [144]=Oop [152]=Oop [160]=Oop }
                      ;*invokevirtual j {reexecute=0 rethrow=0 return_oop=0}
                      ; - com.android.tools.r8.internal.tc0::a@86 (line 7)
  0x000000011577c580: 9c50 89fc 

  0x000000011577c584: ;   {other}
  0x000000011577c584: 0f1f 8400 | 740c 0006 

  0x000000011577c58c: ; implicit exception: dispatches to 0x000000011577d601
  0x000000011577c58c: 483b 0048 

  0x000000011577c590: ;   {metadata(method data for {method} {0x000000017e73a788} 'a' '(Lcom/android/tools/r8/graph/H5;Lcom/android/tools/r8/internal/ea;)V' in 'com/android/tools/r8/internal/tc0')}
  0x000000011577c590: 8bf0 48ba | 0008 467f | 0100 0000 | 4883 8220 | 0400 0001 | 8b50 1448 | c1e2 0348 | 8bb4 2488 
  0x000000011577c5b0: 0000 008b | 7e10 48c1 

  0x000000011577c5b8: ;   {metadata(method data for {method} {0x000000017e73a788} 'a' '(Lcom/android/tools/r8/graph/H5;Lcom/android/tools/r8/internal/ea;)V' in 'com/android/tools/r8/internal/tc0')}
  0x000000011577c5b8: e703 48bb | 0008 467f | 0100 0000 | 4883 8340 | 0400 0001 

  0x000000011577c5cc: ;   {static_call}
  0x000000011577c5cc: 488b f7e8 

  0x000000011577c5d0: ; ImmutableOopMap {[136]=Oop [144]=Oop [152]=Oop [160]=Oop }
                      ;*invokestatic a {reexecute=0 rethrow=0 return_oop=0}
                      ; - com.android.tools.r8.internal.tc0::a@99 (line 8)
  0x000000011577c5d0: 0c04 b8ff 

  0x000000011577c5d4: ;   {other}
  0x000000011577c5d4: 0f1f 8400 | c40c 0007 | 85c0 be02 | 0000 0074 | 05be 0000 

  0x000000011577c5e8: ;   {metadata(method data for {method} {0x000000017e73a788} 'a' '(Lcom/android/tools/r8/graph/H5;Lcom/android/tools/r8/internal/ea;)V' in 'com/android/tools/r8/internal/tc0')}
  0x000000011577c5e8: 0000 48bf | 0008 467f | 0100 0000 | 8b9f b000 | 0000 03de | 899f b000 | 0000 85f6 | 7505 bb02 
  0x000000011577c608: 0000 0081 | e3fe 3f00 | 0085 db0f | 84ed 0f00 | 004d 8b97 

  0x000000011577c61c: ; ImmutableOopMap {[136]=Oop [144]=Oop [152]=Oop [160]=Oop }
                      ;*ifeq {reexecute=1 rethrow=0 return_oop=0}
                      ; - (reexecute) com.android.tools.r8.internal.tc0::a@102 (line 8)
  0x000000011577c61c: 6004 0000 

  0x000000011577c620: ;   {poll}
  0x000000011577c620: 4185 0285 

  0x000000011577c624: ;   {metadata(method data for {method} {0x000000017e73a788} 'a' '(Lcom/android/tools/r8/graph/H5;Lcom/android/tools/r8/internal/ea;)V' in 'com/android/tools/r8/internal/tc0')}
  0x000000011577c624: c048 be00 | 0846 7f01 | 0000 0048 | c7c7 5004 | 0000 7407 | 48c7 c760 | 0400 0048 | 8b1c 3e48 
  0x000000011577c644: 8d5b 0148 | 891c 3e0f | 841f 0700 | 00e9 440c 

  0x000000011577c654: ;   {metadata(method data for {method} {0x000000017e73a788} 'a' '(Lcom/android/tools/r8/graph/H5;Lcom/android/tools/r8/internal/ea;)V' in 'com/android/tools/r8/internal/tc0')}
  0x000000011577c654: 0000 48be | 0008 467f | 0100 0000 | 8b7f 0849 | ba00 0000 | 2701 0000 | 0049 03fa | 483b bec0 
  0x000000011577c674: 0400 0075 | 0d48 8386 | c804 0000 | 01e9 6000 | 0000 483b | bed0 0400 | 0075 0d48 | 8386 d804 
  0x000000011577c694: 0000 01e9 | 4a00 0000 | 4883 bec0 | 0400 0000 | 7517 4889 | bec0 0400 | 0048 c786 | c804 0000 
  0x000000011577c6b4: 0100 0000 | e929 0000 | 0048 83be | d004 0000 | 0075 1748 | 89be d004 | 0000 48c7 | 86d8 0400 
  0x000000011577c6d4: 0001 0000 | 00e9 0800 | 0000 4883 | 86b8 0400 | 0001 488b | b424 a800 | 0000 0f1f | 8000 0000 
  0x000000011577c6f4: 0048 b8ff | ffff ffff 

  0x000000011577c6fc: ;   {virtual_call}
  0x000000011577c6fc: ffff ffe8 

  0x000000011577c700: ; ImmutableOopMap {[136]=Oop [144]=Oop [152]=Oop [160]=Oop [168]=Oop }
                      ;*invokevirtual I {reexecute=0 rethrow=0 return_oop=0}
                      ; - com.android.tools.r8.internal.tc0::a@144 (line 14)
  0x000000011577c700: 1c2d f802 

  0x000000011577c704: ;   {other}
  0x000000011577c704: 0f1f 8400 | f40d 0009 

  0x000000011577c70c: ;   {metadata(method data for {method} {0x000000017e73a788} 'a' '(Lcom/android/tools/r8/graph/H5;Lcom/android/tools/r8/internal/ea;)V' in 'com/android/tools/r8/internal/tc0')}
  0x000000011577c70c: 85c0 48be | 0008 467f | 0100 0000 | 48c7 c7e8 | 0400 0074 | 0748 c7c7 | f804 0000 | 488b 1c3e 
  0x000000011577c72c: 488d 5b01 | 4889 1c3e | 488b bc24 | a800 0000 | 0f84 7002 

  0x000000011577c740: ;   {metadata(method data for {method} {0x000000017e73a788} 'a' '(Lcom/android/tools/r8/graph/H5;Lcom/android/tools/r8/internal/ea;)V' in 'com/android/tools/r8/internal/tc0')}
  0x000000011577c740: 0000 48bb | 0008 467f | 0100 0000 | 8b7f 0849 | ba00 0000 | 2701 0000 | 0049 03fa | 483b bb10 
  0x000000011577c760: 0500 0075 | 0d48 8383 | 1805 0000 | 01e9 6000 | 0000 483b | bb20 0500 | 0075 0d48 | 8383 2805 
  0x000000011577c780: 0000 01e9 | 4a00 0000 | 4883 bb10 | 0500 0000 | 7517 4889 | bb10 0500 | 0048 c783 | 1805 0000 
  0x000000011577c7a0: 0100 0000 | e929 0000 | 0048 83bb | 2005 0000 | 0075 1748 | 89bb 2005 | 0000 48c7 | 8328 0500 
  0x000000011577c7c0: 0001 0000 | 00e9 0800 | 0000 4883 | 8308 0500 | 0001 488b | b424 a800 | 0000 6666 | 9048 b8ff 
  0x000000011577c7e0: ffff ffff 

  0x000000011577c7e4: ;   {virtual_call}
  0x000000011577c7e4: ffff ffe8 

  0x000000011577c7e8: ; ImmutableOopMap {[136]=Oop [144]=Oop [152]=Oop [160]=Oop }
                      ;*invokevirtual f {reexecute=0 rethrow=0 return_oop=0}
                      ; - com.android.tools.r8.internal.tc0::a@155 (line 15)
  0x000000011577c7e8: 5c2f f802 

  0x000000011577c7ec: ;   {other}
  0x000000011577c7ec: 0f1f 8400 | dc0e 000a 

  0x000000011577c7f4: ; implicit exception: dispatches to 0x000000011577d627
  0x000000011577c7f4: 483b 0048 

  0x000000011577c7f8: ;   {metadata(method data for {method} {0x000000017e73a788} 'a' '(Lcom/android/tools/r8/graph/H5;Lcom/android/tools/r8/internal/ea;)V' in 'com/android/tools/r8/internal/tc0')}
  0x000000011577c7f8: 8bf0 48bf | 0008 467f | 0100 0000 | 8b76 0849 | ba00 0000 | 2701 0000 | 0049 03f2 | 483b b740 
  0x000000011577c818: 0500 0075 | 0d48 8387 | 4805 0000 | 01e9 6000 | 0000 483b | b750 0500 | 0075 0d48 | 8387 5805 
  0x000000011577c838: 0000 01e9 | 4a00 0000 | 4883 bf40 | 0500 0000 | 7517 4889 | b740 0500 | 0048 c787 | 4805 0000 
  0x000000011577c858: 0100 0000 | e929 0000 | 0048 83bf | 5005 0000 | 0075 1748 | 89b7 5005 | 0000 48c7 | 8758 0500 
  0x000000011577c878: 0001 0000 | 00e9 0800 | 0000 4883 | 8738 0500 | 0001 8b70 | 0c48 c1e6 | 0348 8bbc | 2488 0000 
  0x000000011577c898: 008b 5f10 | 48c1 e303 

  0x000000011577c8a0: ;   {metadata(method data for {method} {0x000000017e73a788} 'a' '(Lcom/android/tools/r8/graph/H5;Lcom/android/tools/r8/internal/ea;)V' in 'com/android/tools/r8/internal/tc0')}
  0x000000011577c8a0: 48b8 0008 | 467f 0100 | 0000 ff80 | 6805 0000 

  0x000000011577c8b0: ; implicit exception: dispatches to 0x000000011577d62c
  0x000000011577c8b0: 8b76 1848 

  0x000000011577c8b4: ;   {metadata(method data for {method} {0x000000017e73a788} 'a' '(Lcom/android/tools/r8/graph/H5;Lcom/android/tools/r8/internal/ea;)V' in 'com/android/tools/r8/internal/tc0')}
  0x000000011577c8b4: c1e6 0348 | b800 0846 | 7f01 0000 | 0048 8380 | e005 0000 

  0x000000011577c8c8: ;   {metadata(method data for {method} {0x000000017e73a4e8} 'a' '(Lcom/android/tools/r8/graph/u1;Lcom/android/tools/r8/graph/M2;)Z' in 'com/android/tools/r8/internal/tc0')}
  0x000000011577c8c8: 0148 b820 | ed7d 7e01 | 0000 008b | 90ac 0000 | 0083 c202 | 8990 ac00 | 0000 81e2 | feff 1f00 
  0x000000011577c8e8: 85d2 0f84 | 410d 0000 

  0x000000011577c8f0: ; implicit exception: dispatches to 0x000000011577d652
  0x000000011577c8f0: 8b9b a402 | 0000 48c1 | e303 483b 

  0x000000011577c8fc: ;   {metadata(method data for {method} {0x000000017e73a4e8} 'a' '(Lcom/android/tools/r8/graph/u1;Lcom/android/tools/r8/graph/M2;)Z' in 'com/android/tools/r8/internal/tc0')}
  0x000000011577c8fc: f348 be20 | ed7d 7e01 | 0000 0048 | c7c3 f800 | 0000 7507 | 48c7 c308 | 0100 0048 | 8b04 1e48 
  0x000000011577c91c: 8d40 0148 | 8904 1e0f | 850a 0000 | 00be 0100 | 0000 e905 | 0000 00be | 0000 0000 | 85f6 bb02 
  0x000000011577c93c: 0000 0074 | 05bb 0000 

  0x000000011577c944: ;   {metadata(method data for {method} {0x000000017e73a788} 'a' '(Lcom/android/tools/r8/graph/H5;Lcom/android/tools/r8/internal/ea;)V' in 'com/android/tools/r8/internal/tc0')}
  0x000000011577c944: 0000 48b8 | 0008 467f | 0100 0000 | 8b90 b000 | 0000 03d3 | 8990 b000 | 0000 85db | 7505 ba02 
  0x000000011577c964: 0000 0081 | e2fe 3f00 | 0085 d20f | 84e2 0c00 | 004d 8b97 

  0x000000011577c978: ; ImmutableOopMap {rdi=Oop [136]=Oop [144]=Oop [152]=Oop [160]=Oop }
                      ;*ifeq {reexecute=1 rethrow=0 return_oop=0}
                      ; - (reexecute) com.android.tools.r8.internal.tc0::a@207 (line 18)
  0x000000011577c978: 6004 0000 

  0x000000011577c97c: ;   {poll}
  0x000000011577c97c: 4185 0285 

  0x000000011577c980: ;   {metadata(method data for {method} {0x000000017e73a788} 'a' '(Lcom/android/tools/r8/graph/H5;Lcom/android/tools/r8/internal/ea;)V' in 'com/android/tools/r8/internal/tc0')}
  0x000000011577c980: f648 be00 | 0846 7f01 | 0000 0048 | c7c3 f005 | 0000 7407 | 48c7 c300 | 0600 0048 | 8b04 1e48 
  0x000000011577c9a0: 8d40 0148 | 8904 1e0f | 84b6 0300 | 00e9 5806 

  0x000000011577c9b0: ;   {metadata(method data for {method} {0x000000017e73a788} 'a' '(Lcom/android/tools/r8/graph/H5;Lcom/android/tools/r8/internal/ea;)V' in 'com/android/tools/r8/internal/tc0')}
  0x000000011577c9b0: 0000 48bb | 0008 467f | 0100 0000 | 8b7f 0849 | ba00 0000 | 2701 0000 | 0049 03fa | 483b bb60 
  0x000000011577c9d0: 0600 0075 | 0d48 8383 | 6806 0000 | 01e9 6000 | 0000 483b | bb70 0600 | 0075 0d48 | 8383 7806 
  0x000000011577c9f0: 0000 01e9 | 4a00 0000 | 4883 bb60 | 0600 0000 | 7517 4889 | bb60 0600 | 0048 c783 | 6806 0000 
  0x000000011577ca10: 0100 0000 | e929 0000 | 0048 83bb | 7006 0000 | 0075 1748 | 89bb 7006 | 0000 48c7 | 8378 0600 
  0x000000011577ca30: 0001 0000 | 00e9 0800 | 0000 4883 | 8358 0600 | 0001 488b | b424 a800 | 0000 6666 | 9048 b8ff 
  0x000000011577ca50: ffff ffff 

  0x000000011577ca54: ;   {virtual_call}
  0x000000011577ca54: ffff ffe8 

  0x000000011577ca58: ; ImmutableOopMap {[136]=Oop [144]=Oop [152]=Oop [160]=Oop [168]=Oop }
                      ;*invokevirtual U {reexecute=0 rethrow=0 return_oop=0}
                      ; - com.android.tools.r8.internal.tc0::a@249 (line 24)
  0x000000011577ca58: 847f 1603 

  0x000000011577ca5c: ;   {other}
  0x000000011577ca5c: 0f1f 8400 | 4c11 000c | 85c0 be02 | 0000 0074 | 05be 0000 

  0x000000011577ca70: ;   {metadata(method data for {method} {0x000000017e73a788} 'a' '(Lcom/android/tools/r8/graph/H5;Lcom/android/tools/r8/internal/ea;)V' in 'com/android/tools/r8/internal/tc0')}
  0x000000011577ca70: 0000 48bf | 0008 467f | 0100 0000 | 8b9f b000 | 0000 03de | 899f b000 | 0000 85f6 | 7505 bb02 
  0x000000011577ca90: 0000 0081 | e3fe 3f00 | 0085 db0f | 84d7 0b00 | 004d 8b97 

  0x000000011577caa4: ; ImmutableOopMap {[136]=Oop [144]=Oop [152]=Oop [160]=Oop [168]=Oop }
                      ;*ifeq {reexecute=1 rethrow=0 return_oop=0}
                      ; - (reexecute) com.android.tools.r8.internal.tc0::a@252 (line 24)
  0x000000011577caa4: 6004 0000 

  0x000000011577caa8: ;   {poll}
  0x000000011577caa8: 4185 0285 

  0x000000011577caac: ;   {metadata(method data for {method} {0x000000017e73a788} 'a' '(Lcom/android/tools/r8/graph/H5;Lcom/android/tools/r8/internal/ea;)V' in 'com/android/tools/r8/internal/tc0')}
  0x000000011577caac: c048 be00 | 0846 7f01 | 0000 0048 | c7c7 8806 | 0000 7407 | 48c7 c798 | 0600 0048 | 8b1c 3e48 
  0x000000011577cacc: 8d5b 0148 | 891c 3e0f | 847d 0200 | 0048 8bbc | 24a8 0000 | 0048 8bdf 

  0x000000011577cae4: ;   {metadata(method data for {method} {0x000000017e73a788} 'a' '(Lcom/android/tools/r8/graph/H5;Lcom/android/tools/r8/internal/ea;)V' in 'com/android/tools/r8/internal/tc0')}
  0x000000011577cae4: 48b8 0008 | 467f 0100 | 0000 8b5b | 0849 ba00 | 0000 2701 | 0000 0049 | 03da 483b | 98b0 0600 
  0x000000011577cb04: 0075 0d48 | 8380 b806 | 0000 01e9 | 6000 0000 | 483b 98c0 | 0600 0075 | 0d48 8380 | c806 0000 
  0x000000011577cb24: 01e9 4a00 | 0000 4883 | b8b0 0600 | 0000 7517 | 4889 98b0 | 0600 0048 | c780 b806 | 0000 0100 
  0x000000011577cb44: 0000 e929 | 0000 0048 | 83b8 c006 | 0000 0075 | 1748 8998 | c006 0000 | 48c7 80c8 | 0600 0001 
  0x000000011577cb64: 0000 00e9 | 0800 0000 | 4883 80a8 | 0600 0001 | 488b f766 | 0f1f 4400 | 0048 b8ff | ffff ffff 
  0x000000011577cb84: ;   {virtual_call}
  0x000000011577cb84: ffff ffe8 

  0x000000011577cb88: ; ImmutableOopMap {[136]=Oop [144]=Oop [152]=Oop [160]=Oop }
                      ;*invokevirtual x {reexecute=0 rethrow=0 return_oop=0}
                      ; - com.android.tools.r8.internal.tc0::a@258 (line 25)
  0x000000011577cb88: 0426 f802 

  0x000000011577cb8c: ;   {other}
  0x000000011577cb8c: 0f1f 8400 | 7c12 000e 

  0x000000011577cb94: ; implicit exception: dispatches to 0x000000011577d699
  0x000000011577cb94: 483b 0048 

  0x000000011577cb98: ;   {metadata(method data for {method} {0x000000017e73a788} 'a' '(Lcom/android/tools/r8/graph/H5;Lcom/android/tools/r8/internal/ea;)V' in 'com/android/tools/r8/internal/tc0')}
  0x000000011577cb98: 8bf0 48bf | 0008 467f | 0100 0000 | 8b76 0849 | ba00 0000 | 2701 0000 | 0049 03f2 | 483b b7e0 
  0x000000011577cbb8: 0600 0075 | 0d48 8387 | e806 0000 | 01e9 6000 | 0000 483b | b7f0 0600 | 0075 0d48 | 8387 f806 
  0x000000011577cbd8: 0000 01e9 | 4a00 0000 | 4883 bfe0 | 0600 0000 | 7517 4889 | b7e0 0600 | 0048 c787 | e806 0000 
  0x000000011577cbf8: 0100 0000 | e929 0000 | 0048 83bf | f006 0000 | 0075 1748 | 89b7 f006 | 0000 48c7 | 87f8 0600 
  0x000000011577cc18: 0001 0000 | 00e9 0800 | 0000 4883 | 87d8 0600 | 0001 488b | f048 b840 | e096 0300 

  0x000000011577cc34: ;   {virtual_call}
  0x000000011577cc34: 6000 00e8 

  0x000000011577cc38: ; ImmutableOopMap {[136]=Oop [144]=Oop [152]=Oop [160]=Oop }
                      ;*invokeinterface getType {reexecute=0 rethrow=0 return_oop=0}
                      ; - com.android.tools.r8.internal.tc0::a@261 (line 26)
  0x000000011577cc38: 9c2b f802 

  0x000000011577cc3c: ;   {other}
  0x000000011577cc3c: 0f1f 8400 | 2c13 000f | 488b b424 | 8800 0000 | 8b56 1048 

  0x000000011577cc50: ;   {metadata(method data for {method} {0x000000017e73a788} 'a' '(Lcom/android/tools/r8/graph/H5;Lcom/android/tools/r8/internal/ea;)V' in 'com/android/tools/r8/internal/tc0')}
  0x000000011577cc50: c1e2 0348 | bf00 0846 | 7f01 0000 | 0048 8387 | 0807 0000 

  0x000000011577cc64: ;   {metadata(method data for {method} {0x000000017e73a4e8} 'a' '(Lcom/android/tools/r8/graph/u1;Lcom/android/tools/r8/graph/M2;)Z' in 'com/android/tools/r8/internal/tc0')}
  0x000000011577cc64: 0148 bf20 | ed7d 7e01 | 0000 008b | 8fac 0000 | 0083 c102 | 898f ac00 | 0000 81e1 | feff 1f00 
  0x000000011577cc84: 85c9 0f84 | 120a 0000 

  0x000000011577cc8c: ; implicit exception: dispatches to 0x000000011577d6bf
  0x000000011577cc8c: 8b92 a402 | 0000 48c1 | e203 483b 

  0x000000011577cc98: ;   {metadata(method data for {method} {0x000000017e73a4e8} 'a' '(Lcom/android/tools/r8/graph/u1;Lcom/android/tools/r8/graph/M2;)Z' in 'com/android/tools/r8/internal/tc0')}
  0x000000011577cc98: c248 ba20 | ed7d 7e01 | 0000 0048 | c7c7 f800 | 0000 7507 | 48c7 c708 | 0100 0048 | 8b04 3a48 
  0x000000011577ccb8: 8d40 0148 | 8904 3a0f | 850a 0000 | 00ba 0100 | 0000 e905 | 0000 00ba | 0000 0000 | 85d2 bf02 
  0x000000011577ccd8: 0000 0074 | 05bf 0000 

  0x000000011577cce0: ;   {metadata(method data for {method} {0x000000017e73a788} 'a' '(Lcom/android/tools/r8/graph/H5;Lcom/android/tools/r8/internal/ea;)V' in 'com/android/tools/r8/internal/tc0')}
  0x000000011577cce0: 0000 48b8 | 0008 467f | 0100 0000 | 8b88 b000 | 0000 03cf | 8988 b000 | 0000 85ff | 7505 b902 
  0x000000011577cd00: 0000 0081 | e1fe 3f00 | 0085 c90f | 84b3 0900 | 004d 8b97 

  0x000000011577cd14: ; ImmutableOopMap {rsi=Oop [136]=Oop [144]=Oop [152]=Oop [160]=Oop }
                      ;*ifeq {reexecute=1 rethrow=0 return_oop=0}
                      ; - (reexecute) com.android.tools.r8.internal.tc0::a@276 (line 26)
  0x000000011577cd14: 6004 0000 

  0x000000011577cd18: ;   {poll}
  0x000000011577cd18: 4185 0285 

  0x000000011577cd1c: ;   {metadata(method data for {method} {0x000000017e73a788} 'a' '(Lcom/android/tools/r8/graph/H5;Lcom/android/tools/r8/internal/ea;)V' in 'com/android/tools/r8/internal/tc0')}
  0x000000011577cd1c: d248 ba00 | 0846 7f01 | 0000 0048 | c7c7 2807 | 0000 7507 | 48c7 c718 | 0700 0048 | 8b04 3a48 
  0x000000011577cd3c: 8d40 0148 | 8904 3a0f | 8534 0000 | 0048 8b84 | 24a0 0000 | 00e9 1af4 | ffff 488b | 8424 a000 
  0x000000011577cd5c: 0000 e90d | f4ff ff48 | 8b84 24a0 | 0000 00e9 | 00f4 ffff | 488b 8424 | a000 0000 | e9f3 f3ff 
  0x000000011577cd7c: ff48 8b94 | 2490 0000 | 008b 5e0c | 48c1 e303 | 4c8b c290 

  0x000000011577cd90: ;   {no_reloc}
  0x000000011577cd90: e95f 0900 | 0000 0000 | 0000 498b | 87b8 0100 | 0048 8d78 | 1049 3bbf | c801 0000 | 0f87 4c09 
  0x000000011577cdb0: 0000 4989 | bfb8 0100 | 0048 c700 | 0100 0000 | 488b ca49 | ba00 0000 | 2701 0000 | 0049 2bca 
  0x000000011577cdd0: 8948 0848 | 33c9 8948 | 0c48 33c9 

  0x000000011577cddc: ;   {metadata(method data for {method} {0x000000017e73a788} 'a' '(Lcom/android/tools/r8/graph/H5;Lcom/android/tools/r8/internal/ea;)V' in 'com/android/tools/r8/internal/tc0')}
  0x000000011577cddc: 488b f048 | bf00 0846 | 7f01 0000 | 0048 8387 | 3807 0000 

  0x000000011577cdf0: ;   {metadata(method data for {method} {0x000000017e4babb8} '<init>' '(Ljava/lang/Object;)V' in 'com/android/tools/r8/internal/Sm0')}
  0x000000011577cdf0: 0148 be78 | 0780 7e01 | 0000 008b | beac 0000 | 0083 c702 | 89be ac00 | 0000 81e7 | feff 1f00 
  0x000000011577ce10: 85ff 0f84 | f308 0000 

  0x000000011577ce18: ;   {metadata(method data for {method} {0x000000017e4babb8} '<init>' '(Ljava/lang/Object;)V' in 'com/android/tools/r8/internal/Sm0')}
  0x000000011577ce18: 488b f048 | bf78 0780 | 7e01 0000 | 0048 8387 | f800 0000 

  0x000000011577ce2c: ;   {metadata(method data for {method} {0x000000017e495778} '<init>' '()V' in 'com/android/tools/r8/internal/hC')}
  0x000000011577ce2c: 0148 be50 | 0680 7e01 | 0000 008b | beac 0000 | 0083 c702 | 89be ac00 | 0000 81e7 | feff 1f00 
  0x000000011577ce4c: 85ff 0f84 | d808 0000 

  0x000000011577ce54: ;   {metadata(method data for {method} {0x000000017e495778} '<init>' '()V' in 'com/android/tools/r8/internal/hC')}
  0x000000011577ce54: 488b f048 | bf50 0680 | 7e01 0000 | 0048 8387 | f800 0000 

  0x000000011577ce68: ;   {metadata(method data for {method} {0x000000017e477308} '<init>' '()V' in 'com/android/tools/r8/internal/XB')}
  0x000000011577ce68: 0148 bef0 | 0380 7e01 | 0000 008b | beac 0000 | 0083 c702 | 89be ac00 | 0000 81e7 | feff 1f00 
  0x000000011577ce88: 85ff 0f84 | bd08 0000 

  0x000000011577ce90: ;   {metadata(method data for {method} {0x000000017e477308} '<init>' '()V' in 'com/android/tools/r8/internal/XB')}
  0x000000011577ce90: 488b f048 | bff0 0380 | 7e01 0000 | 0048 8387 | f800 0000 

  0x000000011577cea4: ;   {metadata(method data for {method} {0x000000012704e760} '<init>' '()V' in 'java/util/AbstractCollection')}
  0x000000011577cea4: 0148 be28 | ed00 6801 | 0000 008b | beac 0000 | 0083 c702 | 89be ac00 | 0000 81e7 | feff 1f00 
  0x000000011577cec4: 85ff 0f84 | a208 0000 

  0x000000011577cecc: ;   {metadata(method data for {method} {0x000000012704e760} '<init>' '()V' in 'java/util/AbstractCollection')}
  0x000000011577cecc: 488b f048 | bf28 ed00 | 6801 0000 | 0048 8387 | f800 0000 

  0x000000011577cee0: ;   {metadata(method data for {method} {0x0000000127439660} '<init>' '()V' in 'java/lang/Object')}
  0x000000011577cee0: 0148 bee8 | 8100 6801 | 0000 008b | beac 0000 | 0083 c702 | 89be ac00 | 0000 81e7 | feff 1f00 
  0x000000011577cf00: 85ff 0f84 | 8708 0000 

  0x000000011577cf08: ;   {metadata(method data for {method} {0x000000017e4babb8} '<init>' '(Ljava/lang/Object;)V' in 'com/android/tools/r8/internal/Sm0')}
  0x000000011577cf08: 498b d048 | be78 0780 | 7e01 0000 | 0048 8386 | 0801 0000 | 0141 8b70 | 0849 ba00 | 0000 2701 
  0x000000011577cf28: 0000 0049 | 03f2 488b | 7670 488b | 3641 0fbe | 7738 85f6 | 0f85 6e08 | 0000 4d8b | d049 c1ea 
  0x000000011577cf48: 0344 8950 | 0c48 8bf0 | 4933 f048 | c1ee 1548 | 83fe 000f | 856e 0800 | 0048 8bf3 | 4889 8424 
  0x000000011577cf68: b800 0000 | 4889 9c24 | b000 0000 

  0x000000011577cf74: ;   {static_call}
  0x000000011577cf74: 6666 90e8 

  0x000000011577cf78: ; ImmutableOopMap {[136]=Oop [144]=Oop [152]=Oop [160]=Oop [176]=Oop [184]=Oop }
                      ;*invokestatic a {reexecute=0 rethrow=0 return_oop=0}
                      ; - com.android.tools.r8.internal.tc0::a@301 (line 30)
  0x000000011577cf78: 043a eb02 

  0x000000011577cf7c: ;   {other}
  0x000000011577cf7c: 0f1f 8400 | 6c16 0011 | 488b b424 | b000 0000 | 488b 9424 | b800 0000 | 488b 8c24 | 9800 0000 
  0x000000011577cf9c: ;   {oop(nullptr)}
  0x000000011577cf9c: 49b8 0000 | 0000 0000 | 0000 4c8b | 8c24 9800 

  0x000000011577cfac: ;   {static_call}
  0x000000011577cfac: 0000 90e8 

  0x000000011577cfb0: ; ImmutableOopMap {[136]=Oop [144]=Oop [152]=Oop [160]=Oop }
                      ;*invokestatic a {reexecute=0 rethrow=0 return_oop=0}
                      ; - com.android.tools.r8.internal.tc0::a@310 (line 31)
  0x000000011577cfb0: cc39 eb02 

  0x000000011577cfb4: ;   {other}
  0x000000011577cfb4: 0f1f 8400 | a416 0012 

  0x000000011577cfbc: ;   {metadata(method data for {method} {0x000000017e73a788} 'a' '(Lcom/android/tools/r8/graph/H5;Lcom/android/tools/r8/internal/ea;)V' in 'com/android/tools/r8/internal/tc0')}
  0x000000011577cfbc: 48ba 0008 | 467f 0100 | 0000 8bb2 | b000 0000 | 83c6 0289 | b2b0 0000 | 0081 e6fe | 3f00 0085 
  0x000000011577cfdc: f60f 8404 | 0800 004d | 8b97 6004 

  0x000000011577cfe8: ; ImmutableOopMap {[136]=Oop [144]=Oop [152]=Oop [160]=Oop }
                      ;*goto {reexecute=1 rethrow=0 return_oop=0}
                      ; - (reexecute) com.android.tools.r8.internal.tc0::a@313 (line 31)
                      ;   {poll}
  0x000000011577cfe8: 0000 4185 

  0x000000011577cfec: ;   {metadata(method data for {method} {0x000000017e73a788} 'a' '(Lcom/android/tools/r8/graph/H5;Lcom/android/tools/r8/internal/ea;)V' in 'com/android/tools/r8/internal/tc0')}
  0x000000011577cfec: 0248 ba00 | 0846 7f01 | 0000 00ff | 8268 0700 | 0048 8b84 | 24a0 0000 | 00e9 66f1 | ffff 488b 
  0x000000011577d00c: 9424 9000 | 0000 488b | f78b 5e0c | 48c1 e303 | 4c8b c290 

  0x000000011577d020: ;   {no_reloc}
  0x000000011577d020: e9f2 0700 | 0000 0000 | 0000 498b | 87b8 0100 | 0048 8d78 | 1049 3bbf | c801 0000 | 0f87 df07 
  0x000000011577d040: 0000 4989 | bfb8 0100 | 0048 c700 | 0100 0000 | 488b ca49 | ba00 0000 | 2701 0000 | 0049 2bca 
  0x000000011577d060: 8948 0848 | 33c9 8948 | 0c48 33c9 

  0x000000011577d06c: ;   {metadata(method data for {method} {0x000000017e73a788} 'a' '(Lcom/android/tools/r8/graph/H5;Lcom/android/tools/r8/internal/ea;)V' in 'com/android/tools/r8/internal/tc0')}
  0x000000011577d06c: 488b f048 | bf00 0846 | 7f01 0000 | 0048 8387 | 1006 0000 

  0x000000011577d080: ;   {metadata(method data for {method} {0x000000017e4babb8} '<init>' '(Ljava/lang/Object;)V' in 'com/android/tools/r8/internal/Sm0')}
  0x000000011577d080: 0148 be78 | 0780 7e01 | 0000 008b | beac 0000 | 0083 c702 | 89be ac00 | 0000 81e7 | feff 1f00 
  0x000000011577d0a0: 85ff 0f84 | 8607 0000 

  0x000000011577d0a8: ;   {metadata(method data for {method} {0x000000017e4babb8} '<init>' '(Ljava/lang/Object;)V' in 'com/android/tools/r8/internal/Sm0')}
  0x000000011577d0a8: 488b f048 | bf78 0780 | 7e01 0000 | 0048 8387 | f800 0000 

  0x000000011577d0bc: ;   {metadata(method data for {method} {0x000000017e495778} '<init>' '()V' in 'com/android/tools/r8/internal/hC')}
  0x000000011577d0bc: 0148 be50 | 0680 7e01 | 0000 008b | beac 0000 | 0083 c702 | 89be ac00 | 0000 81e7 | feff 1f00 
  0x000000011577d0dc: 85ff 0f84 | 6b07 0000 

  0x000000011577d0e4: ;   {metadata(method data for {method} {0x000000017e495778} '<init>' '()V' in 'com/android/tools/r8/internal/hC')}
  0x000000011577d0e4: 488b f048 | bf50 0680 | 7e01 0000 | 0048 8387 | f800 0000 

  0x000000011577d0f8: ;   {metadata(method data for {method} {0x000000017e477308} '<init>' '()V' in 'com/android/tools/r8/internal/XB')}
  0x000000011577d0f8: 0148 bef0 | 0380 7e01 | 0000 008b | beac 0000 | 0083 c702 | 89be ac00 | 0000 81e7 | feff 1f00 
  0x000000011577d118: 85ff 0f84 | 5007 0000 

  0x000000011577d120: ;   {metadata(method data for {method} {0x000000017e477308} '<init>' '()V' in 'com/android/tools/r8/internal/XB')}
  0x000000011577d120: 488b f048 | bff0 0380 | 7e01 0000 | 0048 8387 | f800 0000 

  0x000000011577d134: ;   {metadata(method data for {method} {0x000000012704e760} '<init>' '()V' in 'java/util/AbstractCollection')}
  0x000000011577d134: 0148 be28 | ed00 6801 | 0000 008b | beac 0000 | 0083 c702 | 89be ac00 | 0000 81e7 | feff 1f00 
  0x000000011577d154: 85ff 0f84 | 3507 0000 

  0x000000011577d15c: ;   {metadata(method data for {method} {0x000000012704e760} '<init>' '()V' in 'java/util/AbstractCollection')}
  0x000000011577d15c: 488b f048 | bf28 ed00 | 6801 0000 | 0048 8387 | f800 0000 

  0x000000011577d170: ;   {metadata(method data for {method} {0x0000000127439660} '<init>' '()V' in 'java/lang/Object')}
  0x000000011577d170: 0148 bee8 | 8100 6801 | 0000 008b | beac 0000 | 0083 c702 | 89be ac00 | 0000 81e7 | feff 1f00 
  0x000000011577d190: 85ff 0f84 | 1a07 0000 

  0x000000011577d198: ;   {metadata(method data for {method} {0x000000017e4babb8} '<init>' '(Ljava/lang/Object;)V' in 'com/android/tools/r8/internal/Sm0')}
  0x000000011577d198: 498b d048 | be78 0780 | 7e01 0000 | 0048 8386 | 0801 0000 | 0141 8b70 | 0849 ba00 | 0000 2701 
  0x000000011577d1b8: 0000 0049 | 03f2 488b | 7670 488b | 3641 0fbe | 7738 85f6 | 0f85 0107 | 0000 4d8b | d049 c1ea 
  0x000000011577d1d8: 0344 8950 | 0c48 8bf0 | 4933 f048 | c1ee 1548 | 83fe 000f | 8501 0700 | 0048 8bf3 | 4889 8424 
  0x000000011577d1f8: c800 0000 | 4889 9c24 | c000 0000 

  0x000000011577d204: ;   {static_call}
  0x000000011577d204: 6666 90e8 

  0x000000011577d208: ; ImmutableOopMap {[136]=Oop [144]=Oop [152]=Oop [160]=Oop [192]=Oop [200]=Oop }
                      ;*invokestatic a {reexecute=0 rethrow=0 return_oop=0}
                      ; - com.android.tools.r8.internal.tc0::a@232 (line 22)
  0x000000011577d208: 7437 eb02 

  0x000000011577d20c: ;   {other}
  0x000000011577d20c: 0f1f 8400 | fc18 0014 | 488b b424 | c000 0000 | 488b 9424 | c800 0000 | 488b 8c24 | 9800 0000 
  0x000000011577d22c: ;   {oop(nullptr)}
  0x000000011577d22c: 49b8 0000 | 0000 0000 | 0000 4c8b | 8c24 9800 

  0x000000011577d23c: ;   {static_call}
  0x000000011577d23c: 0000 90e8 

  0x000000011577d240: ; ImmutableOopMap {[136]=Oop [144]=Oop [152]=Oop [160]=Oop }
                      ;*invokestatic a {reexecute=0 rethrow=0 return_oop=0}
                      ; - com.android.tools.r8.internal.tc0::a@241 (line 23)
  0x000000011577d240: 3c37 eb02 

  0x000000011577d244: ;   {other}
  0x000000011577d244: 0f1f 8400 | 3419 0015 

  0x000000011577d24c: ;   {metadata(method data for {method} {0x000000017e73a788} 'a' '(Lcom/android/tools/r8/graph/H5;Lcom/android/tools/r8/internal/ea;)V' in 'com/android/tools/r8/internal/tc0')}
  0x000000011577d24c: 48ba 0008 | 467f 0100 | 0000 8bb2 | b000 0000 | 83c6 0289 | b2b0 0000 | 0081 e6fe | 3f00 0085 
  0x000000011577d26c: f60f 8497 | 0600 004d | 8b97 6004 

  0x000000011577d278: ; ImmutableOopMap {[136]=Oop [144]=Oop [152]=Oop [160]=Oop }
                      ;*goto {reexecute=1 rethrow=0 return_oop=0}
                      ; - (reexecute) com.android.tools.r8.internal.tc0::a@244 (line 23)
                      ;   {poll}
  0x000000011577d278: 0000 4185 

  0x000000011577d27c: ;   {metadata(method data for {method} {0x000000017e73a788} 'a' '(Lcom/android/tools/r8/graph/H5;Lcom/android/tools/r8/internal/ea;)V' in 'com/android/tools/r8/internal/tc0')}
  0x000000011577d27c: 0248 ba00 | 0846 7f01 | 0000 00ff | 8240 0600 | 0048 8b84 | 24a0 0000 | 00e9 d6ee | ffff 488b 
  0x000000011577d29c: 9424 9000 | 0000 488b | b424 8800 | 0000 8b5e | 0c48 c1e3 | 034c 8bc2 | 0f1f 4000 

  0x000000011577d2b8: ;   {no_reloc}
  0x000000011577d2b8: e97d 0600 | 0000 0000 | 0000 498b | 87b8 0100 | 0048 8d78 | 1049 3bbf | c801 0000 | 0f87 6a06 
  0x000000011577d2d8: 0000 4989 | bfb8 0100 | 0048 c700 | 0100 0000 | 488b ca49 | ba00 0000 | 2701 0000 | 0049 2bca 
  0x000000011577d2f8: 8948 0848 | 33c9 8948 | 0c48 33c9 

  0x000000011577d304: ;   {metadata(method data for {method} {0x000000017e73a788} 'a' '(Lcom/android/tools/r8/graph/H5;Lcom/android/tools/r8/internal/ea;)V' in 'com/android/tools/r8/internal/tc0')}
  0x000000011577d304: 488b f048 | bf00 0846 | 7f01 0000 | 0048 8387 | 7004 0000 

  0x000000011577d318: ;   {metadata(method data for {method} {0x000000017e4babb8} '<init>' '(Ljava/lang/Object;)V' in 'com/android/tools/r8/internal/Sm0')}
  0x000000011577d318: 0148 be78 | 0780 7e01 | 0000 008b | beac 0000 | 0083 c702 | 89be ac00 | 0000 81e7 | feff 1f00 
  0x000000011577d338: 85ff 0f84 | 1106 0000 

  0x000000011577d340: ;   {metadata(method data for {method} {0x000000017e4babb8} '<init>' '(Ljava/lang/Object;)V' in 'com/android/tools/r8/internal/Sm0')}
  0x000000011577d340: 488b f048 | bf78 0780 | 7e01 0000 | 0048 8387 | f800 0000 

  0x000000011577d354: ;   {metadata(method data for {method} {0x000000017e495778} '<init>' '()V' in 'com/android/tools/r8/internal/hC')}
  0x000000011577d354: 0148 be50 | 0680 7e01 | 0000 008b | beac 0000 | 0083 c702 | 89be ac00 | 0000 81e7 | feff 1f00 
  0x000000011577d374: 85ff 0f84 | f605 0000 

  0x000000011577d37c: ;   {metadata(method data for {method} {0x000000017e495778} '<init>' '()V' in 'com/android/tools/r8/internal/hC')}
  0x000000011577d37c: 488b f048 | bf50 0680 | 7e01 0000 | 0048 8387 | f800 0000 

  0x000000011577d390: ;   {metadata(method data for {method} {0x000000017e477308} '<init>' '()V' in 'com/android/tools/r8/internal/XB')}
  0x000000011577d390: 0148 bef0 | 0380 7e01 | 0000 008b | beac 0000 | 0083 c702 | 89be ac00 | 0000 81e7 | feff 1f00 
  0x000000011577d3b0: 85ff 0f84 | db05 0000 

  0x000000011577d3b8: ;   {metadata(method data for {method} {0x000000017e477308} '<init>' '()V' in 'com/android/tools/r8/internal/XB')}
  0x000000011577d3b8: 488b f048 | bff0 0380 | 7e01 0000 | 0048 8387 | f800 0000 

  0x000000011577d3cc: ;   {metadata(method data for {method} {0x000000012704e760} '<init>' '()V' in 'java/util/AbstractCollection')}
  0x000000011577d3cc: 0148 be28 | ed00 6801 | 0000 008b | beac 0000 | 0083 c702 | 89be ac00 | 0000 81e7 | feff 1f00 
  0x000000011577d3ec: 85ff 0f84 | c005 0000 

  0x000000011577d3f4: ;   {metadata(method data for {method} {0x000000012704e760} '<init>' '()V' in 'java/util/AbstractCollection')}
  0x000000011577d3f4: 488b f048 | bf28 ed00 | 6801 0000 | 0048 8387 | f800 0000 

  0x000000011577d408: ;   {metadata(method data for {method} {0x0000000127439660} '<init>' '()V' in 'java/lang/Object')}
  0x000000011577d408: 0148 bee8 | 8100 6801 | 0000 008b | beac 0000 | 0083 c702 | 89be ac00 | 0000 81e7 | feff 1f00 
  0x000000011577d428: 85ff 0f84 | a505 0000 

  0x000000011577d430: ;   {metadata(method data for {method} {0x000000017e4babb8} '<init>' '(Ljava/lang/Object;)V' in 'com/android/tools/r8/internal/Sm0')}
  0x000000011577d430: 498b d048 | be78 0780 | 7e01 0000 | 0048 8386 | 0801 0000 | 0141 8b70 | 0849 ba00 | 0000 2701 
  0x000000011577d450: 0000 0049 | 03f2 488b | 7670 488b | 3641 0fbe | 7738 85f6 | 0f85 8c05 | 0000 4d8b | d049 c1ea 
  0x000000011577d470: 0344 8950 | 0c48 8bf0 | 4933 f048 | c1ee 1548 | 83fe 000f | 858c 0500 | 0048 8bf3 | 4889 8424 
  0x000000011577d490: d800 0000 | 4889 9c24 | d000 0000 

  0x000000011577d49c: ;   {static_call}
  0x000000011577d49c: 6666 90e8 

  0x000000011577d4a0: ; ImmutableOopMap {[136]=Oop [144]=Oop [152]=Oop [160]=Oop [208]=Oop [216]=Oop }
                      ;*invokestatic a {reexecute=0 rethrow=0 return_oop=0}
                      ; - com.android.tools.r8.internal.tc0::a@127 (line 12)
  0x000000011577d4a0: dc34 eb02 

  0x000000011577d4a4: ;   {other}
  0x000000011577d4a4: 0f1f 8400 | 941b 0017 | 488b b424 | d000 0000 | 488b 9424 | d800 0000 | 488b 8c24 | 9800 0000 
  0x000000011577d4c4: ;   {oop(nullptr)}
  0x000000011577d4c4: 49b8 0000 | 0000 0000 | 0000 4c8b | 8c24 9800 

  0x000000011577d4d4: ;   {static_call}
  0x000000011577d4d4: 0000 90e8 

  0x000000011577d4d8: ; ImmutableOopMap {[136]=Oop [144]=Oop [152]=Oop [160]=Oop }
                      ;*invokestatic a {reexecute=0 rethrow=0 return_oop=0}
                      ; - com.android.tools.r8.internal.tc0::a@136 (line 13)
  0x000000011577d4d8: a434 eb02 

  0x000000011577d4dc: ;   {other}
  0x000000011577d4dc: 0f1f 8400 | cc1b 0018 

  0x000000011577d4e4: ;   {metadata(method data for {method} {0x000000017e73a788} 'a' '(Lcom/android/tools/r8/graph/H5;Lcom/android/tools/r8/internal/ea;)V' in 'com/android/tools/r8/internal/tc0')}
  0x000000011577d4e4: 48be 0008 | 467f 0100 | 0000 8bbe | b000 0000 | 83c7 0289 | beb0 0000 | 0081 e7fe | 3f00 0085 
  0x000000011577d504: ff0f 8422 | 0500 004d | 8b97 6004 

  0x000000011577d510: ; ImmutableOopMap {[136]=Oop [144]=Oop [152]=Oop [160]=Oop }
                      ;*goto {reexecute=1 rethrow=0 return_oop=0}
                      ; - (reexecute) com.android.tools.r8.internal.tc0::a@139 (line 13)
                      ;   {poll}
  0x000000011577d510: 0000 4185 

  0x000000011577d514: ;   {metadata(method data for {method} {0x000000017e73a788} 'a' '(Lcom/android/tools/r8/graph/H5;Lcom/android/tools/r8/internal/ea;)V' in 'com/android/tools/r8/internal/tc0')}
  0x000000011577d514: 0248 be00 | 0846 7f01 | 0000 00ff | 86a0 0400 | 0048 8b84 | 24a0 0000 | 00e9 3eec | ffff 4881 
  0x000000011577d534: c4f0 0000 

  0x000000011577d538: ;   {poll_return}
  0x000000011577d538: 005d 493b | a758 0400 | 000f 8707 | 0500 00c3 

  0x000000011577d548: ;   {metadata({method} {0x000000017e73a788} 'a' '(Lcom/android/tools/r8/graph/H5;Lcom/android/tools/r8/internal/ea;)V' in 'com/android/tools/r8/internal/tc0')}
  0x000000011577d548: 49ba 88a7 | 737e 0100 | 0000 4c89 | 5424 0848 | c704 24ff 

  0x000000011577d55c: ;   {runtime_call counter_overflow Runtime1 stub}
  0x000000011577d55c: ffff ffe8 

  0x000000011577d560: ; ImmutableOopMap {rsi=Oop rdx=Oop rcx=Oop [136]=Oop [144]=Oop [152]=Oop }
                      ;*synchronization entry
                      ; - com.android.tools.r8.internal.tc0::a@-1
  0x000000011577d560: 9c94 f702 | e935 e8ff 

  0x000000011577d568: ;   {runtime_call throw_null_pointer_exception Runtime1 stub}
  0x000000011577d568: ffe8 122f 

  0x000000011577d56c: ; ImmutableOopMap {rsi=Oop rdx=Oop rcx=Oop [136]=Oop [144]=Oop [152]=Oop }
                      ;*invokevirtual d {reexecute=0 rethrow=0 return_oop=0}
                      ; - com.android.tools.r8.internal.tc0::a@1 (line 1)
  0x000000011577d56c: f702 4889 

  0x000000011577d570: ;   {runtime_call throw_class_cast_exception Runtime1 stub}
  0x000000011577d570: 3c24 e809 

  0x000000011577d574: ; ImmutableOopMap {rsi=Oop rdx=Oop rcx=Oop [136]=Oop [144]=Oop [152]=Oop }
                      ;*checkcast {reexecute=0 rethrow=0 return_oop=0}
                      ; - com.android.tools.r8.internal.tc0::a@4 (line 1)
                      ;   {runtime_call throw_null_pointer_exception Runtime1 stub}
  0x000000011577d574: 65f7 02e8 

  0x000000011577d578: ; ImmutableOopMap {rsi=Oop rdx=Oop rcx=Oop rdi=Oop [136]=Oop [144]=Oop [152]=Oop }
                      ;*invokevirtual Q0 {reexecute=0 rethrow=0 return_oop=0}
                      ; - com.android.tools.r8.internal.tc0::a@7 (line 1)
  0x000000011577d578: 042f f702 

  0x000000011577d57c: ;   {metadata({method} {0x000000017e572bf0} 'Q0' '()Lcom/android/tools/r8/graph/i0;' in 'com/android/tools/r8/graph/j1')}
  0x000000011577d57c: 49ba f02b | 577e 0100 | 0000 4c89 | 5424 0848 | c704 24ff 

  0x000000011577d590: ;   {runtime_call counter_overflow Runtime1 stub}
  0x000000011577d590: ffff ffe8 

  0x000000011577d594: ; ImmutableOopMap {rsi=Oop rdx=Oop rcx=Oop rdi=Oop [136]=Oop [144]=Oop [152]=Oop }
                      ;*synchronization entry
                      ; - com.android.tools.r8.graph.j1::Q0@-1
                      ; - com.android.tools.r8.internal.tc0::a@7 (line 1)
  0x000000011577d594: 6894 f702 | e9a6 e9ff 

  0x000000011577d59c: ;   {metadata({method} {0x000000017e56fda8} 'L0' '()V' in 'com/android/tools/r8/graph/j1')}
  0x000000011577d59c: ff49 baa8 | fd56 7e01 | 0000 004c | 8954 2408 | 48c7 0424 | ffff ffff 

  0x000000011577d5b4: ;   {runtime_call counter_overflow Runtime1 stub}
  0x000000011577d5b4: e847 94f7 

  0x000000011577d5b8: ; ImmutableOopMap {rsi=Oop rdx=Oop rcx=Oop rdi=Oop [136]=Oop [144]=Oop [152]=Oop }
                      ;*synchronization entry
                      ; - com.android.tools.r8.graph.j1::L0@-1 (line 1)
                      ; - com.android.tools.r8.graph.j1::Q0@2 (line 1)
                      ; - com.android.tools.r8.internal.tc0::a@7 (line 1)
  0x000000011577d5b8: 02e9 c0e9 

  0x000000011577d5bc: ;   {runtime_call throw_null_pointer_exception Runtime1 stub}
  0x000000011577d5bc: ffff e8bd 

  0x000000011577d5c0: ; ImmutableOopMap {rdi=Oop [136]=Oop [144]=Oop [152]=Oop }
                      ;*invokevirtual V {reexecute=0 rethrow=0 return_oop=0}
                      ; - com.android.tools.r8.internal.tc0::a@10 (line 1)
                      ;   {runtime_call throw_null_pointer_exception Runtime1 stub}
  0x000000011577d5c0: 2ef7 02e8 

  0x000000011577d5c4: ; ImmutableOopMap {rax=Oop [136]=Oop [144]=Oop [152]=Oop }
                      ;*invokevirtual E0 {reexecute=0 rethrow=0 return_oop=0}
                      ; - com.android.tools.r8.internal.tc0::a@13 (line 2)
  0x000000011577d5c4: b82e f702 

  0x000000011577d5c8: ;   {metadata({method} {0x000000017e755db0} 'E0' '()Ljava/util/List;' in 'com/android/tools/r8/graph/G')}
  0x000000011577d5c8: 49ba b05d | 757e 0100 | 0000 4c89 | 5424 0848 | c704 24ff 

  0x000000011577d5dc: ;   {runtime_call counter_overflow Runtime1 stub}
  0x000000011577d5dc: ffff ffe8 

  0x000000011577d5e0: ; ImmutableOopMap {rax=Oop [136]=Oop [144]=Oop [152]=Oop }
                      ;*synchronization entry
                      ; - com.android.tools.r8.graph.G::E0@-1
                      ; - com.android.tools.r8.internal.tc0::a@13 (line 2)
  0x000000011577d5e0: 1c94 f702 | e9a2 eaff 

  0x000000011577d5e8: ;   {runtime_call throw_null_pointer_exception Runtime1 stub}
  0x000000011577d5e8: ffe8 922e 

  0x000000011577d5ec: ; ImmutableOopMap {rax=Oop [136]=Oop [144]=Oop [152]=Oop }
                      ;*invokeinterface iterator {reexecute=0 rethrow=0 return_oop=0}
                      ; - com.android.tools.r8.internal.tc0::a@16 (line 2)
                      ;   {runtime_call throw_null_pointer_exception Runtime1 stub}
  0x000000011577d5ec: f702 e88d 

  0x000000011577d5f0: ; ImmutableOopMap {rax=Oop [136]=Oop [144]=Oop [152]=Oop [160]=Oop }
                      ;*invokeinterface hasNext {reexecute=0 rethrow=0 return_oop=0}
                      ; - com.android.tools.r8.internal.tc0::a@23 (line 2)
  0x000000011577d5f0: 2ef7 0248 

  0x000000011577d5f4: ;   {runtime_call throw_class_cast_exception Runtime1 stub}
  0x000000011577d5f4: 8904 24e8 

  0x000000011577d5f8: ; ImmutableOopMap {[136]=Oop [144]=Oop [152]=Oop [160]=Oop }
                      ;*checkcast {reexecute=0 rethrow=0 return_oop=0}
                      ; - com.android.tools.r8.internal.tc0::a@37 (line 2)
  0x000000011577d5f8: 8464 f702 

  0x000000011577d5fc: ;   {runtime_call throw_null_pointer_exception Runtime1 stub}
  0x000000011577d5fc: e87f 2ef7 

  0x000000011577d600: ; ImmutableOopMap {rdi=Oop [136]=Oop [144]=Oop [152]=Oop [160]=Oop }
                      ;*invokevirtual L {reexecute=0 rethrow=0 return_oop=0}
                      ; - com.android.tools.r8.internal.tc0::a@77 (line 6)
                      ;   {runtime_call throw_null_pointer_exception Runtime1 stub}
  0x000000011577d600: 02e8 7a2e 

  0x000000011577d604: ; ImmutableOopMap {rax=Oop [136]=Oop [144]=Oop [152]=Oop [160]=Oop }
                      ;*invokevirtual V {reexecute=0 rethrow=0 return_oop=0}
                      ; - com.android.tools.r8.internal.tc0::a@89 (line 8)
                      ;   {metadata({method} {0x000000017e73a788} 'a' '(Lcom/android/tools/r8/graph/H5;Lcom/android/tools/r8/internal/ea;)V' in 'com/android/tools/r8/internal/tc0')}
  0x000000011577d604: f702 49ba | 88a7 737e | 0100 0000 | 4c89 5424 | 0848 c704 | 2466 0000 

  0x000000011577d61c: ;   {runtime_call counter_overflow Runtime1 stub}
  0x000000011577d61c: 00e8 de93 

  0x000000011577d620: ; ImmutableOopMap {[136]=Oop [144]=Oop [152]=Oop [160]=Oop }
                      ;*ifeq {reexecute=1 rethrow=0 return_oop=0}
                      ; - (reexecute) com.android.tools.r8.internal.tc0::a@102 (line 8)
  0x000000011577d620: f702 e9f2 

  0x000000011577d624: ;   {runtime_call throw_null_pointer_exception Runtime1 stub}
  0x000000011577d624: efff ffe8 

  0x000000011577d628: ; ImmutableOopMap {rax=Oop [136]=Oop [144]=Oop [152]=Oop [160]=Oop }
                      ;*invokevirtual getField {reexecute=0 rethrow=0 return_oop=0}
                      ; - com.android.tools.r8.internal.tc0::a@158 (line 16)
  0x000000011577d628: 542e f702 

  0x000000011577d62c: ;   {runtime_call throw_null_pointer_exception Runtime1 stub}
  0x000000011577d62c: e84f 2ef7 

  0x000000011577d630: ; ImmutableOopMap {rdi=Oop rbx=Oop [136]=Oop [144]=Oop [152]=Oop [160]=Oop }
                      ;*getfield i {reexecute=1 rethrow=0 return_oop=0}
                      ; - (reexecute) com.android.tools.r8.internal.tc0::a@201 (line 18)
                      ;   {metadata({method} {0x000000017e73a4e8} 'a' '(Lcom/android/tools/r8/graph/u1;Lcom/android/tools/r8/graph/M2;)Z' in 'com/android/tools/r8/internal/tc0')}
  0x000000011577d630: 0249 bae8 | a473 7e01 | 0000 004c | 8954 2408 | 48c7 0424 | ffff ffff 

  0x000000011577d648: ;   {runtime_call counter_overflow Runtime1 stub}
  0x000000011577d648: e8b3 93f7 

  0x000000011577d64c: ; ImmutableOopMap {rdi=Oop rbx=Oop rsi=Oop [136]=Oop [144]=Oop [152]=Oop [160]=Oop }
                      ;*synchronization entry
                      ; - com.android.tools.r8.internal.tc0::a@-1
                      ; - com.android.tools.r8.internal.tc0::a@204 (line 18)
  0x000000011577d64c: 02e9 9ef2 

  0x000000011577d650: ;   {runtime_call throw_null_pointer_exception Runtime1 stub}
  0x000000011577d650: ffff e829 

  0x000000011577d654: ; ImmutableOopMap {rdi=Oop rsi=Oop [136]=Oop [144]=Oop [152]=Oop [160]=Oop }
                      ;*getfield j2 {reexecute=1 rethrow=0 return_oop=0}
                      ; - (reexecute) com.android.tools.r8.internal.tc0::a@2 (line 42)
                      ; - com.android.tools.r8.internal.tc0::a@204 (line 18)
                      ;   {metadata({method} {0x000000017e73a788} 'a' '(Lcom/android/tools/r8/graph/H5;Lcom/android/tools/r8/internal/ea;)V' in 'com/android/tools/r8/internal/tc0')}
  0x000000011577d654: 2ef7 0249 | ba88 a773 | 7e01 0000 | 004c 8954 | 2408 48c7 | 0424 cf00 

  0x000000011577d66c: ;   {runtime_call counter_overflow Runtime1 stub}
  0x000000011577d66c: 0000 e88d 

  0x000000011577d670: ; ImmutableOopMap {rdi=Oop [136]=Oop [144]=Oop [152]=Oop [160]=Oop }
                      ;*ifeq {reexecute=1 rethrow=0 return_oop=0}
                      ; - (reexecute) com.android.tools.r8.internal.tc0::a@207 (line 18)
  0x000000011577d670: 93f7 02e9 | fdf2 ffff 

  0x000000011577d678: ;   {metadata({method} {0x000000017e73a788} 'a' '(Lcom/android/tools/r8/graph/H5;Lcom/android/tools/r8/internal/ea;)V' in 'com/android/tools/r8/internal/tc0')}
  0x000000011577d678: 49ba 88a7 | 737e 0100 | 0000 4c89 | 5424 0848 | c704 24fc 

  0x000000011577d68c: ;   {runtime_call counter_overflow Runtime1 stub}
  0x000000011577d68c: 0000 00e8 

  0x000000011577d690: ; ImmutableOopMap {[136]=Oop [144]=Oop [152]=Oop [160]=Oop [168]=Oop }
                      ;*ifeq {reexecute=1 rethrow=0 return_oop=0}
                      ; - (reexecute) com.android.tools.r8.internal.tc0::a@252 (line 24)
  0x000000011577d690: 6c93 f702 | e908 f4ff 

  0x000000011577d698: ;   {runtime_call throw_null_pointer_exception Runtime1 stub}
  0x000000011577d698: ffe8 e22d 

  0x000000011577d69c: ; ImmutableOopMap {rax=Oop [136]=Oop [144]=Oop [152]=Oop [160]=Oop }
                      ;*invokeinterface getType {reexecute=0 rethrow=0 return_oop=0}
                      ; - com.android.tools.r8.internal.tc0::a@261 (line 26)
                      ;   {metadata({method} {0x000000017e73a4e8} 'a' '(Lcom/android/tools/r8/graph/u1;Lcom/android/tools/r8/graph/M2;)Z' in 'com/android/tools/r8/internal/tc0')}
  0x000000011577d69c: f702 49ba | e8a4 737e | 0100 0000 | 4c89 5424 | 0848 c704 | 24ff ffff 

  0x000000011577d6b4: ;   {runtime_call counter_overflow Runtime1 stub}
  0x000000011577d6b4: ffe8 4693 

  0x000000011577d6b8: ; ImmutableOopMap {rax=Oop rsi=Oop rdx=Oop [136]=Oop [144]=Oop [152]=Oop [160]=Oop }
                      ;*synchronization entry
                      ; - com.android.tools.r8.internal.tc0::a@-1
                      ; - com.android.tools.r8.internal.tc0::a@273 (line 26)
  0x000000011577d6b8: f702 e9cd 

  0x000000011577d6bc: ;   {runtime_call throw_null_pointer_exception Runtime1 stub}
  0x000000011577d6bc: f5ff ffe8 

  0x000000011577d6c0: ; ImmutableOopMap {rax=Oop rsi=Oop [136]=Oop [144]=Oop [152]=Oop [160]=Oop }
                      ;*getfield j2 {reexecute=1 rethrow=0 return_oop=0}
                      ; - (reexecute) com.android.tools.r8.internal.tc0::a@2 (line 42)
                      ; - com.android.tools.r8.internal.tc0::a@273 (line 26)
  0x000000011577d6c0: bc2d f702 

  0x000000011577d6c4: ;   {metadata({method} {0x000000017e73a788} 'a' '(Lcom/android/tools/r8/graph/H5;Lcom/android/tools/r8/internal/ea;)V' in 'com/android/tools/r8/internal/tc0')}
  0x000000011577d6c4: 49ba 88a7 | 737e 0100 | 0000 4c89 | 5424 0848 | c704 2414 

  0x000000011577d6d8: ;   {runtime_call counter_overflow Runtime1 stub}
  0x000000011577d6d8: 0100 00e8 

  0x000000011577d6dc: ; ImmutableOopMap {rsi=Oop [136]=Oop [144]=Oop [152]=Oop [160]=Oop }
                      ;*ifeq {reexecute=1 rethrow=0 return_oop=0}
                      ; - (reexecute) com.android.tools.r8.internal.tc0::a@276 (line 26)
  0x000000011577d6dc: 2093 f702 | e92c f6ff 

  0x000000011577d6e4: ;   {metadata(nullptr)}
  0x000000011577d6e4: ff48 ba00 | 0000 0000 | 0000 00b8 | 000f 050a 

  0x000000011577d6f4: ;   {runtime_call load_klass_patching Runtime1 stub}
  0x000000011577d6f4: e887 7ff7 

  0x000000011577d6f8: ; ImmutableOopMap {rsi=Oop rbx=Oop r8=Oop [136]=Oop [144]=Oop [152]=Oop [160]=Oop }
                      ;*new {reexecute=1 rethrow=0 return_oop=0}
                      ; - (reexecute) com.android.tools.r8.internal.tc0::a@291 (line 29)
  0x000000011577d6f8: 02e9 92f6 | ffff 488b 

  0x000000011577d700: ;   {runtime_call fast_new_instance Runtime1 stub}
  0x000000011577d700: d2e8 fa43 

  0x000000011577d704: ; ImmutableOopMap {rbx=Oop r8=Oop [136]=Oop [144]=Oop [152]=Oop [160]=Oop }
                      ;*new {reexecute=0 rethrow=0 return_oop=0}
                      ; - com.android.tools.r8.internal.tc0::a@291 (line 29)
  0x000000011577d704: f702 e9d1 

  0x000000011577d708: ;   {metadata({method} {0x000000017e4babb8} '<init>' '(Ljava/lang/Object;)V' in 'com/android/tools/r8/internal/Sm0')}
  0x000000011577d708: f6ff ff49 | bab8 ab4b | 7e01 0000 | 004c 8954 | 2408 48c7 | 0424 ffff 

  0x000000011577d720: ;   {runtime_call counter_overflow Runtime1 stub}
  0x000000011577d720: ffff e8d9 

  0x000000011577d724: ; ImmutableOopMap {rbx=Oop r8=Oop rax=Oop [136]=Oop [144]=Oop [152]=Oop [160]=Oop }
                      ;*synchronization entry
                      ; - com.android.tools.r8.internal.Sm0::<init>@-1
                      ; - com.android.tools.r8.internal.tc0::a@298 (line 29)
  0x000000011577d724: 92f7 02e9 | ecf6 ffff 

  0x000000011577d72c: ;   {metadata({method} {0x000000017e495778} '<init>' '()V' in 'com/android/tools/r8/internal/hC')}
  0x000000011577d72c: 49ba 7857 | 497e 0100 | 0000 4c89 | 5424 0848 | c704 24ff 

  0x000000011577d740: ;   {runtime_call counter_overflow Runtime1 stub}
  0x000000011577d740: ffff ffe8 

  0x000000011577d744: ; ImmutableOopMap {rbx=Oop r8=Oop rax=Oop [136]=Oop [144]=Oop [152]=Oop [160]=Oop }
                      ;*synchronization entry
                      ; - com.android.tools.r8.internal.hC::<init>@-1
                      ; - com.android.tools.r8.internal.Sm0::<init>@3 (line 1)
                      ; - com.android.tools.r8.internal.tc0::a@298 (line 29)
  0x000000011577d744: b892 f702 | e907 f7ff 

  0x000000011577d74c: ;   {metadata({method} {0x000000017e477308} '<init>' '()V' in 'com/android/tools/r8/internal/XB')}
  0x000000011577d74c: ff49 ba08 | 7347 7e01 | 0000 004c | 8954 2408 | 48c7 0424 | ffff ffff 

  0x000000011577d764: ;   {runtime_call counter_overflow Runtime1 stub}
  0x000000011577d764: e897 92f7 

  0x000000011577d768: ; ImmutableOopMap {rbx=Oop r8=Oop rax=Oop [136]=Oop [144]=Oop [152]=Oop [160]=Oop }
                      ;*synchronization entry
                      ; - com.android.tools.r8.internal.XB::<init>@-1
                      ; - com.android.tools.r8.internal.hC::<init>@1 (line 1)
                      ; - com.android.tools.r8.internal.Sm0::<init>@3 (line 1)
                      ; - com.android.tools.r8.internal.tc0::a@298 (line 29)
  0x000000011577d768: 02e9 22f7 

  0x000000011577d76c: ;   {metadata({method} {0x000000012704e760} '<init>' '()V' in 'java/util/AbstractCollection')}
  0x000000011577d76c: ffff 49ba | 60e7 0427 | 0100 0000 | 4c89 5424 | 0848 c704 | 24ff ffff 

  0x000000011577d784: ;   {runtime_call counter_overflow Runtime1 stub}
  0x000000011577d784: ffe8 7692 

  0x000000011577d788: ; ImmutableOopMap {rbx=Oop r8=Oop rax=Oop [136]=Oop [144]=Oop [152]=Oop [160]=Oop }
                      ;*synchronization entry
                      ; - java.util.AbstractCollection::<init>@-1 (line 70)
                      ; - com.android.tools.r8.internal.XB::<init>@1 (line 1)
                      ; - com.android.tools.r8.internal.hC::<init>@1 (line 1)
                      ; - com.android.tools.r8.internal.Sm0::<init>@3 (line 1)
                      ; - com.android.tools.r8.internal.tc0::a@298 (line 29)
  0x000000011577d788: f702 e93d 

  0x000000011577d78c: ;   {metadata({method} {0x0000000127439660} '<init>' '()V' in 'java/lang/Object')}
  0x000000011577d78c: f7ff ff49 | ba60 9643 | 2701 0000 | 004c 8954 | 2408 48c7 | 0424 ffff 

  0x000000011577d7a4: ;   {runtime_call counter_overflow Runtime1 stub}
  0x000000011577d7a4: ffff e855 

  0x000000011577d7a8: ; ImmutableOopMap {rbx=Oop r8=Oop rax=Oop [136]=Oop [144]=Oop [152]=Oop [160]=Oop }
                      ;*synchronization entry
                      ; - java.lang.Object::<init>@-1 (line 45)
                      ; - java.util.AbstractCollection::<init>@1 (line 70)
                      ; - com.android.tools.r8.internal.XB::<init>@1 (line 1)
                      ; - com.android.tools.r8.internal.hC::<init>@1 (line 1)
                      ; - com.android.tools.r8.internal.Sm0::<init>@3 (line 1)
                      ; - com.android.tools.r8.internal.tc0::a@298 (line 29)
  0x000000011577d7a8: 92f7 02e9 | 58f7 ffff | 8b70 0c48 | c1e6 0348 | 83fe 000f | 8481 f7ff | ff48 8934 

  0x000000011577d7c4: ;   {runtime_call g1_pre_barrier_slow}
  0x000000011577d7c4: 24e8 b6a5 | f702 e973 | f7ff ff49 | 83f8 000f | 8488 f7ff | ff48 8904 

  0x000000011577d7dc: ;   {runtime_call g1_post_barrier_slow}
  0x000000011577d7dc: 24e8 1ead | f702 e97a 

  0x000000011577d7e4: ;   {metadata({method} {0x000000017e73a788} 'a' '(Lcom/android/tools/r8/graph/H5;Lcom/android/tools/r8/internal/ea;)V' in 'com/android/tools/r8/internal/tc0')}
  0x000000011577d7e4: f7ff ff49 | ba88 a773 | 7e01 0000 | 004c 8954 | 2408 48c7 | 0424 3901 

  0x000000011577d7fc: ;   {runtime_call counter_overflow Runtime1 stub}
  0x000000011577d7fc: 0000 e8fd 

  0x000000011577d800: ; ImmutableOopMap {[136]=Oop [144]=Oop [152]=Oop [160]=Oop }
                      ;*goto {reexecute=1 rethrow=0 return_oop=0}
                      ; - (reexecute) com.android.tools.r8.internal.tc0::a@313 (line 31)
  0x000000011577d800: 91f7 02e9 | dbf7 ffff 

  0x000000011577d808: ;   {metadata(nullptr)}
  0x000000011577d808: 48ba 0000 | 0000 0000 | 0000 b800 

  0x000000011577d814: ;   {runtime_call load_klass_patching Runtime1 stub}
  0x000000011577d814: 0f05 0ae8 

  0x000000011577d818: ; ImmutableOopMap {rsi=Oop rbx=Oop r8=Oop [136]=Oop [144]=Oop [152]=Oop [160]=Oop }
                      ;*new {reexecute=1 rethrow=0 return_oop=0}
                      ; - (reexecute) com.android.tools.r8.internal.tc0::a@222 (line 21)
  0x000000011577d818: 647e f702 | e9ff f7ff | ff48 8bd2 

  0x000000011577d824: ;   {runtime_call fast_new_instance Runtime1 stub}
  0x000000011577d824: e8d7 42f7 

  0x000000011577d828: ; ImmutableOopMap {rbx=Oop r8=Oop [136]=Oop [144]=Oop [152]=Oop [160]=Oop }
                      ;*new {reexecute=0 rethrow=0 return_oop=0}
                      ; - com.android.tools.r8.internal.tc0::a@222 (line 21)
  0x000000011577d828: 02e9 3ef8 

  0x000000011577d82c: ;   {metadata({method} {0x000000017e4babb8} '<init>' '(Ljava/lang/Object;)V' in 'com/android/tools/r8/internal/Sm0')}
  0x000000011577d82c: ffff 49ba | b8ab 4b7e | 0100 0000 | 4c89 5424 | 0848 c704 | 24ff ffff 

  0x000000011577d844: ;   {runtime_call counter_overflow Runtime1 stub}
  0x000000011577d844: ffe8 b691 

  0x000000011577d848: ; ImmutableOopMap {rbx=Oop r8=Oop rax=Oop [136]=Oop [144]=Oop [152]=Oop [160]=Oop }
                      ;*synchronization entry
                      ; - com.android.tools.r8.internal.Sm0::<init>@-1
                      ; - com.android.tools.r8.internal.tc0::a@229 (line 21)
  0x000000011577d848: f702 e959 

  0x000000011577d84c: ;   {metadata({method} {0x000000017e495778} '<init>' '()V' in 'com/android/tools/r8/internal/hC')}
  0x000000011577d84c: f8ff ff49 | ba78 5749 | 7e01 0000 | 004c 8954 | 2408 48c7 | 0424 ffff 

  0x000000011577d864: ;   {runtime_call counter_overflow Runtime1 stub}
  0x000000011577d864: ffff e895 

  0x000000011577d868: ; ImmutableOopMap {rbx=Oop r8=Oop rax=Oop [136]=Oop [144]=Oop [152]=Oop [160]=Oop }
                      ;*synchronization entry
                      ; - com.android.tools.r8.internal.hC::<init>@-1
                      ; - com.android.tools.r8.internal.Sm0::<init>@3 (line 1)
                      ; - com.android.tools.r8.internal.tc0::a@229 (line 21)
  0x000000011577d868: 91f7 02e9 | 74f8 ffff 

  0x000000011577d870: ;   {metadata({method} {0x000000017e477308} '<init>' '()V' in 'com/android/tools/r8/internal/XB')}
  0x000000011577d870: 49ba 0873 | 477e 0100 | 0000 4c89 | 5424 0848 | c704 24ff 

  0x000000011577d884: ;   {runtime_call counter_overflow Runtime1 stub}
  0x000000011577d884: ffff ffe8 

  0x000000011577d888: ; ImmutableOopMap {rbx=Oop r8=Oop rax=Oop [136]=Oop [144]=Oop [152]=Oop [160]=Oop }
                      ;*synchronization entry
                      ; - com.android.tools.r8.internal.XB::<init>@-1
                      ; - com.android.tools.r8.internal.hC::<init>@1 (line 1)
                      ; - com.android.tools.r8.internal.Sm0::<init>@3 (line 1)
                      ; - com.android.tools.r8.internal.tc0::a@229 (line 21)
  0x000000011577d888: 7491 f702 | e98f f8ff 

  0x000000011577d890: ;   {metadata({method} {0x000000012704e760} '<init>' '()V' in 'java/util/AbstractCollection')}
  0x000000011577d890: ff49 ba60 | e704 2701 | 0000 004c | 8954 2408 | 48c7 0424 | ffff ffff 

  0x000000011577d8a8: ;   {runtime_call counter_overflow Runtime1 stub}
  0x000000011577d8a8: e853 91f7 

  0x000000011577d8ac: ; ImmutableOopMap {rbx=Oop r8=Oop rax=Oop [136]=Oop [144]=Oop [152]=Oop [160]=Oop }
                      ;*synchronization entry
                      ; - java.util.AbstractCollection::<init>@-1 (line 70)
                      ; - com.android.tools.r8.internal.XB::<init>@1 (line 1)
                      ; - com.android.tools.r8.internal.hC::<init>@1 (line 1)
                      ; - com.android.tools.r8.internal.Sm0::<init>@3 (line 1)
                      ; - com.android.tools.r8.internal.tc0::a@229 (line 21)
  0x000000011577d8ac: 02e9 aaf8 

  0x000000011577d8b0: ;   {metadata({method} {0x0000000127439660} '<init>' '()V' in 'java/lang/Object')}
  0x000000011577d8b0: ffff 49ba | 6096 4327 | 0100 0000 | 4c89 5424 | 0848 c704 | 24ff ffff 

  0x000000011577d8c8: ;   {runtime_call counter_overflow Runtime1 stub}
  0x000000011577d8c8: ffe8 3291 

  0x000000011577d8cc: ; ImmutableOopMap {rbx=Oop r8=Oop rax=Oop [136]=Oop [144]=Oop [152]=Oop [160]=Oop }
                      ;*synchronization entry
                      ; - java.lang.Object::<init>@-1 (line 45)
                      ; - java.util.AbstractCollection::<init>@1 (line 70)
                      ; - com.android.tools.r8.internal.XB::<init>@1 (line 1)
                      ; - com.android.tools.r8.internal.hC::<init>@1 (line 1)
                      ; - com.android.tools.r8.internal.Sm0::<init>@3 (line 1)
                      ; - com.android.tools.r8.internal.tc0::a@229 (line 21)
  0x000000011577d8cc: f702 e9c5 | f8ff ff8b | 700c 48c1 | e603 4883 | fe00 0f84 | eef8 ffff | 4889 3424 

  0x000000011577d8e8: ;   {runtime_call g1_pre_barrier_slow}
  0x000000011577d8e8: e893 a4f7 | 02e9 e0f8 | ffff 4983 | f800 0f84 | f5f8 ffff | 4889 0424 

  0x000000011577d900: ;   {runtime_call g1_post_barrier_slow}
  0x000000011577d900: e8fb abf7 | 02e9 e7f8 

  0x000000011577d908: ;   {metadata({method} {0x000000017e73a788} 'a' '(Lcom/android/tools/r8/graph/H5;Lcom/android/tools/r8/internal/ea;)V' in 'com/android/tools/r8/internal/tc0')}
  0x000000011577d908: ffff 49ba | 88a7 737e | 0100 0000 | 4c89 5424 | 0848 c704 | 24f4 0000 

  0x000000011577d920: ;   {runtime_call counter_overflow Runtime1 stub}
  0x000000011577d920: 00e8 da90 

  0x000000011577d924: ; ImmutableOopMap {[136]=Oop [144]=Oop [152]=Oop [160]=Oop }
                      ;*goto {reexecute=1 rethrow=0 return_oop=0}
                      ; - (reexecute) com.android.tools.r8.internal.tc0::a@244 (line 23)
  0x000000011577d924: f702 e948 

  0x000000011577d928: ;   {metadata(nullptr)}
  0x000000011577d928: f9ff ff48 | ba00 0000 | 0000 0000 | 00b8 000f 

  0x000000011577d938: ;   {runtime_call load_klass_patching Runtime1 stub}
  0x000000011577d938: 050a e841 

  0x000000011577d93c: ; ImmutableOopMap {rsi=Oop rbx=Oop r8=Oop [136]=Oop [144]=Oop [152]=Oop [160]=Oop }
                      ;*new {reexecute=1 rethrow=0 return_oop=0}
                      ; - (reexecute) com.android.tools.r8.internal.tc0::a@117 (line 11)
  0x000000011577d93c: 7df7 02e9 | 74f9 ffff 

  0x000000011577d944: ;   {runtime_call fast_new_instance Runtime1 stub}
  0x000000011577d944: 488b d2e8 

  0x000000011577d948: ; ImmutableOopMap {rbx=Oop r8=Oop [136]=Oop [144]=Oop [152]=Oop [160]=Oop }
                      ;*new {reexecute=0 rethrow=0 return_oop=0}
                      ; - com.android.tools.r8.internal.tc0::a@117 (line 11)
  0x000000011577d948: b441 f702 | e9b3 f9ff 

  0x000000011577d950: ;   {metadata({method} {0x000000017e4babb8} '<init>' '(Ljava/lang/Object;)V' in 'com/android/tools/r8/internal/Sm0')}
  0x000000011577d950: ff49 bab8 | ab4b 7e01 | 0000 004c | 8954 2408 | 48c7 0424 | ffff ffff 

  0x000000011577d968: ;   {runtime_call counter_overflow Runtime1 stub}
  0x000000011577d968: e893 90f7 

  0x000000011577d96c: ; ImmutableOopMap {rbx=Oop r8=Oop rax=Oop [136]=Oop [144]=Oop [152]=Oop [160]=Oop }
                      ;*synchronization entry
                      ; - com.android.tools.r8.internal.Sm0::<init>@-1
                      ; - com.android.tools.r8.internal.tc0::a@124 (line 11)
  0x000000011577d96c: 02e9 cef9 

  0x000000011577d970: ;   {metadata({method} {0x000000017e495778} '<init>' '()V' in 'com/android/tools/r8/internal/hC')}
  0x000000011577d970: ffff 49ba | 7857 497e | 0100 0000 | 4c89 5424 | 0848 c704 | 24ff ffff 

  0x000000011577d988: ;   {runtime_call counter_overflow Runtime1 stub}
  0x000000011577d988: ffe8 7290 

  0x000000011577d98c: ; ImmutableOopMap {rbx=Oop r8=Oop rax=Oop [136]=Oop [144]=Oop [152]=Oop [160]=Oop }
                      ;*synchronization entry
                      ; - com.android.tools.r8.internal.hC::<init>@-1
                      ; - com.android.tools.r8.internal.Sm0::<init>@3 (line 1)
                      ; - com.android.tools.r8.internal.tc0::a@124 (line 11)
  0x000000011577d98c: f702 e9e9 

  0x000000011577d990: ;   {metadata({method} {0x000000017e477308} '<init>' '()V' in 'com/android/tools/r8/internal/XB')}
  0x000000011577d990: f9ff ff49 | ba08 7347 | 7e01 0000 | 004c 8954 | 2408 48c7 | 0424 ffff 

  0x000000011577d9a8: ;   {runtime_call counter_overflow Runtime1 stub}
  0x000000011577d9a8: ffff e851 

  0x000000011577d9ac: ; ImmutableOopMap {rbx=Oop r8=Oop rax=Oop [136]=Oop [144]=Oop [152]=Oop [160]=Oop }
                      ;*synchronization entry
                      ; - com.android.tools.r8.internal.XB::<init>@-1
                      ; - com.android.tools.r8.internal.hC::<init>@1 (line 1)
                      ; - com.android.tools.r8.internal.Sm0::<init>@3 (line 1)
                      ; - com.android.tools.r8.internal.tc0::a@124 (line 11)
  0x000000011577d9ac: 90f7 02e9 | 04fa ffff 

  0x000000011577d9b4: ;   {metadata({method} {0x000000012704e760} '<init>' '()V' in 'java/util/AbstractCollection')}
  0x000000011577d9b4: 49ba 60e7 | 0427 0100 | 0000 4c89 | 5424 0848 | c704 24ff 

  0x000000011577d9c8: ;   {runtime_call counter_overflow Runtime1 stub}
  0x000000011577d9c8: ffff ffe8 

  0x000000011577d9cc: ; ImmutableOopMap {rbx=Oop r8=Oop rax=Oop [136]=Oop [144]=Oop [152]=Oop [160]=Oop }
                      ;*synchronization entry
                      ; - java.util.AbstractCollection::<init>@-1 (line 70)
                      ; - com.android.tools.r8.internal.XB::<init>@1 (line 1)
                      ; - com.android.tools.r8.internal.hC::<init>@1 (line 1)
                      ; - com.android.tools.r8.internal.Sm0::<init>@3 (line 1)
                      ; - com.android.tools.r8.internal.tc0::a@124 (line 11)
  0x000000011577d9cc: 3090 f702 | e91f faff 

  0x000000011577d9d4: ;   {metadata({method} {0x0000000127439660} '<init>' '()V' in 'java/lang/Object')}
  0x000000011577d9d4: ff49 ba60 | 9643 2701 | 0000 004c | 8954 2408 | 48c7 0424 | ffff ffff 

  0x000000011577d9ec: ;   {runtime_call counter_overflow Runtime1 stub}
  0x000000011577d9ec: e80f 90f7 

  0x000000011577d9f0: ; ImmutableOopMap {rbx=Oop r8=Oop rax=Oop [136]=Oop [144]=Oop [152]=Oop [160]=Oop }
                      ;*synchronization entry
                      ; - java.lang.Object::<init>@-1 (line 45)
                      ; - java.util.AbstractCollection::<init>@1 (line 70)
                      ; - com.android.tools.r8.internal.XB::<init>@1 (line 1)
                      ; - com.android.tools.r8.internal.hC::<init>@1 (line 1)
                      ; - com.android.tools.r8.internal.Sm0::<init>@3 (line 1)
                      ; - com.android.tools.r8.internal.tc0::a@124 (line 11)
  0x000000011577d9f0: 02e9 3afa | ffff 8b70 | 0c48 c1e6 | 0348 83fe | 000f 8463 | faff ff48 

  0x000000011577da08: ;   {runtime_call g1_pre_barrier_slow}
  0x000000011577da08: 8934 24e8 | 70a3 f702 | e955 faff | ff49 83f8 | 000f 846a | faff ff48 

  0x000000011577da20: ;   {runtime_call g1_post_barrier_slow}
  0x000000011577da20: 8904 24e8 | d8aa f702 | e95c faff 

  0x000000011577da2c: ;   {metadata({method} {0x000000017e73a788} 'a' '(Lcom/android/tools/r8/graph/H5;Lcom/android/tools/r8/internal/ea;)V' in 'com/android/tools/r8/internal/tc0')}
  0x000000011577da2c: ff49 ba88 | a773 7e01 | 0000 004c | 8954 2408 | 48c7 0424 | 8b00 0000 

  0x000000011577da44: ;   {runtime_call counter_overflow Runtime1 stub}
  0x000000011577da44: e8b7 8ff7 

  0x000000011577da48: ; ImmutableOopMap {[136]=Oop [144]=Oop [152]=Oop [160]=Oop }
                      ;*goto {reexecute=1 rethrow=0 return_oop=0}
                      ; - (reexecute) com.android.tools.r8.internal.tc0::a@139 (line 13)
  0x000000011577da48: 02e9 bdfa 

  0x000000011577da4c: ;   {internal_word}
  0x000000011577da4c: ffff 49ba | 3ad5 7715 | 0100 0000 | 4d89 9770 

  0x000000011577da5c: ;   {runtime_call SafepointBlob}
  0x000000011577da5c: 0400 00e9 | 9c95 eb02 | 498b 8708 | 0500 0049 | c787 0805 | 0000 0000 | 0000 49c7 | 8710 0500 
  0x000000011577da7c: 0000 0000 | 0048 81c4 | f000 0000 

  0x000000011577da88: ;   {runtime_call unwind_exception Runtime1 stub}
  0x000000011577da88: 5de9 f21a | f702 f4f4 
[Stub Code]
  0x000000011577da90: ;   {no_reloc}
  0x000000011577da90: 0f1f 4400 

  0x000000011577da94: ;   {static_stub}
  0x000000011577da94: 0048 bb00 | 0000 0000 

  0x000000011577da9c: ;   {runtime_call}
  0x000000011577da9c: 0000 00e9 | fbff ffff 

  0x000000011577daa4: ;   {static_stub}
  0x000000011577daa4: 9048 bb00 | 0000 0000 

  0x000000011577daac: ;   {runtime_call}
  0x000000011577daac: 0000 00e9 | fbff ffff 

  0x000000011577dab4: ;   {static_stub}
  0x000000011577dab4: 9048 bb00 | 0000 0000 

  0x000000011577dabc: ;   {runtime_call}
  0x000000011577dabc: 0000 00e9 | fbff ffff 

  0x000000011577dac4: ;   {static_stub}
  0x000000011577dac4: 9048 bb00 | 0000 0000 

  0x000000011577dacc: ;   {runtime_call}
  0x000000011577dacc: 0000 00e9 | fbff ffff 

  0x000000011577dad4: ;   {static_stub}
  0x000000011577dad4: 9048 bb00 | 0000 0000 

  0x000000011577dadc: ;   {runtime_call}
  0x000000011577dadc: 0000 00e9 | fbff ffff 

  0x000000011577dae4: ;   {static_stub}
  0x000000011577dae4: 9048 bb00 | 0000 0000 

  0x000000011577daec: ;   {runtime_call}
  0x000000011577daec: 0000 00e9 | fbff ffff 

  0x000000011577daf4: ;   {static_stub}
  0x000000011577daf4: 9048 bb00 | 0000 0000 

  0x000000011577dafc: ;   {runtime_call}
  0x000000011577dafc: 0000 00e9 | fbff ffff 

  0x000000011577db04: ;   {static_stub}
  0x000000011577db04: 9048 bb00 | 0000 0000 

  0x000000011577db0c: ;   {runtime_call}
  0x000000011577db0c: 0000 00e9 | fbff ffff 

  0x000000011577db14: ;   {static_stub}
  0x000000011577db14: 9048 bb00 | 0000 0000 

  0x000000011577db1c: ;   {runtime_call}
  0x000000011577db1c: 0000 00e9 | fbff ffff 

  0x000000011577db24: ;   {static_stub}
  0x000000011577db24: 9048 bb00 | 0000 0000 

  0x000000011577db2c: ;   {runtime_call}
  0x000000011577db2c: 0000 00e9 | fbff ffff 

  0x000000011577db34: ;   {static_stub}
  0x000000011577db34: 9048 bb00 | 0000 0000 

  0x000000011577db3c: ;   {runtime_call}
  0x000000011577db3c: 0000 00e9 | fbff ffff 

  0x000000011577db44: ;   {static_stub}
  0x000000011577db44: 9048 bb00 | 0000 0000 

  0x000000011577db4c: ;   {runtime_call}
  0x000000011577db4c: 0000 00e9 | fbff ffff 

  0x000000011577db54: ;   {static_stub}
  0x000000011577db54: 9048 bb00 | 0000 0000 

  0x000000011577db5c: ;   {runtime_call}
  0x000000011577db5c: 0000 00e9 | fbff ffff 

  0x000000011577db64: ;   {static_stub}
  0x000000011577db64: 9048 bb00 | 0000 0000 

  0x000000011577db6c: ;   {runtime_call}
  0x000000011577db6c: 0000 00e9 | fbff ffff 

  0x000000011577db74: ;   {static_stub}
  0x000000011577db74: 9048 bb00 | 0000 0000 

  0x000000011577db7c: ;   {runtime_call}
  0x000000011577db7c: 0000 00e9 | fbff ffff 

  0x000000011577db84: ;   {static_stub}
  0x000000011577db84: 9048 bb00 | 0000 0000 

  0x000000011577db8c: ;   {runtime_call}
  0x000000011577db8c: 0000 00e9 | fbff ffff 

  0x000000011577db94: ;   {static_stub}
  0x000000011577db94: 9048 bb00 | 0000 0000 

  0x000000011577db9c: ;   {runtime_call}
  0x000000011577db9c: 0000 00e9 | fbff ffff 

  0x000000011577dba4: ;   {static_stub}
  0x000000011577dba4: 48bb 0000 | 0000 0000 

  0x000000011577dbac: ;   {runtime_call}
  0x000000011577dbac: 0000 e9fb 

  0x000000011577dbb0: ;   {static_stub}
  0x000000011577dbb0: ffff ff48 | bb00 0000 | 0000 0000 

  0x000000011577dbbc: ;   {runtime_call}
  0x000000011577dbbc: 00e9 fbff 

  0x000000011577dbc0: ;   {runtime_call handle_exception_from_callee Runtime1 stub}
  0x000000011577dbc0: ffff e8b9 

  0x000000011577dbc4: ;   {external_word}
  0x000000011577dbc4: 58f7 0248 | bf02 5d62 | 0801 0000 | 0048 83e4 

  0x000000011577dbd4: ;   {runtime_call MacroAssembler::debug64(char*, long long, long long*)}
  0x000000011577dbd4: f0e8 d626 

  0x000000011577dbd8: ;   {section_word}
  0x000000011577dbd8: a3f2 f449 | badb db77 | 1501 0000 

  0x000000011577dbe4: ;   {runtime_call DeoptimizationBlob}
  0x000000011577dbe4: 0041 52e9 | b486 eb02 | f4f4 f4f4 
[/MachCode]


Compiled method (c1) 72310 44657       3       com.android.tools.r8.internal.I00$$Lambda/0x0000000129d3d468::accept (16 bytes)
 total in heap  [0x0000000113a4fc10,0x0000000113a501d0] = 1472
 relocation     [0x0000000113a4fd60,0x0000000113a4fdb0] = 80
 main code      [0x0000000113a4fdc0,0x0000000113a500b0] = 752
 stub code      [0x0000000113a500b0,0x0000000113a500f0] = 64
 oops           [0x0000000113a500f0,0x0000000113a500f8] = 8
 metadata       [0x0000000113a500f8,0x0000000113a50108] = 16
 scopes data    [0x0000000113a50108,0x0000000113a50148] = 64
 scopes pcs     [0x0000000113a50148,0x0000000113a501b8] = 112
 dependencies   [0x0000000113a501b8,0x0000000113a501c0] = 8
 nul chk table  [0x0000000113a501c0,0x0000000113a501d0] = 16

[Constant Pool (empty)]

[MachCode]
[Entry Point]
  # {method} {0x000000017ed4f068} 'accept' '(Ljava/lang/Object;)V' in 'com/android/tools/r8/internal/I00$$Lambda+0x0000000129d3d468'
  # this:     rsi:rsi   = 'com/android/tools/r8/internal/I00$$Lambda+0x0000000129d3d468'
  # parm0:    rdx:rdx   = 'java/lang/Object'
  #           [sp+0x60]  (sp of caller)
  0x0000000113a4fdc0: 448b 5608 | 49bb 0000 | 0027 0100 | 0000 4d03 | d34c 3bd0 

  0x0000000113a4fdd4: ;   {runtime_call ic_miss_stub}
  0x0000000113a4fdd4: 0f85 a602 | be04 660f | 1f44 0000 
[Verified Entry Point]
  0x0000000113a4fde0: 8984 2400 | c0fe ff55 | 4883 ec50 | 4181 7f20 | 3400 0000 

  0x0000000113a4fdf4: ;   {runtime_call StubRoutines (final stubs)}
  0x0000000113a4fdf4: 7405 e8a5 

  0x0000000113a4fdf8: ;   {metadata(method data for {method} {0x000000017ed4f068} 'accept' '(Ljava/lang/Object;)V' in 'com/android/tools/r8/internal/I00$$Lambda+0x0000000129d3d468')}
  0x0000000113a4fdf8: 66bc 0448 | b9a0 b30a | 7f01 0000 | 008b b9ac | 0000 0083 | c702 89b9 | ac00 0000 | 81e7 fe07 
  0x0000000113a4fe18: 0000 85ff | 0f84 fd01 | 0000 8b4e | 0c48 c1e1 | 038b 7610 | 48c1 e603 

  0x0000000113a4fe30: ;   {metadata(method data for {method} {0x000000017ed4f068} 'accept' '(Ljava/lang/Object;)V' in 'com/android/tools/r8/internal/I00$$Lambda+0x0000000129d3d468')}
  0x0000000113a4fe30: 4885 d248 | b8a0 b30a | 7f01 0000 | 0075 0c80 | 88f1 0000 | 0001 e9c9 | 0000 008b | 5a08 49ba 
  0x0000000113a4fe50: 0000 0027 | 0100 0000 | 4903 da48 | 3b98 0001 | 0000 750d | 4883 8008 | 0100 0001 | e960 0000 
  0x0000000113a4fe70: 0048 3b98 | 1001 0000 | 750d 4883 | 8018 0100 | 0001 e94a | 0000 0048 | 83b8 0001 | 0000 0075 
  0x0000000113a4fe90: 1748 8998 | 0001 0000 | 48c7 8008 | 0100 0001 | 0000 00e9 | 2900 0000 | 4883 b810 | 0100 0000 
  0x0000000113a4feb0: 7517 4889 | 9810 0100 | 0048 c780 | 1801 0000 | 0100 0000 | e908 0000 | 0048 8380 | f800 0000 
  0x0000000113a4fed0: ;   {metadata('com/android/tools/r8/internal/X9')}
  0x0000000113a4fed0: 0148 bb00 | a7c2 2901 | 0000 008b | 4208 49ba | 0000 0027 | 0100 0000 | 4903 c248 | 3b58 200f 
  0x0000000113a4fef0: 841f 0000 | 0048 3bc3 | 0f84 1600 | 0000 5053 

  0x0000000113a4ff00: ;   {runtime_call slow_subtype_check Runtime1 stub}
  0x0000000113a4ff00: e87b 41ca | 0458 5885 | c00f 8431 | 0100 00e9 | 0000 0000 

  0x0000000113a4ff14: ;   {metadata(method data for {method} {0x000000017ed4f068} 'accept' '(Ljava/lang/Object;)V' in 'com/android/tools/r8/internal/I00$$Lambda+0x0000000129d3d468')}
  0x0000000113a4ff14: 488b fa48 | baa0 b30a | 7f01 0000 | 0048 8382 | 2801 0000 

  0x0000000113a4ff28: ;   {metadata(method data for {method} {0x000000017eb98ae8} 'a' '(Lcom/android/tools/r8/graph/H5;Lcom/android/tools/r8/internal/ea;Lcom/android/tools/r8/internal/X9;)V' in 'com/android/tools/r8/internal/I00')}
  0x0000000113a4ff28: 0148 ba20 | b50a 7f01 | 0000 008b | 9aac 0000 | 0083 c302 | 899a ac00 | 0000 81e3 | feff 1f00 
  0x0000000113a4ff48: 85db 0f84 | f900 0000 

  0x0000000113a4ff50: ; implicit exception: dispatches to 0x0000000113a5006a
  0x0000000113a4ff50: 483b 0748 

  0x0000000113a4ff54: ;   {metadata(method data for {method} {0x000000017eb98ae8} 'a' '(Lcom/android/tools/r8/graph/H5;Lcom/android/tools/r8/internal/ea;Lcom/android/tools/r8/internal/X9;)V' in 'com/android/tools/r8/internal/I00')}
  0x0000000113a4ff54: 8bd7 48bb | 20b5 0a7f | 0100 0000 | 8b52 0849 | ba00 0000 | 2701 0000 | 0049 03d2 | 483b 9300 
  0x0000000113a4ff74: 0100 0075 | 0d48 8383 | 0801 0000 | 01e9 6000 | 0000 483b | 9310 0100 | 0075 0d48 | 8383 1801 
  0x0000000113a4ff94: 0000 01e9 | 4a00 0000 | 4883 bb00 | 0100 0000 | 7517 4889 | 9300 0100 | 0048 c783 | 0801 0000 
  0x0000000113a4ffb4: 0100 0000 | e929 0000 | 0048 83bb | 1001 0000 | 0075 1748 | 8993 1001 | 0000 48c7 | 8318 0100 
  0x0000000113a4ffd4: 0001 0000 | 00e9 0800 | 0000 4883 | 83f8 0000 | 0001 488b | d148 8bce | 488b f766 | 0f1f 4400 
  0x0000000113a4fff4: 0048 b800 | c396 0300 

  0x0000000113a4fffc: ;   {virtual_call}
  0x0000000113a4fffc: 6000 00e8 

  0x0000000113a50000: ; ImmutableOopMap {}
                      ;*invokeinterface a {reexecute=0 rethrow=0 return_oop=0}
                      ; - com.android.tools.r8.internal.I00::a@3 (line 40)
                      ; - com.android.tools.r8.internal.I00$$Lambda/0x0000000129d3d468::accept@12
  0x0000000113a50000: 64c6 cf04 

  0x0000000113a50004: ;   {other}
  0x0000000113a50004: 0f1f 8400 | f403 0000 | 4883 c450 

  0x0000000113a50010: ;   {poll_return}
  0x0000000113a50010: 5d49 3ba7 | 5804 0000 | 0f87 5100 

  0x0000000113a5001c: ;   {metadata({method} {0x000000017ed4f068} 'accept' '(Ljava/lang/Object;)V' in 'com/android/tools/r8/internal/I00$$Lambda+0x0000000129d3d468')}
  0x0000000113a5001c: 0000 c349 | ba68 f0d4 | 7e01 0000 | 004c 8954 | 2408 48c7 | 0424 ffff 

  0x0000000113a50034: ;   {runtime_call counter_overflow Runtime1 stub}
  0x0000000113a50034: ffff e8c5 

  0x0000000113a50038: ; ImmutableOopMap {rsi=Oop rdx=Oop }
                      ;*synchronization entry
                      ; - com.android.tools.r8.internal.I00$$Lambda/0x0000000129d3d468::accept@-1
  0x0000000113a50038: 69ca 04e9 | e2fd ffff | 4889 1424 

  0x0000000113a50044: ;   {runtime_call throw_class_cast_exception Runtime1 stub}
  0x0000000113a50044: e837 3aca 

  0x0000000113a50048: ; ImmutableOopMap {rcx=Oop rsi=Oop }
                      ;*checkcast {reexecute=0 rethrow=0 return_oop=0}
                      ; - com.android.tools.r8.internal.I00$$Lambda/0x0000000129d3d468::accept@9
                      ;   {metadata({method} {0x000000017eb98ae8} 'a' '(Lcom/android/tools/r8/graph/H5;Lcom/android/tools/r8/internal/ea;Lcom/android/tools/r8/internal/X9;)V' in 'com/android/tools/r8/internal/I00')}
  0x0000000113a50048: 0449 bae8 | 8ab9 7e01 | 0000 004c | 8954 2408 | 48c7 0424 | ffff ffff 

  0x0000000113a50060: ;   {runtime_call counter_overflow Runtime1 stub}
  0x0000000113a50060: e89b 69ca 

  0x0000000113a50064: ; ImmutableOopMap {rcx=Oop rsi=Oop rdi=Oop }
                      ;*synchronization entry
                      ; - com.android.tools.r8.internal.I00::a@-1
                      ; - com.android.tools.r8.internal.I00$$Lambda/0x0000000129d3d468::accept@12
  0x0000000113a50064: 04e9 e6fe 

  0x0000000113a50068: ;   {runtime_call throw_null_pointer_exception Runtime1 stub}
  0x0000000113a50068: ffff e811 

  0x0000000113a5006c: ; ImmutableOopMap {rcx=Oop rsi=Oop rdi=Oop }
                      ;*invokeinterface a {reexecute=0 rethrow=0 return_oop=0}
                      ; - com.android.tools.r8.internal.I00::a@3 (line 40)
                      ; - com.android.tools.r8.internal.I00$$Lambda/0x0000000129d3d468::accept@12
                      ;   {internal_word}
  0x0000000113a5006c: 04ca 0449 | ba11 00a5 | 1301 0000 | 004d 8997 | 7004 0000 

  0x0000000113a50080: ;   {runtime_call SafepointBlob}
  0x0000000113a50080: e97b 6fbe | 0449 8b87 | 0805 0000 | 49c7 8708 | 0500 0000 | 0000 0049 | c787 1005 | 0000 0000 
  0x0000000113a500a0: 0000 4883 

  0x0000000113a500a4: ;   {runtime_call unwind_exception Runtime1 stub}
  0x0000000113a500a4: c450 5de9 | d4f4 c904 | f4f4 f4f4 
[Stub Code]
  0x0000000113a500b0: ;   {no_reloc}
  0x0000000113a500b0: 0f1f 4400 

  0x0000000113a500b4: ;   {static_stub}
  0x0000000113a500b4: 0048 bb00 | 0000 0000 

  0x0000000113a500bc: ;   {runtime_call}
  0x0000000113a500bc: 0000 00e9 | fbff ffff 
[Exception Handler]
  0x0000000113a500c4: ;   {runtime_call handle_exception_from_callee Runtime1 stub}
  0x0000000113a500c4: e8b7 33ca 

  0x0000000113a500c8: ;   {external_word}
  0x0000000113a500c8: 0448 bf02 | 5d62 0801 | 0000 0048 

  0x0000000113a500d4: ;   {runtime_call MacroAssembler::debug64(char*, long long, long long*)}
  0x0000000113a500d4: 83e4 f0e8 | d401 76f4 

  0x0000000113a500dc: ;   {section_word}
  0x0000000113a500dc: f449 badd | 00a5 1301 | 0000 0041 

  0x0000000113a500e8: ;   {runtime_call DeoptimizationBlob}
  0x0000000113a500e8: 52e9 b261 | be04 f4f4 
[/MachCode]


Compiled method (c2) 72332 45446       4       java.util.ArrayList::forEach (74 bytes)
 total in heap  [0x0000000119a1f310,0x0000000119a1f860] = 1360
 relocation     [0x0000000119a1f460,0x0000000119a1f490] = 48
 main code      [0x0000000119a1f4a0,0x0000000119a1f6a8] = 520
 stub code      [0x0000000119a1f6a8,0x0000000119a1f6c0] = 24
 metadata       [0x0000000119a1f6c0,0x0000000119a1f6d8] = 24
 scopes data    [0x0000000119a1f6d8,0x0000000119a1f7a0] = 200
 scopes pcs     [0x0000000119a1f7a0,0x0000000119a1f830] = 144
 dependencies   [0x0000000119a1f830,0x0000000119a1f838] = 8
 handler table  [0x0000000119a1f838,0x0000000119a1f850] = 24
 nul chk table  [0x0000000119a1f850,0x0000000119a1f860] = 16

[Constant Pool (empty)]

[MachCode]
[Entry Point]
  # {method} {0x000000012709fad8} 'forEach' '(Ljava/util/function/Consumer;)V' in 'java/util/ArrayList'
  # this:     rsi:rsi   = 'java/util/ArrayList'
  # parm0:    rdx:rdx   = 'java/util/function/Consumer'
  #           [sp+0x50]  (sp of caller)
  0x0000000119a1f4a0: 448b 5608 | 49bb 0000 | 0027 0100 | 0000 4d03 | d349 3bc2 

  0x0000000119a1f4b4: ;   {runtime_call ic_miss_stub}
  0x0000000119a1f4b4: 0f85 c60b | c1fe 6690 | 0f1f 4000 
[Verified Entry Point]
  0x0000000119a1f4c0: 8984 2400 | c0fe ff55 | 4883 ec40 | 4181 7f20 | 3400 0000 | 0f85 c001 | 0000 4c8b | d666 6690 
  0x0000000119a1f4e0: 4885 d20f | 8423 0100 | 0048 8bce | 448b 4e14 | 448b 460c | 448b 5e10 

  0x0000000119a1f4f8: ; implicit exception: dispatches to 0x0000000119a1f655
  0x0000000119a1f4f8: 438b 74cc | 0c4b 8d1c | cc33 ed45 | 8bd0 eb24 | 0f1f 8400 | 0000 0000 | 488b 1424 | 448b 4c24 
  0x0000000119a1f518: 1044 8b44 | 2414 448b | 5c24 188b | 7424 1c48 | 8b5c 2420 | 413b eb0f | 8d93 0000 | 003b ee0f 
  0x0000000119a1f538: 83a3 0000 | 0089 7424 | 1c44 895c | 2418 4489 | 4424 1444 | 894c 2410 | 4889 4c24 | 0848 8914 
  0x0000000119a1f558: 2444 8b5c | ab10 4889 | 5c24 2049 | 8bd3 48c1 | e203 488b | 3424 6666 | 9048 b800 | 2481 0300 
  0x0000000119a1f578: ;   {virtual_call}
  0x0000000119a1f578: 6000 00e8 

  0x0000000119a1f57c: ; ImmutableOopMap {[0]=Oop [8]=Oop [16]=NarrowOop [32]=Oop }
                      ;*invokeinterface accept {reexecute=0 rethrow=0 return_oop=0}
                      ; - java.util.ArrayList::forEach@46 (line 1597)
  0x0000000119a1f57c: 90f9 cdfe 

  0x0000000119a1f580: ;   {other}
  0x0000000119a1f580: 0f1f 8400 | 7002 0000 | 4d8b 9f60 | 0400 0048 | 8b4c 2408 | 448b 510c 

  0x0000000119a1f598: ; ImmutableOopMap {rcx=Oop [0]=Oop [8]=Oop [16]=NarrowOop [32]=Oop }
                      ;*goto {reexecute=1 rethrow=0 return_oop=0}
                      ; - (reexecute) java.util.ArrayList::forEach@54 (line 1596)
                      ;   {poll}
  0x0000000119a1f598: ffc5 4185 | 0366 6690 | 443b 5424 | 140f 8465 | ffff ffbe | 45ff ffff | 8b6c 2414 | 4489 1424 
  0x0000000119a1f5b8: ;   {runtime_call UncommonTrapBlob}
  0x0000000119a1f5b8: 6666 90e8 

  0x0000000119a1f5bc: ; ImmutableOopMap {[8]=Oop }
                      ;*if_icmpne {reexecute=1 rethrow=0 return_oop=0}
                      ; - (reexecute) java.util.ArrayList::forEach@29 (line 1596)
  0x0000000119a1f5bc: 4069 c1fe 

  0x0000000119a1f5c0: ;   {other}
  0x0000000119a1f5c0: 0f1f 8400 | b002 0002 | 453b d075 | 5f48 83c4 

  0x0000000119a1f5d0: ;   {poll_return}
  0x0000000119a1f5d0: 405d 493b | a758 0400 | 000f 87a5 | 0000 00c3 | bee4 ffff | ff44 8904 | 2444 895c | 2404 4889 
  0x0000000119a1f5f0: 4c24 1048 | 8954 2420 | 4489 4c24 

  0x0000000119a1f5fc: ;   {runtime_call UncommonTrapBlob}
  0x0000000119a1f5fc: 2866 90e8 

  0x0000000119a1f600: ; ImmutableOopMap {[16]=Oop [32]=Oop [40]=NarrowOop }
                      ;*aaload {reexecute=0 rethrow=0 return_oop=0}
                      ; - java.util.ArrayList::elementAt@2 (line 417)
                      ; - java.util.ArrayList::forEach@43 (line 1597)
  0x0000000119a1f600: fc68 c1fe 

  0x0000000119a1f604: ;   {other}
  0x0000000119a1f604: 0f1f 8400 | f402 0003 | be45 ffff | ff49 8bea | 4889 5424 | 0848 8954 

  0x0000000119a1f61c: ;   {runtime_call UncommonTrapBlob}
  0x0000000119a1f61c: 2410 90e8 

  0x0000000119a1f620: ; ImmutableOopMap {rbp=Oop [8]=Oop [16]=Oop }
                      ;*ifnonnull {reexecute=1 rethrow=0 return_oop=0}
                      ; - (reexecute) java.util.Objects::requireNonNull@1 (line 219)
                      ; - java.util.ArrayList::forEach@1 (line 1592)
  0x0000000119a1f620: dc68 c1fe 

  0x0000000119a1f624: ;   {other}
  0x0000000119a1f624: 0f1f 8400 | 1403 0004 | be45 ffff | ff41 8bea | 4489 0424 

  0x0000000119a1f638: ;   {runtime_call UncommonTrapBlob}
  0x0000000119a1f638: 6666 90e8 

  0x0000000119a1f63c: ; ImmutableOopMap {}
                      ;*if_icmpeq {reexecute=1 rethrow=0 return_oop=0}
                      ; - (reexecute) java.util.ArrayList::forEach@62 (line 1598)
  0x0000000119a1f63c: c068 c1fe 

  0x0000000119a1f640: ;   {other}
  0x0000000119a1f640: 0f1f 8400 | 3003 0005 | 488b f048 | 83c4 405d 

  0x0000000119a1f650: ;   {runtime_call _rethrow_Java}
  0x0000000119a1f650: e92b 5cce | febe beff | ffff 4489 | 1c24 4489 | 4424 0444 | 8944 2408 | 4c89 5424 | 1048 8954 
  0x0000000119a1f670: 2418 4489 

  0x0000000119a1f674: ;   {runtime_call UncommonTrapBlob}
  0x0000000119a1f674: 4c24 0ce8 

  0x0000000119a1f678: ; ImmutableOopMap {[12]=NarrowOop [16]=Oop [24]=Oop }
                      ;*if_icmpne {reexecute=1 rethrow=0 return_oop=0}
                      ; - (reexecute) java.util.ArrayList::forEach@29 (line 1596)
  0x0000000119a1f678: 8468 c1fe 

  0x0000000119a1f67c: ;   {other}
  0x0000000119a1f67c: 0f1f 8400 | 6c03 0006 

  0x0000000119a1f684: ;   {internal_word}
  0x0000000119a1f684: 49ba d2f5 | a119 0100 | 0000 4d89 | 9770 0400 

  0x0000000119a1f694: ;   {runtime_call SafepointBlob}
  0x0000000119a1f694: 00e9 6679 

  0x0000000119a1f698: ;   {runtime_call StubRoutines (final stubs)}
  0x0000000119a1f698: c1fe e801 | 6ebf fee9 | 36fe ffff | f4f4 f4f4 
[Exception Handler]
  0x0000000119a1f6a8: ;   {no_reloc}
  0x0000000119a1f6a8: e9d3 9acd | fee8 0000 | 0000 4883 

  0x0000000119a1f6b4: ;   {runtime_call DeoptimizationBlob}
  0x0000000119a1f6b4: 2c24 05e9 | e46b c1fe | f4f4 f4f4 
[/MachCode]


---------------  P R O C E S S  ---------------

Threads class SMR info:
_java_thread_list=0x00006000038f2220, length=243, elements={
0x00007fb4ce009200, 0x00007fb4cc816000, 0x00007fb4cc817a00, 0x00007fb4d280a400,
0x00007fb4cc818200, 0x00007fb4cc818a00, 0x00007fb4cc819200, 0x00007fb4d3810200,
0x00007fb4d3810a00, 0x00007fb4d3049800, 0x00007fb4cd176600, 0x00007fb4ce0a5200,
0x00007fb4d304b600, 0x00007fb4ce395400, 0x00007fb4ce393600, 0x00007fb4ce394800,
0x00007fb4cd176e00, 0x00007fb4d317b800, 0x00007fb4d3191000, 0x00007fb4cc9cce00,
0x00007fb4cd177600, 0x00007fb4cc9cd600, 0x00007fb4d5810200, 0x00007fb4d3b94e00,
0x00007fb4cc868a00, 0x00007fb4d5912a00, 0x00007fb4d2b70400, 0x00007fb4d2bbbe00,
0x00007fb4d2bbb600, 0x00007fb4d219a000, 0x00007fb4ceec9600, 0x00007fb4cca35200,
0x00007fb4d5921c00, 0x00007fb4ccad1600, 0x00007fb4d2c23400, 0x00007fb4cc981c00,
0x00007fb4cc982400, 0x00007fb4cc986a00, 0x00007fb4cc987200, 0x00007fb4ce176e00,
0x00007fb4d5bf0e00, 0x00007fb4d5c01000, 0x00007fb4d5c01800, 0x00007fb4cd617600,
0x00007fb4cd627c00, 0x00007fb4cd628400, 0x00007fb4cd628c00, 0x00007fb4cd629400,
0x00007fb4cd629c00, 0x00007fb4d5c02000, 0x00007fb4cc987a00, 0x00007fb4cc98e000,
0x00007fb4d2a61200, 0x00007fb4d5bf0600, 0x00007fb4cc98e800, 0x00007fb4cd616e00,
0x00007fb4cc991800, 0x00007fb4d5beec00, 0x00007fb4d2c6fc00, 0x00007fb4d23a2600,
0x00007fb4d6829a00, 0x00007fb4d3e44000, 0x00007fb4cec81200, 0x00007fb4d2a65400,
0x00007fb4cc992800, 0x00007fb4d5c10200, 0x00007fb4cc999600, 0x00007fb4cc98f000,
0x00007fb4cc98f800, 0x00007fb4d682c200, 0x00007fb4cc990000, 0x00007fb4cc990800,
0x00007fb4cc995000, 0x00007fb4cc995800, 0x00007fb4cc996000, 0x00007fb4cd615c00,
0x00007fb4d4018000, 0x00007fb4cc9ddc00, 0x00007fb4d080c600, 0x00007fb4d0809800,
0x00007fb4d2571c00, 0x00007fb4d31eba00, 0x00007fb4d5cccc00, 0x00007fb4d5cd1200,
0x00007fb4d31ec200, 0x00007fb4ccb96000, 0x00007fb4ccb96800, 0x00007fb4ccb97000,
0x00007fb4d2a73000, 0x00007fb4d2a7ce00, 0x00007fb4d5ccc000, 0x00007fb4ccb46c00,
0x00007fb4ccb47400, 0x00007fb4ccb47c00, 0x00007fb4ccb48400, 0x00007fb4cd1b1a00,
0x00007fb4ccbbc400, 0x00007fb4ccb44a00, 0x00007fb4d5cd0600, 0x00007fb4d5cd5a00,
0x00007fb4d5cd6200, 0x00007fb4d5cd6a00, 0x00007fb4d5cd7200, 0x00007fb4d5cd7a00,
0x00007fb4d5cd8200, 0x00007fb4ccb45a00, 0x00007fb4ccb46200, 0x00007fb4ccb4e000,
0x00007fb4ccb4e800, 0x00007fb4ccb4f000, 0x00007fb4ccb4f800, 0x00007fb4ccb50000,
0x00007fb4d3e78000, 0x00007fb4d25b0c00, 0x00007fb4d25b8a00, 0x00007fb4cd32ca00,
0x00007fb4cd65ee00, 0x00007fb4cd65f600, 0x00007fb4cd63d400, 0x00007fb4d5cdc400,
0x00007fb4d5cdcc00, 0x00007fb4d5cdd400, 0x00007fb4d5cddc00, 0x00007fb4d5cde400,
0x00007fb4d5cdec00, 0x00007fb4ccacd000, 0x00007fb4cd63dc00, 0x00007fb4cd662a00,
0x00007fb4d32d9200, 0x00007fb4d31e8800, 0x00007fb4d2200c00, 0x00007fb4cebf1000,
0x00007fb4d2201400, 0x00007fb4d31e9000, 0x00007fb4d3abc400, 0x00007fb4d100ce00,
0x00007fb4cd667600, 0x00007fb4cd667e00, 0x00007fb4cd663200, 0x00007fb4d31f4800,
0x00007fb4d31f5000, 0x00007fb4d31e6600, 0x00007fb4ceb26800, 0x00007fb4ccadf200,
0x00007fb4cca48600, 0x00007fb4d3d84e00, 0x00007fb4ce0e2e00, 0x00007fb4d586d200,
0x00007fb4d25c3a00, 0x00007fb4d586ca00, 0x00007fb4d2b99000, 0x00007fb4d2b98600,
0x00007fb4cecbd800, 0x00007fb4cca59200, 0x00007fb4cca5de00, 0x00007fb4d3d85600,
0x00007fb4d3d91200, 0x00007fb4d32d2c00, 0x00007fb4cca5e600, 0x00007fb4cca5a800,
0x00007fb4cca5ee00, 0x00007fb4d25c2e00, 0x00007fb4d3d91a00, 0x00007fb4d3200400,
0x00007fb4d3200c00, 0x00007fb4cecbe000, 0x00007fb4cd4c5e00, 0x00007fb4cd4c8a00,
0x00007fb4cd187a00, 0x00007fb4d3201400, 0x00007fb4d31fe200, 0x00007fb4d681dc00,
0x00007fb4d31ff200, 0x00007fb4cca5fe00, 0x00007fb4d586ec00, 0x00007fb4d31ffa00,
0x00007fb4d1028800, 0x00007fb4d3d8fc00, 0x00007fb4cd188a00, 0x00007fb4d6011600,
0x00007fb4cd18f200, 0x00007fb4d221e600, 0x00007fb4d2222200, 0x00007fb4d2225c00,
0x00007fb4ce0e6000, 0x00007fb4cd3e9e00, 0x00007fb4d3204e00, 0x00007fb4d32cd600,
0x00007fb4d3202200, 0x00007fb4d3202a00, 0x00007fb4cca5bc00, 0x00007fb4d31a1a00,
0x00007fb4d2222a00, 0x00007fb4d2226400, 0x00007fb4d2226c00, 0x00007fb4d29d1400,
0x00007fb4d5028000, 0x00007fb4d31a0e00, 0x00007fb4d31a0600, 0x00007fb4d3253400,
0x00007fb4cd3e7200, 0x00007fb4d3253c00, 0x00007fb4ccb78800, 0x00007fb4d1022e00,
0x00007fb4d880fc00, 0x00007fb4d5aecc00, 0x00007fb4d5835c00, 0x00007fb4d3251200,
0x00007fb4d3252200, 0x00007fb4d5b0a200, 0x00007fb4cca5b000, 0x00007fb4d2d71200,
0x00007fb4ccbd6200, 0x00007fb4d2d5c400, 0x00007fb4d2d5d400, 0x00007fb4d5b09a00,
0x00007fb4da027200, 0x00007fb4ceced200, 0x00007fb4ccc33800, 0x00007fb4d2225000,
0x00007fb4da810200, 0x00007fb4cec64000, 0x00007fb4d2c23c00, 0x00007fb4d5e0ee00,
0x00007fb4d5a17000, 0x00007fb4d269b000, 0x00007fb4d5937600, 0x00007fb4d2a0a400,
0x00007fb4d3e58600, 0x00007fb4d8818e00, 0x00007fb4ccbda200, 0x00007fb4cef28200,
0x00007fb4bc80b400, 0x00007fb4d31eb200, 0x00007fb4bc80ea00, 0x00007fb4d1023600,
0x00007fb4cecf5a00, 0x00007fb4d805c800, 0x00007fb4cd0c4000, 0x00007fb4d8011200,
0x00007fb4d8851800, 0x00007fb4d2dfd000, 0x00007fb4d3acb400
}

Java Threads: ( => current thread )
  0x00007fb4ce009200 JavaThread "main"                              [_thread_blocked, id=5123, stack(0x000070000c5b4000,0x000070000c6b4000) (1024K)]
  0x00007fb4cc816000 JavaThread "Reference Handler"          daemon [_thread_blocked, id=30211, stack(0x000070000ced2000,0x000070000cfd2000) (1024K)]
  0x00007fb4cc817a00 JavaThread "Finalizer"                  daemon [_thread_blocked, id=29699, stack(0x000070000cfd5000,0x000070000d0d5000) (1024K)]
  0x00007fb4d280a400 JavaThread "Signal Dispatcher"          daemon [_thread_blocked, id=25091, stack(0x000070000d0d8000,0x000070000d1d8000) (1024K)]
  0x00007fb4cc818200 JavaThread "Service Thread"             daemon [_thread_blocked, id=25603, stack(0x000070000d1db000,0x000070000d2db000) (1024K)]
  0x00007fb4cc818a00 JavaThread "Monitor Deflation Thread"   daemon [_thread_blocked, id=26115, stack(0x000070000d2de000,0x000070000d3de000) (1024K)]
  0x00007fb4cc819200 JavaThread "C2 CompilerThread0"         daemon [_thread_in_native, id=26371, stack(0x000070000d3e1000,0x000070000d4e1000) (1024K)]
  0x00007fb4d3810200 JavaThread "C1 CompilerThread0"         daemon [_thread_blocked, id=28675, stack(0x000070000d4e4000,0x000070000d5e4000) (1024K)]
  0x00007fb4d3810a00 JavaThread "Common-Cleaner"             daemon [_thread_blocked, id=26627, stack(0x000070000d5e7000,0x000070000d6e7000) (1024K)]
  0x00007fb4d3049800 JavaThread "Notification Thread"        daemon [_thread_blocked, id=26883, stack(0x000070000d6ea000,0x000070000d7ea000) (1024K)]
  0x00007fb4cd176600 JavaThread "Daemon health stats"               [_thread_blocked, id=33539, stack(0x000070000dcfc000,0x000070000ddfc000) (1024K)]
  0x00007fb4ce0a5200 JavaThread "Incoming local TCP Connector on port 59285"        [_thread_in_native, id=42243, stack(0x000070000ddff000,0x000070000deff000) (1024K)]
  0x00007fb4d304b600 JavaThread "Daemon periodic checks"            [_thread_blocked, id=34307, stack(0x000070000df02000,0x000070000e002000) (1024K)]
  0x00007fb4ce395400 JavaThread "Daemon"                            [_thread_blocked, id=34819, stack(0x000070000e005000,0x000070000e105000) (1024K)]
  0x00007fb4ce393600 JavaThread "Handler for socket connection from /127.0.0.1:59285 to /127.0.0.1:59286"        [_thread_in_native, id=35331, stack(0x000070000e108000,0x000070000e208000) (1024K)]
  0x00007fb4ce394800 JavaThread "Cancel handler"                    [_thread_blocked, id=41731, stack(0x000070000e20b000,0x000070000e30b000) (1024K)]
  0x00007fb4cd176e00 JavaThread "Daemon worker"                     [_thread_blocked, id=41219, stack(0x000070000e30e000,0x000070000e40e000) (1024K)]
  0x00007fb4d317b800 JavaThread "Asynchronous log dispatcher for DefaultDaemonConnection: socket connection from /127.0.0.1:59285 to /127.0.0.1:59286"        [_thread_blocked, id=40963, stack(0x000070000e411000,0x000070000e511000) (1024K)]
  0x00007fb4d3191000 JavaThread "Stdin handler"                     [_thread_blocked, id=40451, stack(0x000070000e514000,0x000070000e614000) (1024K)]
  0x00007fb4cc9cce00 JavaThread "Daemon client event forwarder"        [_thread_blocked, id=39939, stack(0x000070000e617000,0x000070000e717000) (1024K)]
  0x00007fb4cd177600 JavaThread "Cache worker for journal cache (/Users/harveyhe/.gradle/caches/journal-1)"        [_thread_blocked, id=36099, stack(0x000070000e71a000,0x000070000e81a000) (1024K)]
  0x00007fb4cc9cd600 JavaThread "File lock request listener"        [_thread_in_native, id=36355, stack(0x000070000e81d000,0x000070000e91d000) (1024K)]
  0x00007fb4d5810200 JavaThread "Cache worker for file hash cache (/Users/harveyhe/.gradle/caches/8.11.1/fileHashes)"        [_thread_blocked, id=36611, stack(0x000070000e920000,0x000070000ea20000) (1024K)]
  0x00007fb4d3b94e00 JavaThread "Cache worker for file content cache (/Users/harveyhe/.gradle/caches/8.11.1/fileContent)"        [_thread_blocked, id=36867, stack(0x000070000ea23000,0x000070000eb23000) (1024K)]
  0x00007fb4cc868a00 JavaThread "Cache worker for file hash cache (/Users/harveyhe/startup/airpod/capod/.gradle/8.11.1/fileHashes)"        [_thread_blocked, id=37379, stack(0x000070000eb26000,0x000070000ec26000) (1024K)]
  0x00007fb4d5912a00 JavaThread "Cache worker for Build Output Cleanup Cache (/Users/harveyhe/startup/airpod/capod/.gradle/buildOutputCleanup)"        [_thread_blocked, id=37635, stack(0x000070000ec29000,0x000070000ed29000) (1024K)]
  0x00007fb4d2b70400 JavaThread "Cache worker for Build Output Cleanup Cache (/Users/harveyhe/startup/airpod/capod/buildSrc/.gradle/buildOutputCleanup)"        [_thread_blocked, id=62467, stack(0x000070000f647000,0x000070000f747000) (1024K)]
  0x00007fb4d2bbbe00 JavaThread "File watcher server"        daemon [_thread_in_native, id=61955, stack(0x000070000f74a000,0x000070000f84a000) (1024K)]
  0x00007fb4d2bbb600 JavaThread "File watcher consumer"      daemon [_thread_blocked, id=61443, stack(0x000070000f84d000,0x000070000f94d000) (1024K)]
  0x00007fb4d219a000 JavaThread "Cache worker for checksums cache (/Users/harveyhe/startup/airpod/capod/.gradle/8.11.1/checksums)"        [_thread_blocked, id=61187, stack(0x000070000f950000,0x000070000fa50000) (1024K)]
  0x00007fb4ceec9600 JavaThread "Cache worker for cache directory md-rule (/Users/harveyhe/.gradle/caches/8.11.1/md-rule)"        [_thread_blocked, id=45059, stack(0x000070000fa53000,0x000070000fb53000) (1024K)]
  0x00007fb4cca35200 JavaThread "Cache worker for cache directory md-supplier (/Users/harveyhe/.gradle/caches/8.11.1/md-supplier)"        [_thread_blocked, id=45571, stack(0x000070000fb56000,0x000070000fc56000) (1024K)]
  0x00007fb4d5921c00 JavaThread "jar transforms"                    [_thread_blocked, id=60675, stack(0x000070000fc59000,0x000070000fd59000) (1024K)]
  0x00007fb4ccad1600 JavaThread "jar transforms Thread 2"           [_thread_blocked, id=45827, stack(0x000070000fd5c000,0x000070000fe5c000) (1024K)]
  0x00007fb4d2c23400 JavaThread "Memory manager"                    [_thread_blocked, id=46083, stack(0x000070000fe5f000,0x000070000ff5f000) (1024K)]
  0x00007fb4cc981c00 JavaThread "Unconstrained build operations"        [_thread_blocked, id=24327, stack(0x000070000ff62000,0x0000700010062000) (1024K)]
  0x00007fb4cc982400 JavaThread "Unconstrained build operations Thread 2"        [_thread_blocked, id=46851, stack(0x0000700010065000,0x0000700010165000) (1024K)]
  0x00007fb4cc986a00 JavaThread "Unconstrained build operations Thread 3"        [_thread_blocked, id=59651, stack(0x0000700010168000,0x0000700010268000) (1024K)]
  0x00007fb4cc987200 JavaThread "Unconstrained build operations Thread 4"        [_thread_blocked, id=47363, stack(0x000070001026b000,0x000070001036b000) (1024K)]
  0x00007fb4ce176e00 JavaThread "Unconstrained build operations Thread 5"        [_thread_blocked, id=59139, stack(0x000070001036e000,0x000070001046e000) (1024K)]
  0x00007fb4d5bf0e00 JavaThread "Unconstrained build operations Thread 6"        [_thread_blocked, id=47619, stack(0x0000700010471000,0x0000700010571000) (1024K)]
  0x00007fb4d5c01000 JavaThread "Unconstrained build operations Thread 7"        [_thread_blocked, id=48131, stack(0x0000700010574000,0x0000700010674000) (1024K)]
  0x00007fb4d5c01800 JavaThread "Unconstrained build operations Thread 8"        [_thread_blocked, id=58371, stack(0x0000700010677000,0x0000700010777000) (1024K)]
  0x00007fb4cd617600 JavaThread "Unconstrained build operations Thread 9"        [_thread_blocked, id=48387, stack(0x000070001077a000,0x000070001087a000) (1024K)]
  0x00007fb4cd627c00 JavaThread "Unconstrained build operations Thread 10"        [_thread_blocked, id=48899, stack(0x000070001087d000,0x000070001097d000) (1024K)]
  0x00007fb4cd628400 JavaThread "Unconstrained build operations Thread 11"        [_thread_blocked, id=49155, stack(0x0000700010980000,0x0000700010a80000) (1024K)]
  0x00007fb4cd628c00 JavaThread "Unconstrained build operations Thread 12"        [_thread_blocked, id=49667, stack(0x0000700010a83000,0x0000700010b83000) (1024K)]
  0x00007fb4cd629400 JavaThread "Unconstrained build operations Thread 13"        [_thread_blocked, id=49923, stack(0x0000700010b86000,0x0000700010c86000) (1024K)]
  0x00007fb4cd629c00 JavaThread "Unconstrained build operations Thread 14"        [_thread_blocked, id=57091, stack(0x0000700010c89000,0x0000700010d89000) (1024K)]
  0x00007fb4d5c02000 JavaThread "Unconstrained build operations Thread 15"        [_thread_blocked, id=50435, stack(0x0000700010d8c000,0x0000700010e8c000) (1024K)]
  0x00007fb4cc987a00 JavaThread "Unconstrained build operations Thread 16"        [_thread_blocked, id=56579, stack(0x0000700010e8f000,0x0000700010f8f000) (1024K)]
  0x00007fb4cc98e000 JavaThread "Unconstrained build operations Thread 17"        [_thread_blocked, id=50947, stack(0x0000700010f92000,0x0000700011092000) (1024K)]
  0x00007fb4d2a61200 JavaThread "Unconstrained build operations Thread 18"        [_thread_blocked, id=51203, stack(0x0000700011095000,0x0000700011195000) (1024K)]
  0x00007fb4d5bf0600 JavaThread "Unconstrained build operations Thread 19"        [_thread_blocked, id=56067, stack(0x0000700011198000,0x0000700011298000) (1024K)]
  0x00007fb4cc98e800 JavaThread "Unconstrained build operations Thread 20"        [_thread_blocked, id=55811, stack(0x000070001129b000,0x000070001139b000) (1024K)]
  0x00007fb4cd616e00 JavaThread "Unconstrained build operations Thread 21"        [_thread_blocked, id=51971, stack(0x000070001139e000,0x000070001149e000) (1024K)]
  0x00007fb4cc991800 JavaThread "Unconstrained build operations Thread 22"        [_thread_blocked, id=55299, stack(0x00007000114a1000,0x00007000115a1000) (1024K)]
  0x00007fb4d5beec00 JavaThread "Unconstrained build operations Thread 23"        [_thread_blocked, id=55043, stack(0x00007000115a4000,0x00007000116a4000) (1024K)]
  0x00007fb4d2c6fc00 JavaThread "Unconstrained build operations Thread 24"        [_thread_blocked, id=52739, stack(0x00007000116a7000,0x00007000117a7000) (1024K)]
  0x00007fb4d23a2600 JavaThread "Unconstrained build operations Thread 25"        [_thread_blocked, id=54275, stack(0x00007000117aa000,0x00007000118aa000) (1024K)]
  0x00007fb4d6829a00 JavaThread "Unconstrained build operations Thread 26"        [_thread_blocked, id=53763, stack(0x00007000118ad000,0x00007000119ad000) (1024K)]
  0x00007fb4d3e44000 JavaThread "Unconstrained build operations Thread 27"        [_thread_blocked, id=53251, stack(0x00007000119b0000,0x0000700011ab0000) (1024K)]
  0x00007fb4cec81200 JavaThread "Unconstrained build operations Thread 28"        [_thread_blocked, id=65539, stack(0x0000700011ab3000,0x0000700011bb3000) (1024K)]
  0x00007fb4d2a65400 JavaThread "Unconstrained build operations Thread 29"        [_thread_blocked, id=86787, stack(0x0000700011bb6000,0x0000700011cb6000) (1024K)]
  0x00007fb4cc992800 JavaThread "Unconstrained build operations Thread 30"        [_thread_blocked, id=65795, stack(0x0000700011cb9000,0x0000700011db9000) (1024K)]
  0x00007fb4d5c10200 JavaThread "Unconstrained build operations Thread 31"        [_thread_blocked, id=66307, stack(0x0000700011dbc000,0x0000700011ebc000) (1024K)]
  0x00007fb4cc999600 JavaThread "Unconstrained build operations Thread 32"        [_thread_blocked, id=66563, stack(0x0000700011ebf000,0x0000700011fbf000) (1024K)]
  0x00007fb4cc98f000 JavaThread "Unconstrained build operations Thread 33"        [_thread_blocked, id=86019, stack(0x0000700011fc2000,0x00007000120c2000) (1024K)]
  0x00007fb4cc98f800 JavaThread "Unconstrained build operations Thread 34"        [_thread_blocked, id=67075, stack(0x00007000120c5000,0x00007000121c5000) (1024K)]
  0x00007fb4d682c200 JavaThread "Unconstrained build operations Thread 35"        [_thread_blocked, id=85507, stack(0x00007000121c8000,0x00007000122c8000) (1024K)]
  0x00007fb4cc990000 JavaThread "Unconstrained build operations Thread 36"        [_thread_blocked, id=67843, stack(0x00007000122cb000,0x00007000123cb000) (1024K)]
  0x00007fb4cc990800 JavaThread "Unconstrained build operations Thread 37"        [_thread_blocked, id=68355, stack(0x00007000123ce000,0x00007000124ce000) (1024K)]
  0x00007fb4cc995000 JavaThread "Unconstrained build operations Thread 38"        [_thread_blocked, id=84995, stack(0x00007000124d1000,0x00007000125d1000) (1024K)]
  0x00007fb4cc995800 JavaThread "Unconstrained build operations Thread 39"        [_thread_blocked, id=84739, stack(0x00007000125d4000,0x00007000126d4000) (1024K)]
  0x00007fb4cc996000 JavaThread "Unconstrained build operations Thread 40"        [_thread_blocked, id=84227, stack(0x00007000126d7000,0x00007000127d7000) (1024K)]
  0x00007fb4cd615c00 JavaThread "Unconstrained build operations Thread 41"        [_thread_blocked, id=83971, stack(0x00007000127da000,0x00007000128da000) (1024K)]
  0x00007fb4d4018000 JavaThread "Unconstrained build operations Thread 42"        [_thread_blocked, id=83459, stack(0x00007000128dd000,0x00007000129dd000) (1024K)]
  0x00007fb4cc9ddc00 JavaThread "Unconstrained build operations Thread 43"        [_thread_blocked, id=83203, stack(0x00007000129e0000,0x0000700012ae0000) (1024K)]
  0x00007fb4d080c600 JavaThread "Unconstrained build operations Thread 44"        [_thread_blocked, id=69379, stack(0x0000700012ae3000,0x0000700012be3000) (1024K)]
  0x00007fb4d0809800 JavaThread "Unconstrained build operations Thread 45"        [_thread_blocked, id=69891, stack(0x0000700012be6000,0x0000700012ce6000) (1024K)]
  0x00007fb4d2571c00 JavaThread "build event listener"              [_thread_blocked, id=82691, stack(0x0000700012ce9000,0x0000700012de9000) (1024K)]
  0x00007fb4d31eba00 JavaThread "included builds"                   [_thread_blocked, id=82179, stack(0x0000700012dec000,0x0000700012eec000) (1024K)]
  0x00007fb4d5cccc00 JavaThread "Execution worker"                  [_thread_blocked, id=70659, stack(0x0000700012eef000,0x0000700012fef000) (1024K)]
  0x00007fb4d5cd1200 JavaThread "Execution worker Thread 2"         [_thread_blocked, id=81411, stack(0x0000700012ff2000,0x00007000130f2000) (1024K)]
  0x00007fb4d31ec200 JavaThread "Execution worker Thread 3"         [_thread_blocked, id=81155, stack(0x00007000130f5000,0x00007000131f5000) (1024K)]
  0x00007fb4ccb96000 JavaThread "Execution worker Thread 4"         [_thread_blocked, id=80899, stack(0x00007000131f8000,0x00007000132f8000) (1024K)]
  0x00007fb4ccb96800 JavaThread "Execution worker Thread 5"         [_thread_blocked, id=80387, stack(0x00007000132fb000,0x00007000133fb000) (1024K)]
  0x00007fb4ccb97000 JavaThread "Execution worker Thread 6"         [_thread_blocked, id=79875, stack(0x00007000133fe000,0x00007000134fe000) (1024K)]
  0x00007fb4d2a73000 JavaThread "Execution worker Thread 7"         [_thread_blocked, id=79363, stack(0x0000700013501000,0x0000700013601000) (1024K)]
  0x00007fb4d2a7ce00 JavaThread "Execution worker Thread 8"         [_thread_blocked, id=79107, stack(0x0000700013604000,0x0000700013704000) (1024K)]
  0x00007fb4d5ccc000 JavaThread "Execution worker Thread 9"         [_thread_blocked, id=71683, stack(0x0000700013707000,0x0000700013807000) (1024K)]
  0x00007fb4ccb46c00 JavaThread "Execution worker Thread 10"        [_thread_blocked, id=78595, stack(0x000070001380a000,0x000070001390a000) (1024K)]
  0x00007fb4ccb47400 JavaThread "Execution worker Thread 11"        [_thread_blocked, id=72451, stack(0x000070001390d000,0x0000700013a0d000) (1024K)]
  0x00007fb4ccb47c00 JavaThread "Execution worker Thread 12"        [_thread_blocked, id=72707, stack(0x0000700013a10000,0x0000700013b10000) (1024K)]
  0x00007fb4ccb48400 JavaThread "Execution worker Thread 13"        [_thread_in_Java, id=73219, stack(0x0000700013b13000,0x0000700013c13000) (1024K)]
  0x00007fb4cd1b1a00 JavaThread "Execution worker Thread 14"        [_thread_blocked, id=73475, stack(0x0000700013c16000,0x0000700013d16000) (1024K)]
  0x00007fb4ccbbc400 JavaThread "Execution worker Thread 15"        [_thread_blocked, id=73731, stack(0x0000700013d19000,0x0000700013e19000) (1024K)]
  0x00007fb4ccb44a00 JavaThread "Cache worker for execution history cache (/Users/harveyhe/startup/airpod/capod/buildSrc/.gradle/8.11.1/executionHistory)"        [_thread_blocked, id=74243, stack(0x0000700013e1c000,0x0000700013f1c000) (1024K)]
  0x00007fb4d5cd0600 JavaThread "Unconstrained build operations Thread 46"        [_thread_blocked, id=75523, stack(0x0000700013f1f000,0x000070001401f000) (1024K)]
  0x00007fb4d5cd5a00 JavaThread "Unconstrained build operations Thread 47"        [_thread_blocked, id=76803, stack(0x0000700014022000,0x0000700014122000) (1024K)]
  0x00007fb4d5cd6200 JavaThread "Unconstrained build operations Thread 48"        [_thread_blocked, id=76035, stack(0x0000700014125000,0x0000700014225000) (1024K)]
  0x00007fb4d5cd6a00 JavaThread "Unconstrained build operations Thread 49"        [_thread_blocked, id=76547, stack(0x0000700014228000,0x0000700014328000) (1024K)]
  0x00007fb4d5cd7200 JavaThread "Unconstrained build operations Thread 50"        [_thread_blocked, id=87555, stack(0x000070001432b000,0x000070001442b000) (1024K)]
  0x00007fb4d5cd7a00 JavaThread "Unconstrained build operations Thread 51"        [_thread_blocked, id=88067, stack(0x000070001442e000,0x000070001452e000) (1024K)]
  0x00007fb4d5cd8200 JavaThread "Unconstrained build operations Thread 52"        [_thread_blocked, id=130819, stack(0x0000700014531000,0x0000700014631000) (1024K)]
  0x00007fb4ccb45a00 JavaThread "Unconstrained build operations Thread 53"        [_thread_blocked, id=130563, stack(0x0000700014634000,0x0000700014734000) (1024K)]
  0x00007fb4ccb46200 JavaThread "Unconstrained build operations Thread 54"        [_thread_blocked, id=130051, stack(0x0000700014737000,0x0000700014837000) (1024K)]
  0x00007fb4ccb4e000 JavaThread "Unconstrained build operations Thread 55"        [_thread_blocked, id=88835, stack(0x000070001483a000,0x000070001493a000) (1024K)]
  0x00007fb4ccb4e800 JavaThread "Unconstrained build operations Thread 56"        [_thread_blocked, id=89091, stack(0x000070001493d000,0x0000700014a3d000) (1024K)]
  0x00007fb4ccb4f000 JavaThread "Unconstrained build operations Thread 57"        [_thread_blocked, id=89603, stack(0x0000700014a40000,0x0000700014b40000) (1024K)]
  0x00007fb4ccb4f800 JavaThread "Unconstrained build operations Thread 58"        [_thread_blocked, id=129283, stack(0x0000700014b43000,0x0000700014c43000) (1024K)]
  0x00007fb4ccb50000 JavaThread "Unconstrained build operations Thread 59"        [_thread_blocked, id=128771, stack(0x0000700014c46000,0x0000700014d46000) (1024K)]
  0x00007fb4d3e78000 JavaThread "Unconstrained build operations Thread 60"        [_thread_blocked, id=128515, stack(0x0000700014d49000,0x0000700014e49000) (1024K)]
  0x00007fb4d25b0c00 JavaThread "Unconstrained build operations Thread 61"        [_thread_blocked, id=128259, stack(0x0000700014e4c000,0x0000700014f4c000) (1024K)]
  0x00007fb4d25b8a00 JavaThread "Unconstrained build operations Thread 62"        [_thread_blocked, id=90627, stack(0x0000700014f4f000,0x000070001504f000) (1024K)]
  0x00007fb4cd32ca00 JavaThread "Unconstrained build operations Thread 63"        [_thread_blocked, id=90883, stack(0x0000700015052000,0x0000700015152000) (1024K)]
  0x00007fb4cd65ee00 JavaThread "Unconstrained build operations Thread 64"        [_thread_blocked, id=91395, stack(0x0000700015155000,0x0000700015255000) (1024K)]
  0x00007fb4cd65f600 JavaThread "Unconstrained build operations Thread 65"        [_thread_blocked, id=127491, stack(0x0000700015258000,0x0000700015358000) (1024K)]
  0x00007fb4cd63d400 JavaThread "Unconstrained build operations Thread 66"        [_thread_blocked, id=127235, stack(0x000070001535b000,0x000070001545b000) (1024K)]
  0x00007fb4d5cdc400 JavaThread "Unconstrained build operations Thread 67"        [_thread_blocked, id=126723, stack(0x000070001545e000,0x000070001555e000) (1024K)]
  0x00007fb4d5cdcc00 JavaThread "Unconstrained build operations Thread 68"        [_thread_blocked, id=126467, stack(0x0000700015561000,0x0000700015661000) (1024K)]
  0x00007fb4d5cdd400 JavaThread "Unconstrained build operations Thread 69"        [_thread_in_Java, id=92675, stack(0x0000700015664000,0x0000700015764000) (1024K)]
  0x00007fb4d5cddc00 JavaThread "Unconstrained build operations Thread 70"        [_thread_in_Java, id=92931, stack(0x0000700015767000,0x0000700015867000) (1024K)]
  0x00007fb4d5cde400 JavaThread "Unconstrained build operations Thread 71"        [_thread_blocked, id=125699, stack(0x000070001586a000,0x000070001596a000) (1024K)]
  0x00007fb4d5cdec00 JavaThread "Unconstrained build operations Thread 72"        [_thread_blocked, id=93187, stack(0x000070001596d000,0x0000700015a6d000) (1024K)]
  0x00007fb4ccacd000 JavaThread "Unconstrained build operations Thread 73"        [_thread_blocked, id=93443, stack(0x0000700015a70000,0x0000700015b70000) (1024K)]
  0x00007fb4cd63dc00 JavaThread "Unconstrained build operations Thread 74"        [_thread_blocked, id=93699, stack(0x0000700015b73000,0x0000700015c73000) (1024K)]
  0x00007fb4cd662a00 JavaThread "Unconstrained build operations Thread 75"        [_thread_blocked, id=124419, stack(0x0000700015c76000,0x0000700015d76000) (1024K)]
  0x00007fb4d32d9200 JavaThread "Unconstrained build operations Thread 76"        [_thread_blocked, id=124163, stack(0x0000700015d79000,0x0000700015e79000) (1024K)]
  0x00007fb4d31e8800 JavaThread "Unconstrained build operations Thread 77"        [_thread_blocked, id=94211, stack(0x0000700015e7c000,0x0000700015f7c000) (1024K)]
  0x00007fb4d2200c00 JavaThread "Unconstrained build operations Thread 78"        [_thread_blocked, id=94467, stack(0x0000700015f7f000,0x000070001607f000) (1024K)]
  0x00007fb4cebf1000 JavaThread "Unconstrained build operations Thread 79"        [_thread_blocked, id=123395, stack(0x0000700016082000,0x0000700016182000) (1024K)]
  0x00007fb4d2201400 JavaThread "Unconstrained build operations Thread 80"        [_thread_blocked, id=123139, stack(0x0000700016185000,0x0000700016285000) (1024K)]
  0x00007fb4d31e9000 JavaThread "Unconstrained build operations Thread 81"        [_thread_in_Java, id=95491, stack(0x0000700016288000,0x0000700016388000) (1024K)]
  0x00007fb4d3abc400 JavaThread "Unconstrained build operations Thread 82"        [_thread_blocked, id=122627, stack(0x000070001638b000,0x000070001648b000) (1024K)]
  0x00007fb4d100ce00 JavaThread "Unconstrained build operations Thread 83"        [_thread_blocked, id=122115, stack(0x000070001648e000,0x000070001658e000) (1024K)]
  0x00007fb4cd667600 JavaThread "Unconstrained build operations Thread 84"        [_thread_blocked, id=95747, stack(0x0000700016591000,0x0000700016691000) (1024K)]
  0x00007fb4cd667e00 JavaThread "Unconstrained build operations Thread 85"        [_thread_blocked, id=121347, stack(0x0000700016694000,0x0000700016794000) (1024K)]
  0x00007fb4cd663200 JavaThread "Unconstrained build operations Thread 86"        [_thread_in_Java, id=121091, stack(0x0000700016797000,0x0000700016897000) (1024K)]
  0x00007fb4d31f4800 JavaThread "Unconstrained build operations Thread 87"        [_thread_in_Java, id=96515, stack(0x000070001689a000,0x000070001699a000) (1024K)]
  0x00007fb4d31f5000 JavaThread "Unconstrained build operations Thread 88"        [_thread_in_Java, id=97027, stack(0x000070001699d000,0x0000700016a9d000) (1024K)]
  0x00007fb4d31e6600 JavaThread "Unconstrained build operations Thread 89"        [_thread_blocked, id=97539, stack(0x0000700016aa0000,0x0000700016ba0000) (1024K)]
=>0x00007fb4ceb26800 JavaThread "Unconstrained build operations Thread 90"        [_thread_in_Java, id=97795, stack(0x0000700016ba3000,0x0000700016ca3000) (1024K)]
  0x00007fb4ccadf200 JavaThread "Unconstrained build operations Thread 91"        [_thread_blocked, id=120579, stack(0x0000700016ca6000,0x0000700016da6000) (1024K)]
  0x00007fb4cca48600 JavaThread "Unconstrained build operations Thread 92"        [_thread_blocked, id=120067, stack(0x0000700016da9000,0x0000700016ea9000) (1024K)]
  0x00007fb4d3d84e00 JavaThread "WorkerExecutor Queue"              [_thread_blocked, id=98563, stack(0x0000700016eac000,0x0000700016fac000) (1024K)]
  0x00007fb4ce0e2e00 JavaThread "RMI Scheduler(0)"           daemon [_thread_blocked, id=99075, stack(0x0000700016faf000,0x00007000170af000) (1024K)]
  0x00007fb4d586d200 JavaThread "RMI GC Daemon"              daemon [_thread_blocked, id=100099, stack(0x00007000171b5000,0x00007000172b5000) (1024K)]
  0x00007fb4d25c3a00 JavaThread "RMI TCP Accept-0"           daemon [_thread_in_native, id=119811, stack(0x00007000172b8000,0x00007000173b8000) (1024K)]
  0x00007fb4d586ca00 JavaThread "RMI Reaper"                        [_thread_blocked, id=119299, stack(0x00007000173bb000,0x00007000174bb000) (1024K)]
  0x00007fb4d2b99000 JavaThread "RMI TCP Connection(idle)"   daemon [_thread_blocked, id=118787, stack(0x00007000174be000,0x00007000175be000) (1024K)]
  0x00007fb4d2b98600 JavaThread "Unconstrained build operations Thread 93"        [_thread_blocked, id=118531, stack(0x00007000175c1000,0x00007000176c1000) (1024K)]
  0x00007fb4cecbd800 JavaThread "Unconstrained build operations Thread 94"        [_thread_blocked, id=101123, stack(0x00007000176c4000,0x00007000177c4000) (1024K)]
  0x00007fb4cca59200 JavaThread "Unconstrained build operations Thread 95"        [_thread_blocked, id=101379, stack(0x00007000177c7000,0x00007000178c7000) (1024K)]
  0x00007fb4cca5de00 JavaThread "Unconstrained build operations Thread 96"        [_thread_blocked, id=118019, stack(0x00007000178ca000,0x00007000179ca000) (1024K)]
  0x00007fb4d3d85600 JavaThread "Unconstrained build operations Thread 97"        [_thread_blocked, id=117507, stack(0x00007000179cd000,0x0000700017acd000) (1024K)]
  0x00007fb4d3d91200 JavaThread "Unconstrained build operations Thread 98"        [_thread_blocked, id=101891, stack(0x0000700017ad0000,0x0000700017bd0000) (1024K)]
  0x00007fb4d32d2c00 JavaThread "Unconstrained build operations Thread 99"        [_thread_blocked, id=116739, stack(0x0000700017bd3000,0x0000700017cd3000) (1024K)]
  0x00007fb4cca5e600 JavaThread "Unconstrained build operations Thread 100"        [_thread_in_Java, id=102147, stack(0x0000700017cd6000,0x0000700017dd6000) (1024K)]
  0x00007fb4cca5a800 JavaThread "Unconstrained build operations Thread 101"        [_thread_blocked, id=102403, stack(0x0000700017dd9000,0x0000700017ed9000) (1024K)]
  0x00007fb4cca5ee00 JavaThread "Unconstrained build operations Thread 102"        [_thread_blocked, id=102659, stack(0x0000700017edc000,0x0000700017fdc000) (1024K)]
  0x00007fb4d25c2e00 JavaThread "Unconstrained build operations Thread 103"        [_thread_blocked, id=103171, stack(0x0000700017fdf000,0x00007000180df000) (1024K)]
  0x00007fb4d3d91a00 JavaThread "Unconstrained build operations Thread 104"        [_thread_blocked, id=115715, stack(0x00007000180e2000,0x00007000181e2000) (1024K)]
  0x00007fb4d3200400 JavaThread "Unconstrained build operations Thread 105"        [_thread_blocked, id=103939, stack(0x00007000181e5000,0x00007000182e5000) (1024K)]
  0x00007fb4d3200c00 JavaThread "Unconstrained build operations Thread 106"        [_thread_in_Java, id=115203, stack(0x00007000182e8000,0x00007000183e8000) (1024K)]
  0x00007fb4cecbe000 JavaThread "Unconstrained build operations Thread 107"        [_thread_blocked, id=114947, stack(0x00007000183eb000,0x00007000184eb000) (1024K)]
  0x00007fb4cd4c5e00 JavaThread "Unconstrained build operations Thread 108"        [_thread_blocked, id=114691, stack(0x00007000184ee000,0x00007000185ee000) (1024K)]
  0x00007fb4cd4c8a00 JavaThread "Unconstrained build operations Thread 109"        [_thread_blocked, id=104963, stack(0x00007000185f1000,0x00007000186f1000) (1024K)]
  0x00007fb4cd187a00 JavaThread "Unconstrained build operations Thread 110"        [_thread_blocked, id=114179, stack(0x00007000186f4000,0x00007000187f4000) (1024K)]
  0x00007fb4d3201400 JavaThread "Unconstrained build operations Thread 111"        [_thread_blocked, id=105219, stack(0x00007000187f7000,0x00007000188f7000) (1024K)]
  0x00007fb4d31fe200 JavaThread "Unconstrained build operations Thread 112"        [_thread_blocked, id=105731, stack(0x00007000188fa000,0x00007000189fa000) (1024K)]
  0x00007fb4d681dc00 JavaThread "Unconstrained build operations Thread 113"        [_thread_blocked, id=106243, stack(0x00007000189fd000,0x0000700018afd000) (1024K)]
  0x00007fb4d31ff200 JavaThread "Unconstrained build operations Thread 114"        [_thread_blocked, id=106499, stack(0x0000700018b00000,0x0000700018c00000) (1024K)]
  0x00007fb4cca5fe00 JavaThread "Unconstrained build operations Thread 115"        [_thread_blocked, id=113155, stack(0x0000700018c03000,0x0000700018d03000) (1024K)]
  0x00007fb4d586ec00 JavaThread "Unconstrained build operations Thread 116"        [_thread_blocked, id=112899, stack(0x0000700018d06000,0x0000700018e06000) (1024K)]
  0x00007fb4d31ffa00 JavaThread "Unconstrained build operations Thread 117"        [_thread_blocked, id=112643, stack(0x0000700018e09000,0x0000700018f09000) (1024K)]
  0x00007fb4d1028800 JavaThread "Unconstrained build operations Thread 118"        [_thread_blocked, id=107267, stack(0x0000700018f0c000,0x000070001900c000) (1024K)]
  0x00007fb4d3d8fc00 JavaThread "Unconstrained build operations Thread 119"        [_thread_blocked, id=107523, stack(0x000070001900f000,0x000070001910f000) (1024K)]
  0x00007fb4cd188a00 JavaThread "Unconstrained build operations Thread 120"        [_thread_blocked, id=107779, stack(0x0000700019112000,0x0000700019212000) (1024K)]
  0x00007fb4d6011600 JavaThread "Unconstrained build operations Thread 121"        [_thread_blocked, id=111363, stack(0x0000700019215000,0x0000700019315000) (1024K)]
  0x00007fb4cd18f200 JavaThread "Unconstrained build operations Thread 122"        [_thread_blocked, id=111107, stack(0x0000700019318000,0x0000700019418000) (1024K)]
  0x00007fb4d221e600 JavaThread "Unconstrained build operations Thread 123"        [_thread_blocked, id=108291, stack(0x000070001941b000,0x000070001951b000) (1024K)]
  0x00007fb4d2222200 JavaThread "Unconstrained build operations Thread 124"        [_thread_blocked, id=108803, stack(0x000070001951e000,0x000070001961e000) (1024K)]
  0x00007fb4d2225c00 JavaThread "Unconstrained build operations Thread 125"        [_thread_blocked, id=109059, stack(0x0000700019621000,0x0000700019721000) (1024K)]
  0x00007fb4ce0e6000 JavaThread "Unconstrained build operations Thread 126"        [_thread_blocked, id=109571, stack(0x0000700019724000,0x0000700019824000) (1024K)]
  0x00007fb4cd3e9e00 JavaThread "Unconstrained build operations Thread 127"        [_thread_blocked, id=110083, stack(0x0000700019827000,0x0000700019927000) (1024K)]
  0x00007fb4d3204e00 JavaThread "Unconstrained build operations Thread 128"        [_thread_blocked, id=131075, stack(0x000070001992a000,0x0000700019a2a000) (1024K)]
  0x00007fb4d32cd600 JavaThread "Unconstrained build operations Thread 129"        [_thread_blocked, id=131331, stack(0x0000700019a2d000,0x0000700019b2d000) (1024K)]
  0x00007fb4d3202200 JavaThread "Unconstrained build operations Thread 130"        [_thread_blocked, id=131587, stack(0x0000700019b30000,0x0000700019c30000) (1024K)]
  0x00007fb4d3202a00 JavaThread "Unconstrained build operations Thread 131"        [_thread_blocked, id=173827, stack(0x0000700019c33000,0x0000700019d33000) (1024K)]
  0x00007fb4cca5bc00 JavaThread "Unconstrained build operations Thread 132"        [_thread_blocked, id=173315, stack(0x0000700019d36000,0x0000700019e36000) (1024K)]
  0x00007fb4d31a1a00 JavaThread "Unconstrained build operations Thread 133"        [_thread_blocked, id=172803, stack(0x0000700019e39000,0x0000700019f39000) (1024K)]
  0x00007fb4d2222a00 JavaThread "Unconstrained build operations Thread 134"        [_thread_blocked, id=132099, stack(0x0000700019f3c000,0x000070001a03c000) (1024K)]
  0x00007fb4d2226400 JavaThread "Unconstrained build operations Thread 135"        [_thread_blocked, id=132611, stack(0x000070001a03f000,0x000070001a13f000) (1024K)]
  0x00007fb4d2226c00 JavaThread "Unconstrained build operations Thread 136"        [_thread_blocked, id=132867, stack(0x000070001a142000,0x000070001a242000) (1024K)]
  0x00007fb4d29d1400 JavaThread "Unconstrained build operations Thread 137"        [_thread_blocked, id=133123, stack(0x000070001a245000,0x000070001a345000) (1024K)]
  0x00007fb4d5028000 JavaThread "Unconstrained build operations Thread 138"        [_thread_blocked, id=99591, stack(0x00007000170b2000,0x00007000171b2000) (1024K)]
  0x00007fb4d31a0e00 JavaThread "Unconstrained build operations Thread 139"        [_thread_blocked, id=171779, stack(0x000070001a348000,0x000070001a448000) (1024K)]
  0x00007fb4d31a0600 JavaThread "Unconstrained build operations Thread 140"        [_thread_blocked, id=133635, stack(0x000070001a44b000,0x000070001a54b000) (1024K)]
  0x00007fb4d3253400 JavaThread "Unconstrained build operations Thread 141"        [_thread_blocked, id=171011, stack(0x000070001a54e000,0x000070001a64e000) (1024K)]
  0x00007fb4cd3e7200 JavaThread "Unconstrained build operations Thread 142"        [_thread_blocked, id=134147, stack(0x000070001a651000,0x000070001a751000) (1024K)]
  0x00007fb4d3253c00 JavaThread "Unconstrained build operations Thread 143"        [_thread_blocked, id=170755, stack(0x000070001a754000,0x000070001a854000) (1024K)]
  0x00007fb4ccb78800 JavaThread "Unconstrained build operations Thread 144"        [_thread_blocked, id=170499, stack(0x000070001a857000,0x000070001a957000) (1024K)]
  0x00007fb4d1022e00 JavaThread "Unconstrained build operations Thread 145"        [_thread_blocked, id=170243, stack(0x000070001a95a000,0x000070001aa5a000) (1024K)]
  0x00007fb4d880fc00 JavaThread "Unconstrained build operations Thread 146"        [_thread_blocked, id=135171, stack(0x000070001aa5d000,0x000070001ab5d000) (1024K)]
  0x00007fb4d5aecc00 JavaThread "Unconstrained build operations Thread 147"        [_thread_blocked, id=169475, stack(0x000070001ab60000,0x000070001ac60000) (1024K)]
  0x00007fb4d5835c00 JavaThread "Unconstrained build operations Thread 148"        [_thread_blocked, id=135427, stack(0x000070001ac63000,0x000070001ad63000) (1024K)]
  0x00007fb4d3251200 JavaThread "Unconstrained build operations Thread 149"        [_thread_blocked, id=135683, stack(0x000070001ad66000,0x000070001ae66000) (1024K)]
  0x00007fb4d3252200 JavaThread "Unconstrained build operations Thread 150"        [_thread_blocked, id=136195, stack(0x000070001ae69000,0x000070001af69000) (1024K)]
  0x00007fb4d5b0a200 JavaThread "Unconstrained build operations Thread 151"        [_thread_blocked, id=136451, stack(0x000070001af6c000,0x000070001b06c000) (1024K)]
  0x00007fb4cca5b000 JavaThread "Unconstrained build operations Thread 152"        [_thread_blocked, id=168195, stack(0x000070001b06f000,0x000070001b16f000) (1024K)]
  0x00007fb4d2d71200 JavaThread "Unconstrained build operations Thread 153"        [_thread_blocked, id=136963, stack(0x000070001b172000,0x000070001b272000) (1024K)]
  0x00007fb4ccbd6200 JavaThread "Unconstrained build operations Thread 154"        [_thread_blocked, id=137219, stack(0x000070001b275000,0x000070001b375000) (1024K)]
  0x00007fb4d2d5c400 JavaThread "Unconstrained build operations Thread 155"        [_thread_blocked, id=137731, stack(0x000070001b378000,0x000070001b478000) (1024K)]
  0x00007fb4d2d5d400 JavaThread "Unconstrained build operations Thread 156"        [_thread_blocked, id=167683, stack(0x000070001b47b000,0x000070001b57b000) (1024K)]
  0x00007fb4d5b09a00 JavaThread "Unconstrained build operations Thread 157"        [_thread_blocked, id=138243, stack(0x000070001b57e000,0x000070001b67e000) (1024K)]
  0x00007fb4da027200 JavaThread "Unconstrained build operations Thread 158"        [_thread_blocked, id=167171, stack(0x000070001b681000,0x000070001b781000) (1024K)]
  0x00007fb4ceced200 JavaThread "Unconstrained build operations Thread 159"        [_thread_blocked, id=166915, stack(0x000070001b784000,0x000070001b884000) (1024K)]
  0x00007fb4ccc33800 JavaThread "Unconstrained build operations Thread 160"        [_thread_blocked, id=166659, stack(0x000070001b887000,0x000070001b987000) (1024K)]
  0x00007fb4d2225000 JavaThread "build event listener"              [_thread_blocked, id=166403, stack(0x000070001b98a000,0x000070001ba8a000) (1024K)]
  0x00007fb4da810200 JavaThread "build event listener"              [_thread_blocked, id=139779, stack(0x000070001ba8d000,0x000070001bb8d000) (1024K)]
  0x00007fb4cec64000 JavaThread "Kotlin DSL Writer"                 [_thread_blocked, id=166147, stack(0x000070001bb90000,0x000070001bc90000) (1024K)]
  0x00007fb4d2c23c00 JavaThread "process reaper"             daemon [_thread_blocked, id=140291, stack(0x000070000ce4f000,0x000070000ce73000) (144K)]
  0x00007fb4d5e0ee00 JavaThread "pool-3-thread-1"                   [_thread_blocked, id=165379, stack(0x000070001bc93000,0x000070001bd93000) (1024K)]
  0x00007fb4d5a17000 JavaThread "build event listener"              [_thread_blocked, id=165123, stack(0x000070001bd96000,0x000070001be96000) (1024K)]
  0x00007fb4d269b000 JavaThread "Cache worker for execution history cache (/Users/harveyhe/startup/airpod/capod/.gradle/8.11.1/executionHistory)"        [_thread_blocked, id=164611, stack(0x000070001be99000,0x000070001bf99000) (1024K)]
  0x00007fb4d5937600 JavaThread "WorkerExecutor Queue Thread 2"        [_thread_blocked, id=140803, stack(0x000070001bf9c000,0x000070001c09c000) (1024K)]
  0x00007fb4d2a0a400 JavaThread "WorkerExecutor Queue Thread 3"        [_thread_blocked, id=163843, stack(0x000070001c09f000,0x000070001c19f000) (1024K)]
  0x00007fb4d3e58600 JavaThread "WorkerExecutor Queue Thread 4"        [_thread_blocked, id=141315, stack(0x000070001c1a2000,0x000070001c2a2000) (1024K)]
  0x00007fb4d8818e00 JavaThread "WorkerExecutor Queue Thread 5"        [_thread_blocked, id=163587, stack(0x000070001c2a5000,0x000070001c3a5000) (1024K)]
  0x00007fb4ccbda200 JavaThread "WorkerExecutor Queue Thread 6"        [_thread_blocked, id=141827, stack(0x000070001c3a8000,0x000070001c4a8000) (1024K)]
  0x00007fb4cef28200 JavaThread "C1 CompilerThread1"         daemon [_thread_blocked, id=142339, stack(0x000070001c5ae000,0x000070001c6ae000) (1024K)]
  0x00007fb4bc80b400 JavaThread "WorkerExecutor Queue Thread 8"        [_thread_blocked, id=142851, stack(0x000070001c6b1000,0x000070001c7b1000) (1024K)]
  0x00007fb4d31eb200 JavaThread "WorkerExecutor Queue Thread 9"        [_thread_blocked, id=162563, stack(0x000070001c7b4000,0x000070001c8b4000) (1024K)]
  0x00007fb4bc80ea00 JavaThread "WorkerExecutor Queue Thread 10"        [_thread_blocked, id=162051, stack(0x000070001c8b7000,0x000070001c9b7000) (1024K)]
  0x00007fb4d1023600 JavaThread "WorkerExecutor Queue Thread 11"        [_thread_blocked, id=161795, stack(0x000070001c9ba000,0x000070001caba000) (1024K)]
  0x00007fb4cecf5a00 JavaThread "WorkerExecutor Queue Thread 12"        [_thread_blocked, id=143875, stack(0x000070001cabd000,0x000070001cbbd000) (1024K)]
  0x00007fb4d805c800 JavaThread "WorkerExecutor Queue Thread 13"        [_thread_blocked, id=144131, stack(0x000070001cbc0000,0x000070001ccc0000) (1024K)]
  0x00007fb4cd0c4000 JavaThread "WorkerExecutor Queue Thread 14"        [_thread_blocked, id=144387, stack(0x000070001ccc3000,0x000070001cdc3000) (1024K)]
  0x00007fb4d8011200 JavaThread "WorkerExecutor Queue Thread 15"        [_thread_blocked, id=161027, stack(0x000070001cdc6000,0x000070001cec6000) (1024K)]
  0x00007fb4d8851800 JavaThread "WorkerExecutor Queue Thread 17"        [_thread_blocked, id=144899, stack(0x000070001cfcc000,0x000070001d0cc000) (1024K)]
  0x00007fb4d2dfd000 JavaThread "WorkerExecutor Queue Thread 18"        [_thread_blocked, id=145187, stack(0x000070001cec9000,0x000070001cfc9000) (1024K)]
  0x00007fb4d3acb400 JavaThread "C2 CompilerThread1"         daemon [_thread_in_native, id=160523, stack(0x000070001c4ab000,0x000070001c5ab000) (1024K)]
Total: 243

Other Threads:
  0x00007fb4cc708310 VMThread "VM Thread"                           [id=19715, stack(0x000070000ccc9000,0x000070000cdc9000) (1024K)]
  0x00007fb4cdc04550 WatcherThread "VM Periodic Task Thread"        [id=17155, stack(0x000070000cbc6000,0x000070000ccc6000) (1024K)]
  0x00007fb4cdb07220 WorkerThread "GC Thread#0"                     [id=12291, stack(0x000070000c6b7000,0x000070000c7b7000) (1024K)]
  0x00007fb4cc710e40 WorkerThread "GC Thread#1"                     [id=27139, stack(0x000070000d7ed000,0x000070000d8ed000) (1024K)]
  0x00007fb4cc7111e0 WorkerThread "GC Thread#2"                     [id=27651, stack(0x000070000d8f0000,0x000070000d9f0000) (1024K)]
  0x00007fb4cc711750 WorkerThread "GC Thread#3"                     [id=43267, stack(0x000070000d9f3000,0x000070000daf3000) (1024K)]
  0x00007fb4cc7120b0 WorkerThread "GC Thread#4"                     [id=42755, stack(0x000070000daf6000,0x000070000dbf6000) (1024K)]
  0x00007fb4cc712a10 WorkerThread "GC Thread#5"                     [id=33027, stack(0x000070000dbf9000,0x000070000dcf9000) (1024K)]
  0x00007fb4cdc5b490 WorkerThread "GC Thread#6"                     [id=38659, stack(0x000070000ed2c000,0x000070000ee2c000) (1024K)]
  0x00007fb4cc75abb0 WorkerThread "GC Thread#7"                     [id=38147, stack(0x000070000ee2f000,0x000070000ef2f000) (1024K)]
  0x00007fb4cc75b120 WorkerThread "GC Thread#8"                     [id=65283, stack(0x000070000ef32000,0x000070000f032000) (1024K)]
  0x00007fb4cc75ba80 WorkerThread "GC Thread#9"                     [id=43779, stack(0x000070000f035000,0x000070000f135000) (1024K)]
  0x00007fb4cc75c3e0 WorkerThread "GC Thread#10"                    [id=64771, stack(0x000070000f138000,0x000070000f238000) (1024K)]
  0x00007fb4cda37590 WorkerThread "GC Thread#11"                    [id=64515, stack(0x000070000f23b000,0x000070000f33b000) (1024K)]
  0x00007fb4cda37ef0 WorkerThread "GC Thread#12"                    [id=64003, stack(0x000070000f33e000,0x000070000f43e000) (1024K)]
  0x00007fb4cd9063d0 ConcurrentGCThread "G1 Main Marker"            [id=14083, stack(0x000070000c7ba000,0x000070000c8ba000) (1024K)]
  0x00007fb4cd906d50 WorkerThread "G1 Conc#0"                       [id=13571, stack(0x000070000c8bd000,0x000070000c9bd000) (1024K)]
  0x00007fb4d1c4d350 WorkerThread "G1 Conc#1"                       [id=63491, stack(0x000070000f441000,0x000070000f541000) (1024K)]
  0x00007fb4d1e05360 WorkerThread "G1 Conc#2"                       [id=62979, stack(0x000070000f544000,0x000070000f644000) (1024K)]
  0x00007fb4cd0a4800 ConcurrentGCThread "G1 Refine#0"               [id=16387, stack(0x000070000c9c0000,0x000070000cac0000) (1024K)]
  0x00007fb4cda08050 ConcurrentGCThread "G1 Service"                [id=16643, stack(0x000070000cac3000,0x000070000cbc3000) (1024K)]
Total: 21

Threads with active compile tasks:
C2 CompilerThread0  72384 56913 %     4       com.android.tools.r8.internal.mS::a @ 1034 (2019 bytes)
C2 CompilerThread1  72384 56906       4       com.android.tools.r8.internal.f60::a (515 bytes)
Total: 2

VM state: not at safepoint (normal execution)

VM Mutex/Monitor currently owned by a thread: None

Heap address: 0x0000000700000000, size: 4096 MB, Compressed Oops mode: Zero based, Oop shift amount: 3

CDS archive(s) mapped at: [0x0000000127000000-0x0000000127c6e000-0x0000000127c6e000), size 13033472, SharedBaseAddress: 0x0000000127000000, ArchiveRelocationMode: 1.
Compressed class space mapped at: 0x0000000128000000-0x0000000168000000, reserved size: 1073741824
Narrow klass base: 0x0000000127000000, Narrow klass shift: 0, Narrow klass range: 0x100000000

GC Precious Log:
 CardTable entry size: 512
 Card Set container configuration: InlinePtr #cards 4 size 8 Array Of Cards #cards 16 size 48 Howl #buckets 8 coarsen threshold 3686 Howl Bitmap #cards 512 size 80 coarsen threshold 460 Card regions per heap region 1 cards per card region 4096
 CPUs: 16 total, 16 available
 Memory: 16384M
 Large Page Support: Disabled
 NUMA Support: Disabled
 Compressed Oops: Enabled (Zero based)
 Heap Region Size: 2M
 Heap Min Capacity: 8M
 Heap Initial Capacity: 256M
 Heap Max Capacity: 4G
 Pre-touch: Disabled
 Parallel Workers: 13
 Concurrent Workers: 3
 Concurrent Refinement Workers: 13
 Periodic GC: Disabled

Heap:
 garbage-first heap   total reserved 4194304K, committed 1540096K, used 1079296K [0x0000000700000000, 0x0000000800000000)
  region size 2048K, 275 young (563200K), 39 survivors (79872K)
 Metaspace       used 239437K, committed 242688K, reserved 1310720K
  class space    used 30701K, committed 32320K, reserved 1048576K

Heap Regions: E=young(eden), S=young(survivor), O=old, HS=humongous(starts), HC=humongous(continues), CS=collection set, F=free, TAMS=top-at-mark-start, PB=parsable bottom
|   0|0x0000000700000000, 0x0000000700200000, 0x0000000700200000|100%|HS|  |TAMS 0x0000000700000000| PB 0x0000000700000000| Complete |  0
|   1|0x0000000700200000, 0x0000000700400000, 0x0000000700400000|100%|HC|  |TAMS 0x0000000700200000| PB 0x0000000700200000| Complete |  0
|   2|0x0000000700400000, 0x0000000700600000, 0x0000000700600000|100%| O|  |TAMS 0x0000000700400000| PB 0x0000000700400000| Untracked |  0
|   3|0x0000000700600000, 0x0000000700800000, 0x0000000700800000|100%| O|  |TAMS 0x0000000700600000| PB 0x0000000700600000| Untracked |  0
|   4|0x0000000700800000, 0x0000000700a00000, 0x0000000700a00000|100%| O|  |TAMS 0x0000000700800000| PB 0x0000000700800000| Untracked |  0
|   5|0x0000000700a00000, 0x0000000700c00000, 0x0000000700c00000|100%| O|  |TAMS 0x0000000700a00000| PB 0x0000000700a00000| Untracked |  0
|   6|0x0000000700c00000, 0x0000000700e00000, 0x0000000700e00000|100%| O|  |TAMS 0x0000000700c00000| PB 0x0000000700c00000| Untracked |  0
|   7|0x0000000700e00000, 0x0000000701000000, 0x0000000701000000|100%| O|  |TAMS 0x0000000700e00000| PB 0x0000000700e00000| Untracked |  0
|   8|0x0000000701000000, 0x0000000701200000, 0x0000000701200000|100%| O|  |TAMS 0x0000000701000000| PB 0x0000000701000000| Untracked |  0
|   9|0x0000000701200000, 0x0000000701400000, 0x0000000701400000|100%| O|  |TAMS 0x0000000701200000| PB 0x0000000701200000| Untracked |  0
|  10|0x0000000701400000, 0x0000000701600000, 0x0000000701600000|100%| O|  |TAMS 0x0000000701400000| PB 0x0000000701400000| Untracked |  0
|  11|0x0000000701600000, 0x0000000701800000, 0x0000000701800000|100%| O|  |TAMS 0x0000000701600000| PB 0x0000000701600000| Untracked |  0
|  12|0x0000000701800000, 0x0000000701a00000, 0x0000000701a00000|100%| O|  |TAMS 0x0000000701800000| PB 0x0000000701800000| Untracked |  0
|  13|0x0000000701a00000, 0x0000000701c00000, 0x0000000701c00000|100%| O|  |TAMS 0x0000000701a00000| PB 0x0000000701a00000| Untracked |  0
|  14|0x0000000701c00000, 0x0000000701e00000, 0x0000000701e00000|100%| O|  |TAMS 0x0000000701c00000| PB 0x0000000701c00000| Untracked |  0
|  15|0x0000000701e00000, 0x0000000702000000, 0x0000000702000000|100%| O|  |TAMS 0x0000000701e00000| PB 0x0000000701e00000| Untracked |  0
|  16|0x0000000702000000, 0x0000000702200000, 0x0000000702200000|100%| O|  |TAMS 0x0000000702000000| PB 0x0000000702000000| Untracked |  0
|  17|0x0000000702200000, 0x0000000702400000, 0x0000000702400000|100%| O|  |TAMS 0x0000000702200000| PB 0x0000000702200000| Untracked |  0
|  18|0x0000000702400000, 0x0000000702600000, 0x0000000702600000|100%| O|  |TAMS 0x0000000702400000| PB 0x0000000702400000| Untracked |  0
|  19|0x0000000702600000, 0x0000000702800000, 0x0000000702800000|100%| O|  |TAMS 0x0000000702600000| PB 0x0000000702600000| Untracked |  0
|  20|0x0000000702800000, 0x0000000702a00000, 0x0000000702a00000|100%| O|  |TAMS 0x0000000702800000| PB 0x0000000702800000| Untracked |  0
|  21|0x0000000702a00000, 0x0000000702c00000, 0x0000000702c00000|100%| O|  |TAMS 0x0000000702a00000| PB 0x0000000702a00000| Untracked |  0
|  22|0x0000000702c00000, 0x0000000702e00000, 0x0000000702e00000|100%| O|  |TAMS 0x0000000702c00000| PB 0x0000000702c00000| Untracked |  0
|  23|0x0000000702e00000, 0x0000000703000000, 0x0000000703000000|100%| O|  |TAMS 0x0000000702e00000| PB 0x0000000702e00000| Untracked |  0
|  24|0x0000000703000000, 0x0000000703200000, 0x0000000703200000|100%| O|  |TAMS 0x0000000703000000| PB 0x0000000703000000| Untracked |  0
|  25|0x0000000703200000, 0x0000000703400000, 0x0000000703400000|100%| O|  |TAMS 0x0000000703200000| PB 0x0000000703200000| Untracked |  0
|  26|0x0000000703400000, 0x0000000703600000, 0x0000000703600000|100%| O|  |TAMS 0x0000000703400000| PB 0x0000000703400000| Untracked |  0
|  27|0x0000000703600000, 0x0000000703800000, 0x0000000703800000|100%| O|  |TAMS 0x0000000703600000| PB 0x0000000703600000| Untracked |  0
|  28|0x0000000703800000, 0x0000000703a00000, 0x0000000703a00000|100%| O|  |TAMS 0x0000000703800000| PB 0x0000000703800000| Untracked |  0
|  29|0x0000000703a00000, 0x0000000703c00000, 0x0000000703c00000|100%|HS|  |TAMS 0x0000000703a00000| PB 0x0000000703a00000| Complete |  0
|  30|0x0000000703c00000, 0x0000000703e00000, 0x0000000703e00000|100%|HS|  |TAMS 0x0000000703c00000| PB 0x0000000703c00000| Complete |  0
|  31|0x0000000703e00000, 0x0000000704000000, 0x0000000704000000|100%|HS|  |TAMS 0x0000000703e00000| PB 0x0000000703e00000| Complete |  0
|  32|0x0000000704000000, 0x0000000704200000, 0x0000000704200000|100%|HC|  |TAMS 0x0000000704000000| PB 0x0000000704000000| Complete |  0
|  33|0x0000000704200000, 0x0000000704400000, 0x0000000704400000|100%| O|  |TAMS 0x0000000704200000| PB 0x0000000704200000| Untracked |  0
|  34|0x0000000704400000, 0x0000000704600000, 0x0000000704600000|100%| O|  |TAMS 0x0000000704400000| PB 0x0000000704400000| Untracked |  0
|  35|0x0000000704600000, 0x0000000704800000, 0x0000000704800000|100%| O|  |TAMS 0x0000000704600000| PB 0x0000000704600000| Untracked |  0
|  36|0x0000000704800000, 0x0000000704a00000, 0x0000000704a00000|100%| O|  |TAMS 0x0000000704800000| PB 0x0000000704800000| Untracked |  0
|  37|0x0000000704a00000, 0x0000000704c00000, 0x0000000704c00000|100%| O|  |TAMS 0x0000000704a00000| PB 0x0000000704a00000| Untracked |  0
|  38|0x0000000704c00000, 0x0000000704e00000, 0x0000000704e00000|100%|HS|  |TAMS 0x0000000704c00000| PB 0x0000000704c00000| Complete |  0
|  39|0x0000000704e00000, 0x0000000705000000, 0x0000000705000000|100%|HC|  |TAMS 0x0000000704e00000| PB 0x0000000704e00000| Complete |  0
|  40|0x0000000705000000, 0x0000000705200000, 0x0000000705200000|100%| O|  |TAMS 0x0000000705000000| PB 0x0000000705000000| Untracked |  0
|  41|0x0000000705200000, 0x0000000705400000, 0x0000000705400000|100%| O|  |TAMS 0x0000000705200000| PB 0x0000000705200000| Untracked |  0
|  42|0x0000000705400000, 0x0000000705600000, 0x0000000705600000|100%| O|  |TAMS 0x0000000705400000| PB 0x0000000705400000| Untracked |  0
|  43|0x0000000705600000, 0x0000000705800000, 0x0000000705800000|100%| O|  |TAMS 0x0000000705600000| PB 0x0000000705600000| Untracked |  0
|  44|0x0000000705800000, 0x0000000705a00000, 0x0000000705a00000|100%| O|  |TAMS 0x0000000705800000| PB 0x0000000705800000| Untracked |  0
|  45|0x0000000705a00000, 0x0000000705c00000, 0x0000000705c00000|100%| O|  |TAMS 0x0000000705a00000| PB 0x0000000705a00000| Untracked |  0
|  46|0x0000000705c00000, 0x0000000705e00000, 0x0000000705e00000|100%| O|  |TAMS 0x0000000705c00000| PB 0x0000000705c00000| Untracked |  0
|  47|0x0000000705e00000, 0x0000000706000000, 0x0000000706000000|100%| O|  |TAMS 0x0000000705e00000| PB 0x0000000705e00000| Untracked |  0
|  48|0x0000000706000000, 0x0000000706200000, 0x0000000706200000|100%| O|  |TAMS 0x0000000706000000| PB 0x0000000706000000| Untracked |  0
|  49|0x0000000706200000, 0x0000000706400000, 0x0000000706400000|100%| O|  |TAMS 0x0000000706200000| PB 0x0000000706200000| Untracked |  0
|  50|0x0000000706400000, 0x0000000706600000, 0x0000000706600000|100%| O|  |TAMS 0x0000000706400000| PB 0x0000000706400000| Untracked |  0
|  51|0x0000000706600000, 0x0000000706800000, 0x0000000706800000|100%| O|  |TAMS 0x0000000706600000| PB 0x0000000706600000| Untracked |  0
|  52|0x0000000706800000, 0x0000000706a00000, 0x0000000706a00000|100%| O|  |TAMS 0x0000000706800000| PB 0x0000000706800000| Untracked |  0
|  53|0x0000000706a00000, 0x0000000706c00000, 0x0000000706c00000|100%|HS|  |TAMS 0x0000000706a00000| PB 0x0000000706a00000| Complete |  0
|  54|0x0000000706c00000, 0x0000000706e00000, 0x0000000706e00000|100%| O|  |TAMS 0x0000000706c00000| PB 0x0000000706c00000| Untracked |  0
|  55|0x0000000706e00000, 0x0000000707000000, 0x0000000707000000|100%|HS|  |TAMS 0x0000000706e00000| PB 0x0000000706e00000| Complete |  0
|  56|0x0000000707000000, 0x0000000707200000, 0x0000000707200000|100%| O|  |TAMS 0x0000000707000000| PB 0x0000000707000000| Untracked |  0
|  57|0x0000000707200000, 0x0000000707400000, 0x0000000707400000|100%| O|  |TAMS 0x0000000707200000| PB 0x0000000707200000| Untracked |  0
|  58|0x0000000707400000, 0x0000000707600000, 0x0000000707600000|100%|HS|  |TAMS 0x0000000707400000| PB 0x0000000707400000| Complete |  0
|  59|0x0000000707600000, 0x0000000707800000, 0x0000000707800000|100%|HC|  |TAMS 0x0000000707600000| PB 0x0000000707600000| Complete |  0
|  60|0x0000000707800000, 0x0000000707a00000, 0x0000000707a00000|100%| O|  |TAMS 0x0000000707800000| PB 0x0000000707800000| Untracked |  0
|  61|0x0000000707a00000, 0x0000000707c00000, 0x0000000707c00000|100%|HS|  |TAMS 0x0000000707a00000| PB 0x0000000707a00000| Complete |  0
|  62|0x0000000707c00000, 0x0000000707e00000, 0x0000000707e00000|100%|HS|  |TAMS 0x0000000707c00000| PB 0x0000000707c00000| Complete |  0
|  63|0x0000000707e00000, 0x0000000708000000, 0x0000000708000000|100%|HC|  |TAMS 0x0000000707e00000| PB 0x0000000707e00000| Complete |  0
|  64|0x0000000708000000, 0x0000000708200000, 0x0000000708200000|100%| O|  |TAMS 0x0000000708000000| PB 0x0000000708000000| Untracked |  0
|  65|0x0000000708200000, 0x0000000708400000, 0x0000000708400000|100%| O|  |TAMS 0x0000000708200000| PB 0x0000000708200000| Untracked |  0
|  66|0x0000000708400000, 0x0000000708600000, 0x0000000708600000|100%| O|  |TAMS 0x0000000708400000| PB 0x0000000708400000| Untracked |  0
|  67|0x0000000708600000, 0x0000000708800000, 0x0000000708800000|100%| O|  |TAMS 0x0000000708600000| PB 0x0000000708600000| Untracked |  0
|  68|0x0000000708800000, 0x0000000708a00000, 0x0000000708a00000|100%| O|  |TAMS 0x0000000708800000| PB 0x0000000708800000| Untracked |  0
|  69|0x0000000708a00000, 0x0000000708c00000, 0x0000000708c00000|100%| O|  |TAMS 0x0000000708a00000| PB 0x0000000708a00000| Untracked |  0
|  70|0x0000000708c00000, 0x0000000708e00000, 0x0000000708e00000|100%| O|  |TAMS 0x0000000708c00000| PB 0x0000000708c00000| Untracked |  0
|  71|0x0000000708e00000, 0x0000000709000000, 0x0000000709000000|100%| O|  |TAMS 0x0000000708e00000| PB 0x0000000708e00000| Untracked |  0
|  72|0x0000000709000000, 0x0000000709200000, 0x0000000709200000|100%| O|  |TAMS 0x0000000709000000| PB 0x0000000709000000| Untracked |  0
|  73|0x0000000709200000, 0x0000000709400000, 0x0000000709400000|100%|HS|  |TAMS 0x0000000709200000| PB 0x0000000709200000| Complete |  0
|  74|0x0000000709400000, 0x0000000709600000, 0x0000000709600000|100%|HC|  |TAMS 0x0000000709400000| PB 0x0000000709400000| Complete |  0
|  75|0x0000000709600000, 0x0000000709800000, 0x0000000709800000|100%| O|  |TAMS 0x0000000709600000| PB 0x0000000709600000| Untracked |  0
|  76|0x0000000709800000, 0x0000000709a00000, 0x0000000709a00000|100%| O|  |TAMS 0x0000000709800000| PB 0x0000000709800000| Untracked |  0
|  77|0x0000000709a00000, 0x0000000709c00000, 0x0000000709c00000|100%| O|  |TAMS 0x0000000709a00000| PB 0x0000000709a00000| Untracked |  0
|  78|0x0000000709c00000, 0x0000000709e00000, 0x0000000709e00000|100%| O|  |TAMS 0x0000000709c00000| PB 0x0000000709c00000| Untracked |  0
|  79|0x0000000709e00000, 0x000000070a000000, 0x000000070a000000|100%| O|  |TAMS 0x0000000709e00000| PB 0x0000000709e00000| Untracked |  0
|  80|0x000000070a000000, 0x000000070a200000, 0x000000070a200000|100%| O|  |TAMS 0x000000070a000000| PB 0x000000070a000000| Untracked |  0
|  81|0x000000070a200000, 0x000000070a400000, 0x000000070a400000|100%| O|  |TAMS 0x000000070a200000| PB 0x000000070a200000| Untracked |  0
|  82|0x000000070a400000, 0x000000070a600000, 0x000000070a600000|100%| O|  |TAMS 0x000000070a400000| PB 0x000000070a400000| Untracked |  0
|  83|0x000000070a600000, 0x000000070a800000, 0x000000070a800000|100%| O|  |TAMS 0x000000070a600000| PB 0x000000070a600000| Untracked |  0
|  84|0x000000070a800000, 0x000000070aa00000, 0x000000070aa00000|100%| O|  |TAMS 0x000000070a800000| PB 0x000000070a800000| Untracked |  0
|  85|0x000000070aa00000, 0x000000070ac00000, 0x000000070ac00000|100%| O|  |TAMS 0x000000070aa00000| PB 0x000000070aa00000| Untracked |  0
|  86|0x000000070ac00000, 0x000000070ae00000, 0x000000070ae00000|100%| O|  |TAMS 0x000000070ac00000| PB 0x000000070ac00000| Untracked |  0
|  87|0x000000070ae00000, 0x000000070b000000, 0x000000070b000000|100%| O|  |TAMS 0x000000070ae00000| PB 0x000000070ae00000| Untracked |  0
|  88|0x000000070b000000, 0x000000070b200000, 0x000000070b200000|100%| O|  |TAMS 0x000000070b000000| PB 0x000000070b000000| Untracked |  0
|  89|0x000000070b200000, 0x000000070b400000, 0x000000070b400000|100%| O|  |TAMS 0x000000070b200000| PB 0x000000070b200000| Untracked |  0
|  90|0x000000070b400000, 0x000000070b600000, 0x000000070b600000|100%| O|  |TAMS 0x000000070b400000| PB 0x000000070b400000| Untracked |  0
|  91|0x000000070b600000, 0x000000070b800000, 0x000000070b800000|100%| O|  |TAMS 0x000000070b600000| PB 0x000000070b600000| Untracked |  0
|  92|0x000000070b800000, 0x000000070ba00000, 0x000000070ba00000|100%| O|  |TAMS 0x000000070b800000| PB 0x000000070b800000| Untracked |  0
|  93|0x000000070ba00000, 0x000000070bc00000, 0x000000070bc00000|100%| O|  |TAMS 0x000000070ba00000| PB 0x000000070ba00000| Untracked |  0
|  94|0x000000070bc00000, 0x000000070be00000, 0x000000070be00000|100%| O|  |TAMS 0x000000070bc00000| PB 0x000000070bc00000| Untracked |  0
|  95|0x000000070be00000, 0x000000070c000000, 0x000000070c000000|100%| O|  |TAMS 0x000000070be00000| PB 0x000000070be00000| Untracked |  0
|  96|0x000000070c000000, 0x000000070c200000, 0x000000070c200000|100%| O|  |TAMS 0x000000070c000000| PB 0x000000070c000000| Untracked |  0
|  97|0x000000070c200000, 0x000000070c400000, 0x000000070c400000|100%| O|  |TAMS 0x000000070c200000| PB 0x000000070c200000| Untracked |  0
|  98|0x000000070c400000, 0x000000070c600000, 0x000000070c600000|100%| O|  |TAMS 0x000000070c400000| PB 0x000000070c400000| Untracked |  0
|  99|0x000000070c600000, 0x000000070c800000, 0x000000070c800000|100%| O|  |TAMS 0x000000070c600000| PB 0x000000070c600000| Untracked |  0
| 100|0x000000070c800000, 0x000000070ca00000, 0x000000070ca00000|100%| O|  |TAMS 0x000000070c800000| PB 0x000000070c800000| Untracked |  0
| 101|0x000000070ca00000, 0x000000070cc00000, 0x000000070cc00000|100%| O|  |TAMS 0x000000070ca00000| PB 0x000000070ca00000| Untracked |  0
| 102|0x000000070cc00000, 0x000000070ce00000, 0x000000070ce00000|100%| O|  |TAMS 0x000000070cc00000| PB 0x000000070cc00000| Untracked |  0
| 103|0x000000070ce00000, 0x000000070d000000, 0x000000070d000000|100%| O|  |TAMS 0x000000070ce00000| PB 0x000000070ce00000| Untracked |  0
| 104|0x000000070d000000, 0x000000070d200000, 0x000000070d200000|100%| O|  |TAMS 0x000000070d000000| PB 0x000000070d000000| Untracked |  0
| 105|0x000000070d200000, 0x000000070d400000, 0x000000070d400000|100%| O|  |TAMS 0x000000070d200000| PB 0x000000070d200000| Untracked |  0
| 106|0x000000070d400000, 0x000000070d600000, 0x000000070d600000|100%| O|  |TAMS 0x000000070d400000| PB 0x000000070d400000| Untracked |  0
| 107|0x000000070d600000, 0x000000070d800000, 0x000000070d800000|100%| O|  |TAMS 0x000000070d600000| PB 0x000000070d600000| Untracked |  0
| 108|0x000000070d800000, 0x000000070da00000, 0x000000070da00000|100%| O|  |TAMS 0x000000070d800000| PB 0x000000070d800000| Untracked |  0
| 109|0x000000070da00000, 0x000000070dc00000, 0x000000070dc00000|100%| O|  |TAMS 0x000000070da00000| PB 0x000000070da00000| Untracked |  0
| 110|0x000000070dc00000, 0x000000070de00000, 0x000000070de00000|100%| O|  |TAMS 0x000000070dc00000| PB 0x000000070dc00000| Untracked |  0
| 111|0x000000070de00000, 0x000000070e000000, 0x000000070e000000|100%| O|  |TAMS 0x000000070de00000| PB 0x000000070de00000| Untracked |  0
| 112|0x000000070e000000, 0x000000070e200000, 0x000000070e200000|100%| O|  |TAMS 0x000000070e000000| PB 0x000000070e000000| Untracked |  0
| 113|0x000000070e200000, 0x000000070e400000, 0x000000070e400000|100%| O|  |TAMS 0x000000070e200000| PB 0x000000070e200000| Untracked |  0
| 114|0x000000070e400000, 0x000000070e600000, 0x000000070e600000|100%| O|  |TAMS 0x000000070e400000| PB 0x000000070e400000| Untracked |  0
| 115|0x000000070e600000, 0x000000070e800000, 0x000000070e800000|100%| O|  |TAMS 0x000000070e600000| PB 0x000000070e600000| Untracked |  0
| 116|0x000000070e800000, 0x000000070ea00000, 0x000000070ea00000|100%| O|  |TAMS 0x000000070e800000| PB 0x000000070e800000| Untracked |  0
| 117|0x000000070ea00000, 0x000000070ec00000, 0x000000070ec00000|100%| O|  |TAMS 0x000000070ea00000| PB 0x000000070ea00000| Untracked |  0
| 118|0x000000070ec00000, 0x000000070ee00000, 0x000000070ee00000|100%| O|  |TAMS 0x000000070ec00000| PB 0x000000070ec00000| Untracked |  0
| 119|0x000000070ee00000, 0x000000070f000000, 0x000000070f000000|100%| O|  |TAMS 0x000000070ee00000| PB 0x000000070ee00000| Untracked |  0
| 120|0x000000070f000000, 0x000000070f200000, 0x000000070f200000|100%| O|  |TAMS 0x000000070f000000| PB 0x000000070f000000| Untracked |  0
| 121|0x000000070f200000, 0x000000070f400000, 0x000000070f400000|100%| O|  |TAMS 0x000000070f200000| PB 0x000000070f200000| Untracked |  0
| 122|0x000000070f400000, 0x000000070f600000, 0x000000070f600000|100%| O|  |TAMS 0x000000070f400000| PB 0x000000070f400000| Untracked |  0
| 123|0x000000070f600000, 0x000000070f800000, 0x000000070f800000|100%| O|  |TAMS 0x000000070f600000| PB 0x000000070f600000| Untracked |  0
| 124|0x000000070f800000, 0x000000070fa00000, 0x000000070fa00000|100%| O|  |TAMS 0x000000070f800000| PB 0x000000070f800000| Untracked |  0
| 125|0x000000070fa00000, 0x000000070fc00000, 0x000000070fc00000|100%| O|  |TAMS 0x000000070fa00000| PB 0x000000070fa00000| Untracked |  0
| 126|0x000000070fc00000, 0x000000070fe00000, 0x000000070fe00000|100%| O|  |TAMS 0x000000070fc00000| PB 0x000000070fc00000| Untracked |  0
| 127|0x000000070fe00000, 0x0000000710000000, 0x0000000710000000|100%| O|  |TAMS 0x000000070fe00000| PB 0x000000070fe00000| Untracked |  0
| 128|0x0000000710000000, 0x0000000710200000, 0x0000000710200000|100%| O|  |TAMS 0x0000000710000000| PB 0x0000000710000000| Untracked |  0
| 129|0x0000000710200000, 0x0000000710400000, 0x0000000710400000|100%| O|  |TAMS 0x0000000710200000| PB 0x0000000710200000| Untracked |  0
| 130|0x0000000710400000, 0x0000000710600000, 0x0000000710600000|100%| O|  |TAMS 0x0000000710400000| PB 0x0000000710400000| Untracked |  0
| 131|0x0000000710600000, 0x0000000710800000, 0x0000000710800000|100%| O|  |TAMS 0x0000000710600000| PB 0x0000000710600000| Untracked |  0
| 132|0x0000000710800000, 0x0000000710a00000, 0x0000000710a00000|100%|HS|  |TAMS 0x0000000710800000| PB 0x0000000710800000| Complete |  0
| 133|0x0000000710a00000, 0x0000000710c00000, 0x0000000710c00000|100%| O|  |TAMS 0x0000000710a00000| PB 0x0000000710a00000| Untracked |  0
| 134|0x0000000710c00000, 0x0000000710e00000, 0x0000000710e00000|100%| O|  |TAMS 0x0000000710c00000| PB 0x0000000710c00000| Untracked |  0
| 135|0x0000000710e00000, 0x0000000711000000, 0x0000000711000000|100%| O|  |TAMS 0x0000000710e00000| PB 0x0000000710e00000| Untracked |  0
| 136|0x0000000711000000, 0x0000000711200000, 0x0000000711200000|100%| O|  |TAMS 0x0000000711000000| PB 0x0000000711000000| Untracked |  0
| 137|0x0000000711200000, 0x0000000711400000, 0x0000000711400000|100%| O|  |TAMS 0x0000000711200000| PB 0x0000000711200000| Untracked |  0
| 138|0x0000000711400000, 0x0000000711600000, 0x0000000711600000|100%| O|Cm|TAMS 0x0000000711400000| PB 0x0000000711400000| Complete |  0
| 139|0x0000000711600000, 0x0000000711800000, 0x0000000711800000|100%| O|  |TAMS 0x0000000711600000| PB 0x0000000711600000| Untracked |  0
| 140|0x0000000711800000, 0x0000000711a00000, 0x0000000711a00000|100%| O|  |TAMS 0x0000000711800000| PB 0x0000000711800000| Untracked |  0
| 141|0x0000000711a00000, 0x0000000711c00000, 0x0000000711c00000|100%| O|  |TAMS 0x0000000711a00000| PB 0x0000000711a00000| Untracked |  0
| 142|0x0000000711c00000, 0x0000000711e00000, 0x0000000711e00000|100%| O|Cm|TAMS 0x0000000711c00000| PB 0x0000000711c00000| Complete |  0
| 143|0x0000000711e00000, 0x0000000712000000, 0x0000000712000000|100%| O|  |TAMS 0x0000000711e00000| PB 0x0000000711e00000| Untracked |  0
| 144|0x0000000712000000, 0x0000000712200000, 0x0000000712200000|100%| O|  |TAMS 0x0000000712000000| PB 0x0000000712000000| Untracked |  0
| 145|0x0000000712200000, 0x0000000712400000, 0x0000000712400000|100%| O|  |TAMS 0x0000000712200000| PB 0x0000000712200000| Untracked |  0
| 146|0x0000000712400000, 0x0000000712600000, 0x0000000712600000|100%| O|  |TAMS 0x0000000712400000| PB 0x0000000712400000| Untracked |  0
| 147|0x0000000712600000, 0x0000000712800000, 0x0000000712800000|100%| O|  |TAMS 0x0000000712600000| PB 0x0000000712600000| Untracked |  0
| 148|0x0000000712800000, 0x0000000712a00000, 0x0000000712a00000|100%| O|  |TAMS 0x0000000712800000| PB 0x0000000712800000| Untracked |  0
| 149|0x0000000712a00000, 0x0000000712c00000, 0x0000000712c00000|100%| O|  |TAMS 0x0000000712a00000| PB 0x0000000712a00000| Untracked |  0
| 150|0x0000000712c00000, 0x0000000712e00000, 0x0000000712e00000|100%| O|  |TAMS 0x0000000712c00000| PB 0x0000000712c00000| Untracked |  0
| 151|0x0000000712e00000, 0x0000000713000000, 0x0000000713000000|100%| O|  |TAMS 0x0000000712e00000| PB 0x0000000712e00000| Untracked |  0
| 152|0x0000000713000000, 0x0000000713200000, 0x0000000713200000|100%| O|  |TAMS 0x0000000713000000| PB 0x0000000713000000| Untracked |  0
| 153|0x0000000713200000, 0x0000000713400000, 0x0000000713400000|100%| O|  |TAMS 0x0000000713200000| PB 0x0000000713200000| Untracked |  0
| 154|0x0000000713400000, 0x0000000713600000, 0x0000000713600000|100%| O|  |TAMS 0x0000000713400000| PB 0x0000000713400000| Untracked |  0
| 155|0x0000000713600000, 0x0000000713800000, 0x0000000713800000|100%| O|  |TAMS 0x0000000713600000| PB 0x0000000713600000| Untracked |  0
| 156|0x0000000713800000, 0x0000000713a00000, 0x0000000713a00000|100%| O|  |TAMS 0x0000000713800000| PB 0x0000000713800000| Untracked |  0
| 157|0x0000000713a00000, 0x0000000713c00000, 0x0000000713c00000|100%| O|  |TAMS 0x0000000713a00000| PB 0x0000000713a00000| Untracked |  0
| 158|0x0000000713c00000, 0x0000000713e00000, 0x0000000713e00000|100%| O|  |TAMS 0x0000000713c00000| PB 0x0000000713c00000| Untracked |  0
| 159|0x0000000713e00000, 0x0000000714000000, 0x0000000714000000|100%| O|  |TAMS 0x0000000713e00000| PB 0x0000000713e00000| Untracked |  0
| 160|0x0000000714000000, 0x0000000714200000, 0x0000000714200000|100%| O|  |TAMS 0x0000000714000000| PB 0x0000000714000000| Untracked |  0
| 161|0x0000000714200000, 0x0000000714400000, 0x0000000714400000|100%| O|  |TAMS 0x0000000714200000| PB 0x0000000714200000| Untracked |  0
| 162|0x0000000714400000, 0x0000000714600000, 0x0000000714600000|100%| O|Cm|TAMS 0x0000000714400000| PB 0x0000000714400000| Complete |  0
| 163|0x0000000714600000, 0x0000000714800000, 0x0000000714800000|100%|HS|  |TAMS 0x0000000714600000| PB 0x0000000714600000| Complete |  0
| 164|0x0000000714800000, 0x0000000714a00000, 0x0000000714a00000|100%|HC|  |TAMS 0x0000000714800000| PB 0x0000000714800000| Complete |  0
| 165|0x0000000714a00000, 0x0000000714c00000, 0x0000000714c00000|100%|HC|  |TAMS 0x0000000714a00000| PB 0x0000000714a00000| Complete |  0
| 166|0x0000000714c00000, 0x0000000714e00000, 0x0000000714e00000|100%|HC|  |TAMS 0x0000000714c00000| PB 0x0000000714c00000| Complete |  0
| 167|0x0000000714e00000, 0x0000000715000000, 0x0000000715000000|100%| O|  |TAMS 0x0000000714e00000| PB 0x0000000714e00000| Untracked |  0
| 168|0x0000000715000000, 0x0000000715200000, 0x0000000715200000|100%|HS|  |TAMS 0x0000000715000000| PB 0x0000000715000000| Complete |  0
| 169|0x0000000715200000, 0x0000000715200000, 0x0000000715400000|  0%| F|  |TAMS 0x0000000715200000| PB 0x0000000715200000| Untracked |  0
| 170|0x0000000715400000, 0x0000000715400000, 0x0000000715600000|  0%| F|  |TAMS 0x0000000715400000| PB 0x0000000715400000| Untracked |  0
| 171|0x0000000715600000, 0x0000000715600000, 0x0000000715800000|  0%| F|  |TAMS 0x0000000715600000| PB 0x0000000715600000| Untracked |  0
| 172|0x0000000715800000, 0x0000000715800000, 0x0000000715a00000|  0%| F|  |TAMS 0x0000000715800000| PB 0x0000000715800000| Untracked |  0
| 173|0x0000000715a00000, 0x0000000715c00000, 0x0000000715c00000|100%| O|  |TAMS 0x0000000715a00000| PB 0x0000000715a00000| Untracked |  0
| 174|0x0000000715c00000, 0x0000000715e00000, 0x0000000715e00000|100%| O|  |TAMS 0x0000000715c00000| PB 0x0000000715c00000| Untracked |  0
| 175|0x0000000715e00000, 0x0000000716000000, 0x0000000716000000|100%| O|Cm|TAMS 0x0000000715e00000| PB 0x0000000715e00000| Complete |  0
| 176|0x0000000716000000, 0x0000000716200000, 0x0000000716200000|100%| O|  |TAMS 0x0000000716000000| PB 0x0000000716000000| Untracked |  0
| 177|0x0000000716200000, 0x0000000716200000, 0x0000000716400000|  0%| F|  |TAMS 0x0000000716200000| PB 0x0000000716200000| Untracked |  0
| 178|0x0000000716400000, 0x0000000716400000, 0x0000000716600000|  0%| F|  |TAMS 0x0000000716400000| PB 0x0000000716400000| Untracked |  0
| 179|0x0000000716600000, 0x0000000716800000, 0x0000000716800000|100%| O|  |TAMS 0x0000000716600000| PB 0x0000000716600000| Untracked |  0
| 180|0x0000000716800000, 0x0000000716a00000, 0x0000000716a00000|100%| O|Cm|TAMS 0x0000000716800000| PB 0x0000000716800000| Complete |  0
| 181|0x0000000716a00000, 0x0000000716a00000, 0x0000000716c00000|  0%| F|  |TAMS 0x0000000716a00000| PB 0x0000000716a00000| Untracked |  0
| 182|0x0000000716c00000, 0x0000000716e00000, 0x0000000716e00000|100%| O|Cm|TAMS 0x0000000716c00000| PB 0x0000000716c00000| Complete |  0
| 183|0x0000000716e00000, 0x0000000716e00000, 0x0000000717000000|  0%| F|  |TAMS 0x0000000716e00000| PB 0x0000000716e00000| Untracked |  0
| 184|0x0000000717000000, 0x0000000717200000, 0x0000000717200000|100%| O|  |TAMS 0x0000000717000000| PB 0x0000000717000000| Untracked |  0
| 185|0x0000000717200000, 0x0000000717400000, 0x0000000717400000|100%| O|  |TAMS 0x0000000717200000| PB 0x0000000717200000| Untracked |  0
| 186|0x0000000717400000, 0x0000000717600000, 0x0000000717600000|100%| O|  |TAMS 0x0000000717400000| PB 0x0000000717400000| Untracked |  0
| 187|0x0000000717600000, 0x0000000717800000, 0x0000000717800000|100%| O|Cm|TAMS 0x0000000717600000| PB 0x0000000717600000| Complete |  0
| 188|0x0000000717800000, 0x0000000717a00000, 0x0000000717a00000|100%| O|Cm|TAMS 0x0000000717800000| PB 0x0000000717800000| Complete |  0
| 189|0x0000000717a00000, 0x0000000717c00000, 0x0000000717c00000|100%| O|  |TAMS 0x0000000717a00000| PB 0x0000000717a00000| Untracked |  0
| 190|0x0000000717c00000, 0x0000000717c00000, 0x0000000717e00000|  0%| F|  |TAMS 0x0000000717c00000| PB 0x0000000717c00000| Untracked |  0
| 191|0x0000000717e00000, 0x0000000718000000, 0x0000000718000000|100%| O|  |TAMS 0x0000000717e00000| PB 0x0000000717e00000| Untracked |  0
| 192|0x0000000718000000, 0x0000000718200000, 0x0000000718200000|100%| O|  |TAMS 0x0000000718000000| PB 0x0000000718000000| Untracked |  0
| 193|0x0000000718200000, 0x0000000718400000, 0x0000000718400000|100%| O|  |TAMS 0x0000000718200000| PB 0x0000000718200000| Untracked |  0
| 194|0x0000000718400000, 0x0000000718600000, 0x0000000718600000|100%| O|Cm|TAMS 0x0000000718400000| PB 0x0000000718400000| Complete |  0
| 195|0x0000000718600000, 0x0000000718600000, 0x0000000718800000|  0%| F|  |TAMS 0x0000000718600000| PB 0x0000000718600000| Untracked |  0
| 196|0x0000000718800000, 0x0000000718800000, 0x0000000718a00000|  0%| F|  |TAMS 0x0000000718800000| PB 0x0000000718800000| Untracked |  0
| 197|0x0000000718a00000, 0x0000000718a00000, 0x0000000718c00000|  0%| F|  |TAMS 0x0000000718a00000| PB 0x0000000718a00000| Untracked |  0
| 198|0x0000000718c00000, 0x0000000718c00000, 0x0000000718e00000|  0%| F|  |TAMS 0x0000000718c00000| PB 0x0000000718c00000| Untracked |  0
| 199|0x0000000718e00000, 0x0000000718e00000, 0x0000000719000000|  0%| F|  |TAMS 0x0000000718e00000| PB 0x0000000718e00000| Untracked |  0
| 200|0x0000000719000000, 0x0000000719000000, 0x0000000719200000|  0%| F|  |TAMS 0x0000000719000000| PB 0x0000000719000000| Untracked |  0
| 201|0x0000000719200000, 0x0000000719200000, 0x0000000719400000|  0%| F|  |TAMS 0x0000000719200000| PB 0x0000000719200000| Untracked |  0
| 202|0x0000000719400000, 0x0000000719600000, 0x0000000719600000|100%| O|  |TAMS 0x0000000719400000| PB 0x0000000719400000| Untracked |  0
| 203|0x0000000719600000, 0x0000000719600000, 0x0000000719800000|  0%| F|  |TAMS 0x0000000719600000| PB 0x0000000719600000| Untracked |  0
| 204|0x0000000719800000, 0x0000000719800000, 0x0000000719a00000|  0%| F|  |TAMS 0x0000000719800000| PB 0x0000000719800000| Untracked |  0
| 205|0x0000000719a00000, 0x0000000719c00000, 0x0000000719c00000|100%| O|  |TAMS 0x0000000719a00000| PB 0x0000000719a00000| Untracked |  0
| 206|0x0000000719c00000, 0x0000000719e00000, 0x0000000719e00000|100%| O|  |TAMS 0x0000000719c00000| PB 0x0000000719c00000| Untracked |  0
| 207|0x0000000719e00000, 0x0000000719e00000, 0x000000071a000000|  0%| F|  |TAMS 0x0000000719e00000| PB 0x0000000719e00000| Untracked |  0
| 208|0x000000071a000000, 0x000000071a200000, 0x000000071a200000|100%| O|  |TAMS 0x000000071a000000| PB 0x000000071a000000| Untracked |  0
| 209|0x000000071a200000, 0x000000071a400000, 0x000000071a400000|100%| O|  |TAMS 0x000000071a200000| PB 0x000000071a200000| Untracked |  0
| 210|0x000000071a400000, 0x000000071a400000, 0x000000071a600000|  0%| F|  |TAMS 0x000000071a400000| PB 0x000000071a400000| Untracked |  0
| 211|0x000000071a600000, 0x000000071a800000, 0x000000071a800000|100%| O|  |TAMS 0x000000071a600000| PB 0x000000071a600000| Untracked |  0
| 212|0x000000071a800000, 0x000000071a800000, 0x000000071aa00000|  0%| F|  |TAMS 0x000000071a800000| PB 0x000000071a800000| Untracked |  0
| 213|0x000000071aa00000, 0x000000071aa00000, 0x000000071ac00000|  0%| F|  |TAMS 0x000000071aa00000| PB 0x000000071aa00000| Untracked |  0
| 214|0x000000071ac00000, 0x000000071ac00000, 0x000000071ae00000|  0%| F|  |TAMS 0x000000071ac00000| PB 0x000000071ac00000| Untracked |  0
| 215|0x000000071ae00000, 0x000000071ae00000, 0x000000071b000000|  0%| F|  |TAMS 0x000000071ae00000| PB 0x000000071ae00000| Untracked |  0
| 216|0x000000071b000000, 0x000000071b000000, 0x000000071b200000|  0%| F|  |TAMS 0x000000071b000000| PB 0x000000071b000000| Untracked |  0
| 217|0x000000071b200000, 0x000000071b200000, 0x000000071b400000|  0%| F|  |TAMS 0x000000071b200000| PB 0x000000071b200000| Untracked |  0
| 218|0x000000071b400000, 0x000000071b400000, 0x000000071b600000|  0%| F|  |TAMS 0x000000071b400000| PB 0x000000071b400000| Untracked |  0
| 219|0x000000071b600000, 0x000000071b600000, 0x000000071b800000|  0%| F|  |TAMS 0x000000071b600000| PB 0x000000071b600000| Untracked |  0
| 220|0x000000071b800000, 0x000000071b800000, 0x000000071ba00000|  0%| F|  |TAMS 0x000000071b800000| PB 0x000000071b800000| Untracked |  0
| 221|0x000000071ba00000, 0x000000071ba00000, 0x000000071bc00000|  0%| F|  |TAMS 0x000000071ba00000| PB 0x000000071ba00000| Untracked |  0
| 222|0x000000071bc00000, 0x000000071bc00000, 0x000000071be00000|  0%| F|  |TAMS 0x000000071bc00000| PB 0x000000071bc00000| Untracked |  0
| 223|0x000000071be00000, 0x000000071c000000, 0x000000071c000000|100%| O|  |TAMS 0x000000071be00000| PB 0x000000071be00000| Untracked |  0
| 224|0x000000071c000000, 0x000000071c000000, 0x000000071c200000|  0%| F|  |TAMS 0x000000071c000000| PB 0x000000071c000000| Untracked |  0
| 225|0x000000071c200000, 0x000000071c200000, 0x000000071c400000|  0%| F|  |TAMS 0x000000071c200000| PB 0x000000071c200000| Untracked |  0
| 226|0x000000071c400000, 0x000000071c400000, 0x000000071c600000|  0%| F|  |TAMS 0x000000071c400000| PB 0x000000071c400000| Untracked |  0
| 227|0x000000071c600000, 0x000000071c800000, 0x000000071c800000|100%| O|  |TAMS 0x000000071c600000| PB 0x000000071c600000| Untracked |  0
| 228|0x000000071c800000, 0x000000071ca00000, 0x000000071ca00000|100%| O|  |TAMS 0x000000071c800000| PB 0x000000071c800000| Untracked |  0
| 229|0x000000071ca00000, 0x000000071ca00000, 0x000000071cc00000|  0%| F|  |TAMS 0x000000071ca00000| PB 0x000000071ca00000| Untracked |  0
| 230|0x000000071cc00000, 0x000000071cc00000, 0x000000071ce00000|  0%| F|  |TAMS 0x000000071cc00000| PB 0x000000071cc00000| Untracked |  0
| 231|0x000000071ce00000, 0x000000071ce00000, 0x000000071d000000|  0%| F|  |TAMS 0x000000071ce00000| PB 0x000000071ce00000| Untracked |  0
| 232|0x000000071d000000, 0x000000071d200000, 0x000000071d200000|100%| O|  |TAMS 0x000000071d000000| PB 0x000000071d000000| Untracked |  0
| 233|0x000000071d200000, 0x000000071d400000, 0x000000071d400000|100%| O|  |TAMS 0x000000071d200000| PB 0x000000071d200000| Untracked |  0
| 234|0x000000071d400000, 0x000000071d400000, 0x000000071d600000|  0%| F|  |TAMS 0x000000071d400000| PB 0x000000071d400000| Untracked |  0
| 235|0x000000071d600000, 0x000000071d800000, 0x000000071d800000|100%| O|  |TAMS 0x000000071d600000| PB 0x000000071d600000| Untracked |  0
| 236|0x000000071d800000, 0x000000071da00000, 0x000000071da00000|100%| O|  |TAMS 0x000000071d800000| PB 0x000000071d800000| Untracked |  0
| 237|0x000000071da00000, 0x000000071dc00000, 0x000000071dc00000|100%| O|  |TAMS 0x000000071da00000| PB 0x000000071da00000| Untracked |  0
| 238|0x000000071dc00000, 0x000000071de00000, 0x000000071de00000|100%| O|  |TAMS 0x000000071dc00000| PB 0x000000071dc00000| Untracked |  0
| 239|0x000000071de00000, 0x000000071e000000, 0x000000071e000000|100%| O|  |TAMS 0x000000071de00000| PB 0x000000071de00000| Untracked |  0
| 240|0x000000071e000000, 0x000000071e200000, 0x000000071e200000|100%| O|  |TAMS 0x000000071e000000| PB 0x000000071e000000| Untracked |  0
| 241|0x000000071e200000, 0x000000071e400000, 0x000000071e400000|100%| O|  |TAMS 0x000000071e200000| PB 0x000000071e200000| Untracked |  0
| 242|0x000000071e400000, 0x000000071e600000, 0x000000071e600000|100%| O|Cm|TAMS 0x000000071e400000| PB 0x000000071e400000| Complete |  0
| 243|0x000000071e600000, 0x000000071e800000, 0x000000071e800000|100%| O|  |TAMS 0x000000071e600000| PB 0x000000071e600000| Untracked |  0
| 244|0x000000071e800000, 0x000000071ea00000, 0x000000071ea00000|100%| O|  |TAMS 0x000000071e800000| PB 0x000000071e800000| Untracked |  0
| 245|0x000000071ea00000, 0x000000071ec00000, 0x000000071ec00000|100%| O|  |TAMS 0x000000071ea00000| PB 0x000000071ea00000| Untracked |  0
| 246|0x000000071ec00000, 0x000000071ec00000, 0x000000071ee00000|  0%| F|  |TAMS 0x000000071ec00000| PB 0x000000071ec00000| Untracked |  0
| 247|0x000000071ee00000, 0x000000071f000000, 0x000000071f000000|100%| O|  |TAMS 0x000000071ee00000| PB 0x000000071ee00000| Untracked |  0
| 248|0x000000071f000000, 0x000000071f200000, 0x000000071f200000|100%| O|  |TAMS 0x000000071f000000| PB 0x000000071f000000| Untracked |  0
| 249|0x000000071f200000, 0x000000071f200000, 0x000000071f400000|  0%| F|  |TAMS 0x000000071f200000| PB 0x000000071f200000| Untracked |  0
| 250|0x000000071f400000, 0x000000071f400000, 0x000000071f600000|  0%| F|  |TAMS 0x000000071f400000| PB 0x000000071f400000| Untracked |  0
| 251|0x000000071f600000, 0x000000071f600000, 0x000000071f800000|  0%| F|  |TAMS 0x000000071f600000| PB 0x000000071f600000| Untracked |  0
| 252|0x000000071f800000, 0x000000071fa00000, 0x000000071fa00000|100%| O|  |TAMS 0x000000071f800000| PB 0x000000071f800000| Untracked |  0
| 253|0x000000071fa00000, 0x000000071fa00000, 0x000000071fc00000|  0%| F|  |TAMS 0x000000071fa00000| PB 0x000000071fa00000| Untracked |  0
| 254|0x000000071fc00000, 0x000000071fc00000, 0x000000071fe00000|  0%| F|  |TAMS 0x000000071fc00000| PB 0x000000071fc00000| Untracked |  0
| 255|0x000000071fe00000, 0x0000000720000000, 0x0000000720000000|100%| O|  |TAMS 0x000000071fe00000| PB 0x000000071fe00000| Untracked |  0
| 256|0x0000000720000000, 0x0000000720000000, 0x0000000720200000|  0%| F|  |TAMS 0x0000000720000000| PB 0x0000000720000000| Untracked |  0
| 257|0x0000000720200000, 0x0000000720200000, 0x0000000720400000|  0%| F|  |TAMS 0x0000000720200000| PB 0x0000000720200000| Untracked |  0
| 258|0x0000000720400000, 0x0000000720600000, 0x0000000720600000|100%| O|  |TAMS 0x0000000720400000| PB 0x0000000720400000| Untracked |  0
| 259|0x0000000720600000, 0x0000000720600000, 0x0000000720800000|  0%| F|  |TAMS 0x0000000720600000| PB 0x0000000720600000| Untracked |  0
| 260|0x0000000720800000, 0x0000000720a00000, 0x0000000720a00000|100%| O|  |TAMS 0x0000000720800000| PB 0x0000000720800000| Untracked |  0
| 261|0x0000000720a00000, 0x0000000720c00000, 0x0000000720c00000|100%| O|  |TAMS 0x0000000720a00000| PB 0x0000000720a00000| Untracked |  0
| 262|0x0000000720c00000, 0x0000000720c00000, 0x0000000720e00000|  0%| F|  |TAMS 0x0000000720c00000| PB 0x0000000720c00000| Untracked |  0
| 263|0x0000000720e00000, 0x0000000721000000, 0x0000000721000000|100%| O|  |TAMS 0x0000000720e00000| PB 0x0000000720e00000| Untracked |  0
| 264|0x0000000721000000, 0x0000000721200000, 0x0000000721200000|100%| O|  |TAMS 0x0000000721000000| PB 0x0000000721000000| Untracked |  0
| 265|0x0000000721200000, 0x0000000721400000, 0x0000000721400000|100%| O|  |TAMS 0x0000000721200000| PB 0x0000000721200000| Untracked |  0
| 266|0x0000000721400000, 0x0000000721600000, 0x0000000721600000|100%| O|  |TAMS 0x0000000721400000| PB 0x0000000721400000| Untracked |  0
| 267|0x0000000721600000, 0x0000000721800000, 0x0000000721800000|100%| O|  |TAMS 0x0000000721600000| PB 0x0000000721600000| Untracked |  0
| 268|0x0000000721800000, 0x0000000721a00000, 0x0000000721a00000|100%| O|  |TAMS 0x0000000721800000| PB 0x0000000721800000| Untracked |  0
| 269|0x0000000721a00000, 0x0000000721c00000, 0x0000000721c00000|100%| O|  |TAMS 0x0000000721a00000| PB 0x0000000721a00000| Untracked |  0
| 270|0x0000000721c00000, 0x0000000721e00000, 0x0000000721e00000|100%| O|  |TAMS 0x0000000721c00000| PB 0x0000000721c00000| Untracked |  0
| 271|0x0000000721e00000, 0x0000000722000000, 0x0000000722000000|100%| O|  |TAMS 0x0000000721e00000| PB 0x0000000721e00000| Untracked |  0
| 272|0x0000000722000000, 0x0000000722200000, 0x0000000722200000|100%| O|  |TAMS 0x0000000722000000| PB 0x0000000722000000| Untracked |  0
| 273|0x0000000722200000, 0x0000000722400000, 0x0000000722400000|100%| O|Cm|TAMS 0x0000000722200000| PB 0x0000000722200000| Complete |  0
| 274|0x0000000722400000, 0x0000000722600000, 0x0000000722600000|100%| O|Cm|TAMS 0x0000000722400000| PB 0x0000000722400000| Complete |  0
| 275|0x0000000722600000, 0x0000000722800000, 0x0000000722800000|100%| O|  |TAMS 0x0000000722600000| PB 0x0000000722600000| Untracked |  0
| 276|0x0000000722800000, 0x0000000722a00000, 0x0000000722a00000|100%| O|  |TAMS 0x0000000722800000| PB 0x0000000722800000| Untracked |  0
| 277|0x0000000722a00000, 0x0000000722c00000, 0x0000000722c00000|100%| O|  |TAMS 0x0000000722a00000| PB 0x0000000722a00000| Untracked |  0
| 278|0x0000000722c00000, 0x0000000722e00000, 0x0000000722e00000|100%| O|Cm|TAMS 0x0000000722c00000| PB 0x0000000722c00000| Complete |  0
| 279|0x0000000722e00000, 0x0000000723000000, 0x0000000723000000|100%| O|  |TAMS 0x0000000722e00000| PB 0x0000000722e00000| Untracked |  0
| 280|0x0000000723000000, 0x0000000723200000, 0x0000000723200000|100%| O|  |TAMS 0x0000000723000000| PB 0x0000000723000000| Untracked |  0
| 281|0x0000000723200000, 0x0000000723400000, 0x0000000723400000|100%| O|  |TAMS 0x0000000723200000| PB 0x0000000723200000| Untracked |  0
| 282|0x0000000723400000, 0x0000000723600000, 0x0000000723600000|100%| O|  |TAMS 0x0000000723400000| PB 0x0000000723400000| Untracked |  0
| 283|0x0000000723600000, 0x0000000723600000, 0x0000000723800000|  0%| F|  |TAMS 0x0000000723600000| PB 0x0000000723600000| Untracked |  0
| 284|0x0000000723800000, 0x0000000723a00000, 0x0000000723a00000|100%| O|Cm|TAMS 0x0000000723800000| PB 0x0000000723800000| Complete |  0
| 285|0x0000000723a00000, 0x0000000723c00000, 0x0000000723c00000|100%| O|  |TAMS 0x0000000723a00000| PB 0x0000000723a00000| Untracked |  0
| 286|0x0000000723c00000, 0x0000000723e00000, 0x0000000723e00000|100%| O|  |TAMS 0x0000000723c00000| PB 0x0000000723c00000| Untracked |  0
| 287|0x0000000723e00000, 0x0000000724000000, 0x0000000724000000|100%| O|  |TAMS 0x0000000723e00000| PB 0x0000000723e00000| Untracked |  0
| 288|0x0000000724000000, 0x0000000724200000, 0x0000000724200000|100%| O|Cm|TAMS 0x0000000724000000| PB 0x0000000724000000| Complete |  0
| 289|0x0000000724200000, 0x0000000724200000, 0x0000000724400000|  0%| F|  |TAMS 0x0000000724200000| PB 0x0000000724200000| Untracked |  0
| 290|0x0000000724400000, 0x0000000724600000, 0x0000000724600000|100%| O|  |TAMS 0x0000000724400000| PB 0x0000000724400000| Untracked |  0
| 291|0x0000000724600000, 0x0000000724600000, 0x0000000724800000|  0%| F|  |TAMS 0x0000000724600000| PB 0x0000000724600000| Untracked |  0
| 292|0x0000000724800000, 0x0000000724800000, 0x0000000724a00000|  0%| F|  |TAMS 0x0000000724800000| PB 0x0000000724800000| Untracked |  0
| 293|0x0000000724a00000, 0x0000000724a00000, 0x0000000724c00000|  0%| F|  |TAMS 0x0000000724a00000| PB 0x0000000724a00000| Untracked |  0
| 294|0x0000000724c00000, 0x0000000724c00000, 0x0000000724e00000|  0%| F|  |TAMS 0x0000000724c00000| PB 0x0000000724c00000| Untracked |  0
| 295|0x0000000724e00000, 0x0000000724e00000, 0x0000000725000000|  0%| F|  |TAMS 0x0000000724e00000| PB 0x0000000724e00000| Untracked |  0
| 296|0x0000000725000000, 0x0000000725000000, 0x0000000725200000|  0%| F|  |TAMS 0x0000000725000000| PB 0x0000000725000000| Untracked |  0
| 297|0x0000000725200000, 0x0000000725200000, 0x0000000725400000|  0%| F|  |TAMS 0x0000000725200000| PB 0x0000000725200000| Untracked |  0
| 298|0x0000000725400000, 0x0000000725400000, 0x0000000725600000|  0%| F|  |TAMS 0x0000000725400000| PB 0x0000000725400000| Untracked |  0
| 299|0x0000000725600000, 0x0000000725600000, 0x0000000725800000|  0%| F|  |TAMS 0x0000000725600000| PB 0x0000000725600000| Untracked |  0
| 300|0x0000000725800000, 0x0000000725800000, 0x0000000725a00000|  0%| F|  |TAMS 0x0000000725800000| PB 0x0000000725800000| Untracked |  0
| 301|0x0000000725a00000, 0x0000000725a00000, 0x0000000725c00000|  0%| F|  |TAMS 0x0000000725a00000| PB 0x0000000725a00000| Untracked |  0
| 302|0x0000000725c00000, 0x0000000725c00000, 0x0000000725e00000|  0%| F|  |TAMS 0x0000000725c00000| PB 0x0000000725c00000| Untracked |  0
| 303|0x0000000725e00000, 0x0000000726000000, 0x0000000726000000|100%| S|CS|TAMS 0x0000000725e00000| PB 0x0000000725e00000| Complete |  0
| 304|0x0000000726000000, 0x0000000726200000, 0x0000000726200000|100%| S|CS|TAMS 0x0000000726000000| PB 0x0000000726000000| Complete |  0
| 305|0x0000000726200000, 0x0000000726400000, 0x0000000726400000|100%| S|CS|TAMS 0x0000000726200000| PB 0x0000000726200000| Complete |  0
| 306|0x0000000726400000, 0x0000000726600000, 0x0000000726600000|100%| S|CS|TAMS 0x0000000726400000| PB 0x0000000726400000| Complete |  0
| 307|0x0000000726600000, 0x0000000726800000, 0x0000000726800000|100%| S|CS|TAMS 0x0000000726600000| PB 0x0000000726600000| Complete |  0
| 308|0x0000000726800000, 0x0000000726a00000, 0x0000000726a00000|100%| S|CS|TAMS 0x0000000726800000| PB 0x0000000726800000| Complete |  0
| 309|0x0000000726a00000, 0x0000000726c00000, 0x0000000726c00000|100%| S|CS|TAMS 0x0000000726a00000| PB 0x0000000726a00000| Complete |  0
| 310|0x0000000726c00000, 0x0000000726e00000, 0x0000000726e00000|100%| S|CS|TAMS 0x0000000726c00000| PB 0x0000000726c00000| Complete |  0
| 311|0x0000000726e00000, 0x0000000727000000, 0x0000000727000000|100%| S|CS|TAMS 0x0000000726e00000| PB 0x0000000726e00000| Complete |  0
| 312|0x0000000727000000, 0x0000000727200000, 0x0000000727200000|100%| S|CS|TAMS 0x0000000727000000| PB 0x0000000727000000| Complete |  0
| 313|0x0000000727200000, 0x0000000727400000, 0x0000000727400000|100%| S|CS|TAMS 0x0000000727200000| PB 0x0000000727200000| Complete |  0
| 314|0x0000000727400000, 0x0000000727600000, 0x0000000727600000|100%| S|CS|TAMS 0x0000000727400000| PB 0x0000000727400000| Complete |  0
| 315|0x0000000727600000, 0x0000000727800000, 0x0000000727800000|100%| S|CS|TAMS 0x0000000727600000| PB 0x0000000727600000| Complete |  0
| 316|0x0000000727800000, 0x0000000727a00000, 0x0000000727a00000|100%| S|CS|TAMS 0x0000000727800000| PB 0x0000000727800000| Complete |  0
| 317|0x0000000727a00000, 0x0000000727c00000, 0x0000000727c00000|100%| S|CS|TAMS 0x0000000727a00000| PB 0x0000000727a00000| Complete |  0
| 318|0x0000000727c00000, 0x0000000727e00000, 0x0000000727e00000|100%| S|CS|TAMS 0x0000000727c00000| PB 0x0000000727c00000| Complete |  0
| 319|0x0000000727e00000, 0x0000000728000000, 0x0000000728000000|100%| S|CS|TAMS 0x0000000727e00000| PB 0x0000000727e00000| Complete |  0
| 320|0x0000000728000000, 0x0000000728200000, 0x0000000728200000|100%| S|CS|TAMS 0x0000000728000000| PB 0x0000000728000000| Complete |  0
| 321|0x0000000728200000, 0x0000000728400000, 0x0000000728400000|100%| S|CS|TAMS 0x0000000728200000| PB 0x0000000728200000| Complete |  0
| 322|0x0000000728400000, 0x0000000728600000, 0x0000000728600000|100%| S|CS|TAMS 0x0000000728400000| PB 0x0000000728400000| Complete |  0
| 323|0x0000000728600000, 0x0000000728800000, 0x0000000728800000|100%| S|CS|TAMS 0x0000000728600000| PB 0x0000000728600000| Complete |  0
| 324|0x0000000728800000, 0x0000000728a00000, 0x0000000728a00000|100%| S|CS|TAMS 0x0000000728800000| PB 0x0000000728800000| Complete |  0
| 325|0x0000000728a00000, 0x0000000728c00000, 0x0000000728c00000|100%| S|CS|TAMS 0x0000000728a00000| PB 0x0000000728a00000| Complete |  0
| 326|0x0000000728c00000, 0x0000000728e00000, 0x0000000728e00000|100%| S|CS|TAMS 0x0000000728c00000| PB 0x0000000728c00000| Complete |  0
| 327|0x0000000728e00000, 0x0000000729000000, 0x0000000729000000|100%| S|CS|TAMS 0x0000000728e00000| PB 0x0000000728e00000| Complete |  0
| 328|0x0000000729000000, 0x0000000729200000, 0x0000000729200000|100%| S|CS|TAMS 0x0000000729000000| PB 0x0000000729000000| Complete |  0
| 329|0x0000000729200000, 0x0000000729400000, 0x0000000729400000|100%| S|CS|TAMS 0x0000000729200000| PB 0x0000000729200000| Complete |  0
| 330|0x0000000729400000, 0x0000000729600000, 0x0000000729600000|100%| S|CS|TAMS 0x0000000729400000| PB 0x0000000729400000| Complete |  0
| 331|0x0000000729600000, 0x0000000729800000, 0x0000000729800000|100%| S|CS|TAMS 0x0000000729600000| PB 0x0000000729600000| Complete |  0
| 332|0x0000000729800000, 0x0000000729a00000, 0x0000000729a00000|100%| S|CS|TAMS 0x0000000729800000| PB 0x0000000729800000| Complete |  0
| 333|0x0000000729a00000, 0x0000000729c00000, 0x0000000729c00000|100%| S|CS|TAMS 0x0000000729a00000| PB 0x0000000729a00000| Complete |  0
| 334|0x0000000729c00000, 0x0000000729e00000, 0x0000000729e00000|100%| S|CS|TAMS 0x0000000729c00000| PB 0x0000000729c00000| Complete |  0
| 335|0x0000000729e00000, 0x000000072a000000, 0x000000072a000000|100%| S|CS|TAMS 0x0000000729e00000| PB 0x0000000729e00000| Complete |  0
| 336|0x000000072a000000, 0x000000072a200000, 0x000000072a200000|100%| S|CS|TAMS 0x000000072a000000| PB 0x000000072a000000| Complete |  0
| 337|0x000000072a200000, 0x000000072a400000, 0x000000072a400000|100%| S|CS|TAMS 0x000000072a200000| PB 0x000000072a200000| Complete |  0
| 338|0x000000072a400000, 0x000000072a600000, 0x000000072a600000|100%| S|CS|TAMS 0x000000072a400000| PB 0x000000072a400000| Complete |  0
| 339|0x000000072a600000, 0x000000072a800000, 0x000000072a800000|100%| S|CS|TAMS 0x000000072a600000| PB 0x000000072a600000| Complete |  0
| 340|0x000000072a800000, 0x000000072aa00000, 0x000000072aa00000|100%| S|CS|TAMS 0x000000072a800000| PB 0x000000072a800000| Complete |  0
| 341|0x000000072aa00000, 0x000000072ac00000, 0x000000072ac00000|100%| S|CS|TAMS 0x000000072aa00000| PB 0x000000072aa00000| Complete |  0
| 342|0x000000072ac00000, 0x000000072ac00000, 0x000000072ae00000|  0%| F|  |TAMS 0x000000072ac00000| PB 0x000000072ac00000| Untracked |  0
| 343|0x000000072ae00000, 0x000000072ae00000, 0x000000072b000000|  0%| F|  |TAMS 0x000000072ae00000| PB 0x000000072ae00000| Untracked |  0
| 344|0x000000072b000000, 0x000000072b000000, 0x000000072b200000|  0%| F|  |TAMS 0x000000072b000000| PB 0x000000072b000000| Untracked |  0
| 345|0x000000072b200000, 0x000000072b200000, 0x000000072b400000|  0%| F|  |TAMS 0x000000072b200000| PB 0x000000072b200000| Untracked |  0
| 346|0x000000072b400000, 0x000000072b400000, 0x000000072b600000|  0%| F|  |TAMS 0x000000072b400000| PB 0x000000072b400000| Untracked |  0
| 347|0x000000072b600000, 0x000000072b600000, 0x000000072b800000|  0%| F|  |TAMS 0x000000072b600000| PB 0x000000072b600000| Untracked |  0
| 348|0x000000072b800000, 0x000000072b800000, 0x000000072ba00000|  0%| F|  |TAMS 0x000000072b800000| PB 0x000000072b800000| Untracked |  0
| 349|0x000000072ba00000, 0x000000072ba00000, 0x000000072bc00000|  0%| F|  |TAMS 0x000000072ba00000| PB 0x000000072ba00000| Untracked |  0
| 350|0x000000072bc00000, 0x000000072bc00000, 0x000000072be00000|  0%| F|  |TAMS 0x000000072bc00000| PB 0x000000072bc00000| Untracked |  0
| 351|0x000000072be00000, 0x000000072be00000, 0x000000072c000000|  0%| F|  |TAMS 0x000000072be00000| PB 0x000000072be00000| Untracked |  0
| 352|0x000000072c000000, 0x000000072c000000, 0x000000072c200000|  0%| F|  |TAMS 0x000000072c000000| PB 0x000000072c000000| Untracked |  0
| 353|0x000000072c200000, 0x000000072c200000, 0x000000072c400000|  0%| F|  |TAMS 0x000000072c200000| PB 0x000000072c200000| Untracked |  0
| 354|0x000000072c400000, 0x000000072c400000, 0x000000072c600000|  0%| F|  |TAMS 0x000000072c400000| PB 0x000000072c400000| Untracked |  0
| 355|0x000000072c600000, 0x000000072c600000, 0x000000072c800000|  0%| F|  |TAMS 0x000000072c600000| PB 0x000000072c600000| Untracked |  0
| 356|0x000000072c800000, 0x000000072c800000, 0x000000072ca00000|  0%| F|  |TAMS 0x000000072c800000| PB 0x000000072c800000| Untracked |  0
| 357|0x000000072ca00000, 0x000000072ca00000, 0x000000072cc00000|  0%| F|  |TAMS 0x000000072ca00000| PB 0x000000072ca00000| Untracked |  0
| 358|0x000000072cc00000, 0x000000072cc00000, 0x000000072ce00000|  0%| F|  |TAMS 0x000000072cc00000| PB 0x000000072cc00000| Untracked |  0
| 359|0x000000072ce00000, 0x000000072ce00000, 0x000000072d000000|  0%| F|  |TAMS 0x000000072ce00000| PB 0x000000072ce00000| Untracked |  0
| 360|0x000000072d000000, 0x000000072d000000, 0x000000072d200000|  0%| F|  |TAMS 0x000000072d000000| PB 0x000000072d000000| Untracked |  0
| 361|0x000000072d200000, 0x000000072d200000, 0x000000072d400000|  0%| F|  |TAMS 0x000000072d200000| PB 0x000000072d200000| Untracked |  0
| 362|0x000000072d400000, 0x000000072d400000, 0x000000072d600000|  0%| F|  |TAMS 0x000000072d400000| PB 0x000000072d400000| Untracked |  0
| 363|0x000000072d600000, 0x000000072d600000, 0x000000072d800000|  0%| F|  |TAMS 0x000000072d600000| PB 0x000000072d600000| Untracked |  0
| 364|0x000000072d800000, 0x000000072d800000, 0x000000072da00000|  0%| F|  |TAMS 0x000000072d800000| PB 0x000000072d800000| Untracked |  0
| 365|0x000000072da00000, 0x000000072da00000, 0x000000072dc00000|  0%| F|  |TAMS 0x000000072da00000| PB 0x000000072da00000| Untracked |  0
| 366|0x000000072dc00000, 0x000000072dc00000, 0x000000072de00000|  0%| F|  |TAMS 0x000000072dc00000| PB 0x000000072dc00000| Untracked |  0
| 367|0x000000072de00000, 0x000000072de00000, 0x000000072e000000|  0%| F|  |TAMS 0x000000072de00000| PB 0x000000072de00000| Untracked |  0
| 368|0x000000072e000000, 0x000000072e000000, 0x000000072e200000|  0%| F|  |TAMS 0x000000072e000000| PB 0x000000072e000000| Untracked |  0
| 369|0x000000072e200000, 0x000000072e200000, 0x000000072e400000|  0%| F|  |TAMS 0x000000072e200000| PB 0x000000072e200000| Untracked |  0
| 370|0x000000072e400000, 0x000000072e400000, 0x000000072e600000|  0%| F|  |TAMS 0x000000072e400000| PB 0x000000072e400000| Untracked |  0
| 371|0x000000072e600000, 0x000000072e600000, 0x000000072e800000|  0%| F|  |TAMS 0x000000072e600000| PB 0x000000072e600000| Untracked |  0
| 372|0x000000072e800000, 0x000000072e800000, 0x000000072ea00000|  0%| F|  |TAMS 0x000000072e800000| PB 0x000000072e800000| Untracked |  0
| 373|0x000000072ea00000, 0x000000072ea00000, 0x000000072ec00000|  0%| F|  |TAMS 0x000000072ea00000| PB 0x000000072ea00000| Untracked |  0
| 374|0x000000072ec00000, 0x000000072ec00000, 0x000000072ee00000|  0%| F|  |TAMS 0x000000072ec00000| PB 0x000000072ec00000| Untracked |  0
| 375|0x000000072ee00000, 0x000000072ee00000, 0x000000072f000000|  0%| F|  |TAMS 0x000000072ee00000| PB 0x000000072ee00000| Untracked |  0
| 376|0x000000072f000000, 0x000000072f000000, 0x000000072f200000|  0%| F|  |TAMS 0x000000072f000000| PB 0x000000072f000000| Untracked |  0
| 377|0x000000072f200000, 0x000000072f200000, 0x000000072f400000|  0%| F|  |TAMS 0x000000072f200000| PB 0x000000072f200000| Untracked |  0
| 378|0x000000072f400000, 0x000000072f400000, 0x000000072f600000|  0%| F|  |TAMS 0x000000072f400000| PB 0x000000072f400000| Untracked |  0
| 379|0x000000072f600000, 0x000000072f600000, 0x000000072f800000|  0%| F|  |TAMS 0x000000072f600000| PB 0x000000072f600000| Untracked |  0
| 380|0x000000072f800000, 0x000000072f800000, 0x000000072fa00000|  0%| F|  |TAMS 0x000000072f800000| PB 0x000000072f800000| Untracked |  0
| 381|0x000000072fa00000, 0x000000072fa00000, 0x000000072fc00000|  0%| F|  |TAMS 0x000000072fa00000| PB 0x000000072fa00000| Untracked |  0
| 382|0x000000072fc00000, 0x000000072fc00000, 0x000000072fe00000|  0%| F|  |TAMS 0x000000072fc00000| PB 0x000000072fc00000| Untracked |  0
| 383|0x000000072fe00000, 0x000000072fe00000, 0x0000000730000000|  0%| F|  |TAMS 0x000000072fe00000| PB 0x000000072fe00000| Untracked |  0
| 384|0x0000000730000000, 0x0000000730000000, 0x0000000730200000|  0%| F|  |TAMS 0x0000000730000000| PB 0x0000000730000000| Untracked |  0
| 385|0x0000000730200000, 0x0000000730200000, 0x0000000730400000|  0%| F|  |TAMS 0x0000000730200000| PB 0x0000000730200000| Untracked |  0
| 386|0x0000000730400000, 0x0000000730400000, 0x0000000730600000|  0%| F|  |TAMS 0x0000000730400000| PB 0x0000000730400000| Untracked |  0
| 387|0x0000000730600000, 0x0000000730600000, 0x0000000730800000|  0%| F|  |TAMS 0x0000000730600000| PB 0x0000000730600000| Untracked |  0
| 388|0x0000000730800000, 0x0000000730800000, 0x0000000730a00000|  0%| F|  |TAMS 0x0000000730800000| PB 0x0000000730800000| Untracked |  0
| 389|0x0000000730a00000, 0x0000000730a00000, 0x0000000730c00000|  0%| F|  |TAMS 0x0000000730a00000| PB 0x0000000730a00000| Untracked |  0
| 390|0x0000000730c00000, 0x0000000730c00000, 0x0000000730e00000|  0%| F|  |TAMS 0x0000000730c00000| PB 0x0000000730c00000| Untracked |  0
| 391|0x0000000730e00000, 0x0000000730e00000, 0x0000000731000000|  0%| F|  |TAMS 0x0000000730e00000| PB 0x0000000730e00000| Untracked |  0
| 392|0x0000000731000000, 0x0000000731000000, 0x0000000731200000|  0%| F|  |TAMS 0x0000000731000000| PB 0x0000000731000000| Untracked |  0
| 393|0x0000000731200000, 0x0000000731200000, 0x0000000731400000|  0%| F|  |TAMS 0x0000000731200000| PB 0x0000000731200000| Untracked |  0
| 394|0x0000000731400000, 0x0000000731400000, 0x0000000731600000|  0%| F|  |TAMS 0x0000000731400000| PB 0x0000000731400000| Untracked |  0
| 395|0x0000000731600000, 0x0000000731600000, 0x0000000731800000|  0%| F|  |TAMS 0x0000000731600000| PB 0x0000000731600000| Untracked |  0
| 396|0x0000000731800000, 0x0000000731800000, 0x0000000731a00000|  0%| F|  |TAMS 0x0000000731800000| PB 0x0000000731800000| Untracked |  0
| 397|0x0000000731a00000, 0x0000000731a00000, 0x0000000731c00000|  0%| F|  |TAMS 0x0000000731a00000| PB 0x0000000731a00000| Untracked |  0
| 398|0x0000000731c00000, 0x0000000731c00000, 0x0000000731e00000|  0%| F|  |TAMS 0x0000000731c00000| PB 0x0000000731c00000| Untracked |  0
| 399|0x0000000731e00000, 0x0000000731e00000, 0x0000000732000000|  0%| F|  |TAMS 0x0000000731e00000| PB 0x0000000731e00000| Untracked |  0
| 400|0x0000000732000000, 0x0000000732000000, 0x0000000732200000|  0%| F|  |TAMS 0x0000000732000000| PB 0x0000000732000000| Untracked |  0
| 401|0x0000000732200000, 0x0000000732200000, 0x0000000732400000|  0%| F|  |TAMS 0x0000000732200000| PB 0x0000000732200000| Untracked |  0
| 402|0x0000000732400000, 0x0000000732400000, 0x0000000732600000|  0%| F|  |TAMS 0x0000000732400000| PB 0x0000000732400000| Untracked |  0
| 403|0x0000000732600000, 0x0000000732600000, 0x0000000732800000|  0%| F|  |TAMS 0x0000000732600000| PB 0x0000000732600000| Untracked |  0
| 404|0x0000000732800000, 0x0000000732800000, 0x0000000732a00000|  0%| F|  |TAMS 0x0000000732800000| PB 0x0000000732800000| Untracked |  0
| 405|0x0000000732a00000, 0x0000000732a00000, 0x0000000732c00000|  0%| F|  |TAMS 0x0000000732a00000| PB 0x0000000732a00000| Untracked |  0
| 406|0x0000000732c00000, 0x0000000732c00000, 0x0000000732e00000|  0%| F|  |TAMS 0x0000000732c00000| PB 0x0000000732c00000| Untracked |  0
| 407|0x0000000732e00000, 0x0000000732e00000, 0x0000000733000000|  0%| F|  |TAMS 0x0000000732e00000| PB 0x0000000732e00000| Untracked |  0
| 408|0x0000000733000000, 0x0000000733000000, 0x0000000733200000|  0%| F|  |TAMS 0x0000000733000000| PB 0x0000000733000000| Untracked |  0
| 409|0x0000000733200000, 0x0000000733200000, 0x0000000733400000|  0%| F|  |TAMS 0x0000000733200000| PB 0x0000000733200000| Untracked |  0
| 410|0x0000000733400000, 0x0000000733400000, 0x0000000733600000|  0%| F|  |TAMS 0x0000000733400000| PB 0x0000000733400000| Untracked |  0
| 411|0x0000000733600000, 0x0000000733600000, 0x0000000733800000|  0%| F|  |TAMS 0x0000000733600000| PB 0x0000000733600000| Untracked |  0
| 412|0x0000000733800000, 0x0000000733800000, 0x0000000733a00000|  0%| F|  |TAMS 0x0000000733800000| PB 0x0000000733800000| Untracked |  0
| 413|0x0000000733a00000, 0x0000000733a00000, 0x0000000733c00000|  0%| F|  |TAMS 0x0000000733a00000| PB 0x0000000733a00000| Untracked |  0
| 414|0x0000000733c00000, 0x0000000733c00000, 0x0000000733e00000|  0%| F|  |TAMS 0x0000000733c00000| PB 0x0000000733c00000| Untracked |  0
| 415|0x0000000733e00000, 0x0000000733e00000, 0x0000000734000000|  0%| F|  |TAMS 0x0000000733e00000| PB 0x0000000733e00000| Untracked |  0
| 416|0x0000000734000000, 0x0000000734000000, 0x0000000734200000|  0%| F|  |TAMS 0x0000000734000000| PB 0x0000000734000000| Untracked |  0
| 417|0x0000000734200000, 0x0000000734200000, 0x0000000734400000|  0%| F|  |TAMS 0x0000000734200000| PB 0x0000000734200000| Untracked |  0
| 418|0x0000000734400000, 0x0000000734400000, 0x0000000734600000|  0%| F|  |TAMS 0x0000000734400000| PB 0x0000000734400000| Untracked |  0
| 419|0x0000000734600000, 0x0000000734600000, 0x0000000734800000|  0%| F|  |TAMS 0x0000000734600000| PB 0x0000000734600000| Untracked |  0
| 420|0x0000000734800000, 0x0000000734800000, 0x0000000734a00000|  0%| F|  |TAMS 0x0000000734800000| PB 0x0000000734800000| Untracked |  0
| 421|0x0000000734a00000, 0x0000000734a00000, 0x0000000734c00000|  0%| F|  |TAMS 0x0000000734a00000| PB 0x0000000734a00000| Untracked |  0
| 422|0x0000000734c00000, 0x0000000734c00000, 0x0000000734e00000|  0%| F|  |TAMS 0x0000000734c00000| PB 0x0000000734c00000| Untracked |  0
| 423|0x0000000734e00000, 0x0000000734e00000, 0x0000000735000000|  0%| F|  |TAMS 0x0000000734e00000| PB 0x0000000734e00000| Untracked |  0
| 424|0x0000000735000000, 0x0000000735000000, 0x0000000735200000|  0%| F|  |TAMS 0x0000000735000000| PB 0x0000000735000000| Untracked |  0
| 425|0x0000000735200000, 0x0000000735200000, 0x0000000735400000|  0%| F|  |TAMS 0x0000000735200000| PB 0x0000000735200000| Untracked |  0
| 426|0x0000000735400000, 0x0000000735400000, 0x0000000735600000|  0%| F|  |TAMS 0x0000000735400000| PB 0x0000000735400000| Untracked |  0
| 427|0x0000000735600000, 0x0000000735600000, 0x0000000735800000|  0%| F|  |TAMS 0x0000000735600000| PB 0x0000000735600000| Untracked |  0
| 428|0x0000000735800000, 0x0000000735800000, 0x0000000735a00000|  0%| F|  |TAMS 0x0000000735800000| PB 0x0000000735800000| Untracked |  0
| 429|0x0000000735a00000, 0x0000000735a00000, 0x0000000735c00000|  0%| F|  |TAMS 0x0000000735a00000| PB 0x0000000735a00000| Untracked |  0
| 430|0x0000000735c00000, 0x0000000735c00000, 0x0000000735e00000|  0%| F|  |TAMS 0x0000000735c00000| PB 0x0000000735c00000| Untracked |  0
| 431|0x0000000735e00000, 0x0000000735e00000, 0x0000000736000000|  0%| F|  |TAMS 0x0000000735e00000| PB 0x0000000735e00000| Untracked |  0
| 432|0x0000000736000000, 0x0000000736000000, 0x0000000736200000|  0%| F|  |TAMS 0x0000000736000000| PB 0x0000000736000000| Untracked |  0
| 433|0x0000000736200000, 0x0000000736200000, 0x0000000736400000|  0%| F|  |TAMS 0x0000000736200000| PB 0x0000000736200000| Untracked |  0
| 434|0x0000000736400000, 0x0000000736400000, 0x0000000736600000|  0%| F|  |TAMS 0x0000000736400000| PB 0x0000000736400000| Untracked |  0
| 435|0x0000000736600000, 0x0000000736600000, 0x0000000736800000|  0%| F|  |TAMS 0x0000000736600000| PB 0x0000000736600000| Untracked |  0
| 436|0x0000000736800000, 0x0000000736800000, 0x0000000736a00000|  0%| F|  |TAMS 0x0000000736800000| PB 0x0000000736800000| Untracked |  0
| 437|0x0000000736a00000, 0x0000000736a00000, 0x0000000736c00000|  0%| F|  |TAMS 0x0000000736a00000| PB 0x0000000736a00000| Untracked |  0
| 438|0x0000000736c00000, 0x0000000736c00000, 0x0000000736e00000|  0%| F|  |TAMS 0x0000000736c00000| PB 0x0000000736c00000| Untracked |  0
| 439|0x0000000736e00000, 0x0000000736e00000, 0x0000000737000000|  0%| F|  |TAMS 0x0000000736e00000| PB 0x0000000736e00000| Untracked |  0
| 440|0x0000000737000000, 0x0000000737000000, 0x0000000737200000|  0%| F|  |TAMS 0x0000000737000000| PB 0x0000000737000000| Untracked |  0
| 441|0x0000000737200000, 0x0000000737200000, 0x0000000737400000|  0%| F|  |TAMS 0x0000000737200000| PB 0x0000000737200000| Untracked |  0
| 442|0x0000000737400000, 0x0000000737400000, 0x0000000737600000|  0%| F|  |TAMS 0x0000000737400000| PB 0x0000000737400000| Untracked |  0
| 443|0x0000000737600000, 0x0000000737600000, 0x0000000737800000|  0%| F|  |TAMS 0x0000000737600000| PB 0x0000000737600000| Untracked |  0
| 444|0x0000000737800000, 0x0000000737800000, 0x0000000737a00000|  0%| F|  |TAMS 0x0000000737800000| PB 0x0000000737800000| Untracked |  0
| 445|0x0000000737a00000, 0x0000000737a00000, 0x0000000737c00000|  0%| F|  |TAMS 0x0000000737a00000| PB 0x0000000737a00000| Untracked |  0
| 446|0x0000000737c00000, 0x0000000737c00000, 0x0000000737e00000|  0%| F|  |TAMS 0x0000000737c00000| PB 0x0000000737c00000| Untracked |  0
| 447|0x0000000737e00000, 0x0000000737e00000, 0x0000000738000000|  0%| F|  |TAMS 0x0000000737e00000| PB 0x0000000737e00000| Untracked |  0
| 448|0x0000000738000000, 0x0000000738000000, 0x0000000738200000|  0%| F|  |TAMS 0x0000000738000000| PB 0x0000000738000000| Untracked |  0
| 449|0x0000000738200000, 0x0000000738200000, 0x0000000738400000|  0%| F|  |TAMS 0x0000000738200000| PB 0x0000000738200000| Untracked |  0
| 450|0x0000000738400000, 0x0000000738400000, 0x0000000738600000|  0%| F|  |TAMS 0x0000000738400000| PB 0x0000000738400000| Untracked |  0
| 451|0x0000000738600000, 0x0000000738600000, 0x0000000738800000|  0%| F|  |TAMS 0x0000000738600000| PB 0x0000000738600000| Untracked |  0
| 452|0x0000000738800000, 0x0000000738800000, 0x0000000738a00000|  0%| F|  |TAMS 0x0000000738800000| PB 0x0000000738800000| Untracked |  0
| 453|0x0000000738a00000, 0x0000000738a00000, 0x0000000738c00000|  0%| F|  |TAMS 0x0000000738a00000| PB 0x0000000738a00000| Untracked |  0
| 454|0x0000000738c00000, 0x0000000738c00000, 0x0000000738e00000|  0%| F|  |TAMS 0x0000000738c00000| PB 0x0000000738c00000| Untracked |  0
| 455|0x0000000738e00000, 0x0000000738e00000, 0x0000000739000000|  0%| F|  |TAMS 0x0000000738e00000| PB 0x0000000738e00000| Untracked |  0
| 456|0x0000000739000000, 0x0000000739000000, 0x0000000739200000|  0%| F|  |TAMS 0x0000000739000000| PB 0x0000000739000000| Untracked |  0
| 457|0x0000000739200000, 0x0000000739200000, 0x0000000739400000|  0%| F|  |TAMS 0x0000000739200000| PB 0x0000000739200000| Untracked |  0
| 458|0x0000000739400000, 0x0000000739400000, 0x0000000739600000|  0%| F|  |TAMS 0x0000000739400000| PB 0x0000000739400000| Untracked |  0
| 459|0x0000000739600000, 0x0000000739600000, 0x0000000739800000|  0%| F|  |TAMS 0x0000000739600000| PB 0x0000000739600000| Untracked |  0
| 460|0x0000000739800000, 0x0000000739800000, 0x0000000739a00000|  0%| F|  |TAMS 0x0000000739800000| PB 0x0000000739800000| Untracked |  0
| 461|0x0000000739a00000, 0x0000000739a00000, 0x0000000739c00000|  0%| F|  |TAMS 0x0000000739a00000| PB 0x0000000739a00000| Untracked |  0
| 462|0x0000000739c00000, 0x0000000739c00000, 0x0000000739e00000|  0%| F|  |TAMS 0x0000000739c00000| PB 0x0000000739c00000| Untracked |  0
| 463|0x0000000739e00000, 0x0000000739e00000, 0x000000073a000000|  0%| F|  |TAMS 0x0000000739e00000| PB 0x0000000739e00000| Untracked |  0
| 464|0x000000073a000000, 0x000000073a000000, 0x000000073a200000|  0%| F|  |TAMS 0x000000073a000000| PB 0x000000073a000000| Untracked |  0
| 465|0x000000073a200000, 0x000000073a200000, 0x000000073a400000|  0%| F|  |TAMS 0x000000073a200000| PB 0x000000073a200000| Untracked |  0
| 466|0x000000073a400000, 0x000000073a400000, 0x000000073a600000|  0%| F|  |TAMS 0x000000073a400000| PB 0x000000073a400000| Untracked |  0
| 467|0x000000073a600000, 0x000000073a600000, 0x000000073a800000|  0%| F|  |TAMS 0x000000073a600000| PB 0x000000073a600000| Untracked |  0
| 468|0x000000073a800000, 0x000000073a800000, 0x000000073aa00000|  0%| F|  |TAMS 0x000000073a800000| PB 0x000000073a800000| Untracked |  0
| 469|0x000000073aa00000, 0x000000073aa00000, 0x000000073ac00000|  0%| F|  |TAMS 0x000000073aa00000| PB 0x000000073aa00000| Untracked |  0
| 470|0x000000073ac00000, 0x000000073ac00000, 0x000000073ae00000|  0%| F|  |TAMS 0x000000073ac00000| PB 0x000000073ac00000| Untracked |  0
| 471|0x000000073ae00000, 0x000000073ae00000, 0x000000073b000000|  0%| F|  |TAMS 0x000000073ae00000| PB 0x000000073ae00000| Untracked |  0
| 472|0x000000073b000000, 0x000000073b000000, 0x000000073b200000|  0%| F|  |TAMS 0x000000073b000000| PB 0x000000073b000000| Untracked |  0
| 473|0x000000073b200000, 0x000000073b200000, 0x000000073b400000|  0%| F|  |TAMS 0x000000073b200000| PB 0x000000073b200000| Untracked |  0
| 474|0x000000073b400000, 0x000000073b400000, 0x000000073b600000|  0%| F|  |TAMS 0x000000073b400000| PB 0x000000073b400000| Untracked |  0
| 475|0x000000073b600000, 0x000000073b600000, 0x000000073b800000|  0%| F|  |TAMS 0x000000073b600000| PB 0x000000073b600000| Untracked |  0
| 476|0x000000073b800000, 0x000000073b800000, 0x000000073ba00000|  0%| F|  |TAMS 0x000000073b800000| PB 0x000000073b800000| Untracked |  0
| 477|0x000000073ba00000, 0x000000073ba00000, 0x000000073bc00000|  0%| F|  |TAMS 0x000000073ba00000| PB 0x000000073ba00000| Untracked |  0
| 478|0x000000073bc00000, 0x000000073bc00000, 0x000000073be00000|  0%| F|  |TAMS 0x000000073bc00000| PB 0x000000073bc00000| Untracked |  0
| 479|0x000000073be00000, 0x000000073be00000, 0x000000073c000000|  0%| F|  |TAMS 0x000000073be00000| PB 0x000000073be00000| Untracked |  0
| 480|0x000000073c000000, 0x000000073c000000, 0x000000073c200000|  0%| F|  |TAMS 0x000000073c000000| PB 0x000000073c000000| Untracked |  0
| 481|0x000000073c200000, 0x000000073c200000, 0x000000073c400000|  0%| F|  |TAMS 0x000000073c200000| PB 0x000000073c200000| Untracked |  0
| 482|0x000000073c400000, 0x000000073c400000, 0x000000073c600000|  0%| F|  |TAMS 0x000000073c400000| PB 0x000000073c400000| Untracked |  0
| 483|0x000000073c600000, 0x000000073c600000, 0x000000073c800000|  0%| F|  |TAMS 0x000000073c600000| PB 0x000000073c600000| Untracked |  0
| 484|0x000000073c800000, 0x000000073c800000, 0x000000073ca00000|  0%| F|  |TAMS 0x000000073c800000| PB 0x000000073c800000| Untracked |  0
| 485|0x000000073ca00000, 0x000000073ca00000, 0x000000073cc00000|  0%| F|  |TAMS 0x000000073ca00000| PB 0x000000073ca00000| Untracked |  0
| 486|0x000000073cc00000, 0x000000073cc375d8, 0x000000073ce00000| 10%| E|  |TAMS 0x000000073cc00000| PB 0x000000073cc00000| Complete |  0
| 487|0x000000073ce00000, 0x000000073d000000, 0x000000073d000000|100%| E|CS|TAMS 0x000000073ce00000| PB 0x000000073ce00000| Complete |  0
| 488|0x000000073d000000, 0x000000073d200000, 0x000000073d200000|100%| E|CS|TAMS 0x000000073d000000| PB 0x000000073d000000| Complete |  0
| 489|0x000000073d200000, 0x000000073d400000, 0x000000073d400000|100%| E|CS|TAMS 0x000000073d200000| PB 0x000000073d200000| Complete |  0
| 490|0x000000073d400000, 0x000000073d600000, 0x000000073d600000|100%| E|CS|TAMS 0x000000073d400000| PB 0x000000073d400000| Complete |  0
| 491|0x000000073d600000, 0x000000073d800000, 0x000000073d800000|100%| E|CS|TAMS 0x000000073d600000| PB 0x000000073d600000| Complete |  0
| 492|0x000000073d800000, 0x000000073da00000, 0x000000073da00000|100%| E|CS|TAMS 0x000000073d800000| PB 0x000000073d800000| Complete |  0
| 493|0x000000073da00000, 0x000000073dc00000, 0x000000073dc00000|100%| E|CS|TAMS 0x000000073da00000| PB 0x000000073da00000| Complete |  0
| 494|0x000000073dc00000, 0x000000073de00000, 0x000000073de00000|100%| E|CS|TAMS 0x000000073dc00000| PB 0x000000073dc00000| Complete |  0
| 495|0x000000073de00000, 0x000000073e000000, 0x000000073e000000|100%| E|CS|TAMS 0x000000073de00000| PB 0x000000073de00000| Complete |  0
| 496|0x000000073e000000, 0x000000073e200000, 0x000000073e200000|100%| E|CS|TAMS 0x000000073e000000| PB 0x000000073e000000| Complete |  0
| 497|0x000000073e200000, 0x000000073e400000, 0x000000073e400000|100%| E|CS|TAMS 0x000000073e200000| PB 0x000000073e200000| Complete |  0
| 498|0x000000073e400000, 0x000000073e600000, 0x000000073e600000|100%| E|CS|TAMS 0x000000073e400000| PB 0x000000073e400000| Complete |  0
| 499|0x000000073e600000, 0x000000073e800000, 0x000000073e800000|100%| E|CS|TAMS 0x000000073e600000| PB 0x000000073e600000| Complete |  0
| 500|0x000000073e800000, 0x000000073ea00000, 0x000000073ea00000|100%| E|CS|TAMS 0x000000073e800000| PB 0x000000073e800000| Complete |  0
| 501|0x000000073ea00000, 0x000000073ec00000, 0x000000073ec00000|100%| E|CS|TAMS 0x000000073ea00000| PB 0x000000073ea00000| Complete |  0
| 502|0x000000073ec00000, 0x000000073ee00000, 0x000000073ee00000|100%| E|CS|TAMS 0x000000073ec00000| PB 0x000000073ec00000| Complete |  0
| 503|0x000000073ee00000, 0x000000073f000000, 0x000000073f000000|100%| E|CS|TAMS 0x000000073ee00000| PB 0x000000073ee00000| Complete |  0
| 504|0x000000073f000000, 0x000000073f200000, 0x000000073f200000|100%| E|CS|TAMS 0x000000073f000000| PB 0x000000073f000000| Complete |  0
| 505|0x000000073f200000, 0x000000073f400000, 0x000000073f400000|100%| E|CS|TAMS 0x000000073f200000| PB 0x000000073f200000| Complete |  0
| 506|0x000000073f400000, 0x000000073f600000, 0x000000073f600000|100%| E|CS|TAMS 0x000000073f400000| PB 0x000000073f400000| Complete |  0
| 507|0x000000073f600000, 0x000000073f800000, 0x000000073f800000|100%| E|CS|TAMS 0x000000073f600000| PB 0x000000073f600000| Complete |  0
| 508|0x000000073f800000, 0x000000073fa00000, 0x000000073fa00000|100%| E|CS|TAMS 0x000000073f800000| PB 0x000000073f800000| Complete |  0
| 509|0x000000073fa00000, 0x000000073fc00000, 0x000000073fc00000|100%| E|CS|TAMS 0x000000073fa00000| PB 0x000000073fa00000| Complete |  0
| 510|0x000000073fc00000, 0x000000073fe00000, 0x000000073fe00000|100%| E|CS|TAMS 0x000000073fc00000| PB 0x000000073fc00000| Complete |  0
| 511|0x000000073fe00000, 0x0000000740000000, 0x0000000740000000|100%| E|CS|TAMS 0x000000073fe00000| PB 0x000000073fe00000| Complete |  0
| 512|0x0000000740000000, 0x0000000740200000, 0x0000000740200000|100%| E|CS|TAMS 0x0000000740000000| PB 0x0000000740000000| Complete |  0
| 513|0x0000000740200000, 0x0000000740400000, 0x0000000740400000|100%| E|CS|TAMS 0x0000000740200000| PB 0x0000000740200000| Complete |  0
| 514|0x0000000740400000, 0x0000000740600000, 0x0000000740600000|100%| E|CS|TAMS 0x0000000740400000| PB 0x0000000740400000| Complete |  0
| 515|0x0000000740600000, 0x0000000740800000, 0x0000000740800000|100%| E|CS|TAMS 0x0000000740600000| PB 0x0000000740600000| Complete |  0
| 516|0x0000000740800000, 0x0000000740a00000, 0x0000000740a00000|100%| E|CS|TAMS 0x0000000740800000| PB 0x0000000740800000| Complete |  0
| 517|0x0000000740a00000, 0x0000000740c00000, 0x0000000740c00000|100%| E|CS|TAMS 0x0000000740a00000| PB 0x0000000740a00000| Complete |  0
| 518|0x0000000740c00000, 0x0000000740e00000, 0x0000000740e00000|100%| E|CS|TAMS 0x0000000740c00000| PB 0x0000000740c00000| Complete |  0
| 519|0x0000000740e00000, 0x0000000741000000, 0x0000000741000000|100%| E|CS|TAMS 0x0000000740e00000| PB 0x0000000740e00000| Complete |  0
| 520|0x0000000741000000, 0x0000000741200000, 0x0000000741200000|100%| E|CS|TAMS 0x0000000741000000| PB 0x0000000741000000| Complete |  0
| 521|0x0000000741200000, 0x0000000741400000, 0x0000000741400000|100%| E|CS|TAMS 0x0000000741200000| PB 0x0000000741200000| Complete |  0
| 522|0x0000000741400000, 0x0000000741600000, 0x0000000741600000|100%| E|CS|TAMS 0x0000000741400000| PB 0x0000000741400000| Complete |  0
| 523|0x0000000741600000, 0x0000000741800000, 0x0000000741800000|100%| E|CS|TAMS 0x0000000741600000| PB 0x0000000741600000| Complete |  0
| 524|0x0000000741800000, 0x0000000741a00000, 0x0000000741a00000|100%| E|CS|TAMS 0x0000000741800000| PB 0x0000000741800000| Complete |  0
| 525|0x0000000741a00000, 0x0000000741c00000, 0x0000000741c00000|100%| E|CS|TAMS 0x0000000741a00000| PB 0x0000000741a00000| Complete |  0
| 526|0x0000000741c00000, 0x0000000741e00000, 0x0000000741e00000|100%| E|CS|TAMS 0x0000000741c00000| PB 0x0000000741c00000| Complete |  0
| 527|0x0000000741e00000, 0x0000000742000000, 0x0000000742000000|100%| E|CS|TAMS 0x0000000741e00000| PB 0x0000000741e00000| Complete |  0
| 528|0x0000000742000000, 0x0000000742200000, 0x0000000742200000|100%| E|CS|TAMS 0x0000000742000000| PB 0x0000000742000000| Complete |  0
| 529|0x0000000742200000, 0x0000000742400000, 0x0000000742400000|100%| E|CS|TAMS 0x0000000742200000| PB 0x0000000742200000| Complete |  0
| 530|0x0000000742400000, 0x0000000742600000, 0x0000000742600000|100%| E|CS|TAMS 0x0000000742400000| PB 0x0000000742400000| Complete |  0
| 531|0x0000000742600000, 0x0000000742800000, 0x0000000742800000|100%| E|CS|TAMS 0x0000000742600000| PB 0x0000000742600000| Complete |  0
| 532|0x0000000742800000, 0x0000000742a00000, 0x0000000742a00000|100%| E|CS|TAMS 0x0000000742800000| PB 0x0000000742800000| Complete |  0
| 533|0x0000000742a00000, 0x0000000742c00000, 0x0000000742c00000|100%| E|CS|TAMS 0x0000000742a00000| PB 0x0000000742a00000| Complete |  0
| 534|0x0000000742c00000, 0x0000000742e00000, 0x0000000742e00000|100%| E|CS|TAMS 0x0000000742c00000| PB 0x0000000742c00000| Complete |  0
| 535|0x0000000742e00000, 0x0000000743000000, 0x0000000743000000|100%| E|CS|TAMS 0x0000000742e00000| PB 0x0000000742e00000| Complete |  0
| 536|0x0000000743000000, 0x0000000743200000, 0x0000000743200000|100%| E|CS|TAMS 0x0000000743000000| PB 0x0000000743000000| Complete |  0
| 537|0x0000000743200000, 0x0000000743400000, 0x0000000743400000|100%| E|CS|TAMS 0x0000000743200000| PB 0x0000000743200000| Complete |  0
| 538|0x0000000743400000, 0x0000000743600000, 0x0000000743600000|100%| E|CS|TAMS 0x0000000743400000| PB 0x0000000743400000| Complete |  0
| 539|0x0000000743600000, 0x0000000743800000, 0x0000000743800000|100%| E|CS|TAMS 0x0000000743600000| PB 0x0000000743600000| Complete |  0
| 540|0x0000000743800000, 0x0000000743a00000, 0x0000000743a00000|100%| E|CS|TAMS 0x0000000743800000| PB 0x0000000743800000| Complete |  0
| 541|0x0000000743a00000, 0x0000000743c00000, 0x0000000743c00000|100%| E|CS|TAMS 0x0000000743a00000| PB 0x0000000743a00000| Complete |  0
| 542|0x0000000743c00000, 0x0000000743e00000, 0x0000000743e00000|100%| E|CS|TAMS 0x0000000743c00000| PB 0x0000000743c00000| Complete |  0
| 543|0x0000000743e00000, 0x0000000744000000, 0x0000000744000000|100%| E|CS|TAMS 0x0000000743e00000| PB 0x0000000743e00000| Complete |  0
| 544|0x0000000744000000, 0x0000000744200000, 0x0000000744200000|100%| E|CS|TAMS 0x0000000744000000| PB 0x0000000744000000| Complete |  0
| 545|0x0000000744200000, 0x0000000744400000, 0x0000000744400000|100%| E|CS|TAMS 0x0000000744200000| PB 0x0000000744200000| Complete |  0
| 546|0x0000000744400000, 0x0000000744600000, 0x0000000744600000|100%| E|CS|TAMS 0x0000000744400000| PB 0x0000000744400000| Complete |  0
| 547|0x0000000744600000, 0x0000000744800000, 0x0000000744800000|100%| E|CS|TAMS 0x0000000744600000| PB 0x0000000744600000| Complete |  0
| 548|0x0000000744800000, 0x0000000744a00000, 0x0000000744a00000|100%| E|CS|TAMS 0x0000000744800000| PB 0x0000000744800000| Complete |  0
| 549|0x0000000744a00000, 0x0000000744c00000, 0x0000000744c00000|100%| E|CS|TAMS 0x0000000744a00000| PB 0x0000000744a00000| Complete |  0
| 550|0x0000000744c00000, 0x0000000744e00000, 0x0000000744e00000|100%| E|CS|TAMS 0x0000000744c00000| PB 0x0000000744c00000| Complete |  0
| 551|0x0000000744e00000, 0x0000000745000000, 0x0000000745000000|100%| E|CS|TAMS 0x0000000744e00000| PB 0x0000000744e00000| Complete |  0
| 552|0x0000000745000000, 0x0000000745200000, 0x0000000745200000|100%| E|CS|TAMS 0x0000000745000000| PB 0x0000000745000000| Complete |  0
| 553|0x0000000745200000, 0x0000000745400000, 0x0000000745400000|100%| E|CS|TAMS 0x0000000745200000| PB 0x0000000745200000| Complete |  0
| 554|0x0000000745400000, 0x0000000745600000, 0x0000000745600000|100%| E|CS|TAMS 0x0000000745400000| PB 0x0000000745400000| Complete |  0
| 555|0x0000000745600000, 0x0000000745800000, 0x0000000745800000|100%| E|CS|TAMS 0x0000000745600000| PB 0x0000000745600000| Complete |  0
| 556|0x0000000745800000, 0x0000000745a00000, 0x0000000745a00000|100%| E|CS|TAMS 0x0000000745800000| PB 0x0000000745800000| Complete |  0
| 557|0x0000000745a00000, 0x0000000745c00000, 0x0000000745c00000|100%| E|CS|TAMS 0x0000000745a00000| PB 0x0000000745a00000| Complete |  0
| 558|0x0000000745c00000, 0x0000000745e00000, 0x0000000745e00000|100%| E|CS|TAMS 0x0000000745c00000| PB 0x0000000745c00000| Complete |  0
| 559|0x0000000745e00000, 0x0000000746000000, 0x0000000746000000|100%| E|CS|TAMS 0x0000000745e00000| PB 0x0000000745e00000| Complete |  0
| 560|0x0000000746000000, 0x0000000746200000, 0x0000000746200000|100%| E|CS|TAMS 0x0000000746000000| PB 0x0000000746000000| Complete |  0
| 561|0x0000000746200000, 0x0000000746400000, 0x0000000746400000|100%| E|CS|TAMS 0x0000000746200000| PB 0x0000000746200000| Complete |  0
| 562|0x0000000746400000, 0x0000000746600000, 0x0000000746600000|100%| E|CS|TAMS 0x0000000746400000| PB 0x0000000746400000| Complete |  0
| 563|0x0000000746600000, 0x0000000746800000, 0x0000000746800000|100%| E|CS|TAMS 0x0000000746600000| PB 0x0000000746600000| Complete |  0
| 564|0x0000000746800000, 0x0000000746a00000, 0x0000000746a00000|100%| E|CS|TAMS 0x0000000746800000| PB 0x0000000746800000| Complete |  0
| 565|0x0000000746a00000, 0x0000000746c00000, 0x0000000746c00000|100%| E|CS|TAMS 0x0000000746a00000| PB 0x0000000746a00000| Complete |  0
| 566|0x0000000746c00000, 0x0000000746e00000, 0x0000000746e00000|100%| E|CS|TAMS 0x0000000746c00000| PB 0x0000000746c00000| Complete |  0
| 567|0x0000000746e00000, 0x0000000747000000, 0x0000000747000000|100%| E|CS|TAMS 0x0000000746e00000| PB 0x0000000746e00000| Complete |  0
| 568|0x0000000747000000, 0x0000000747200000, 0x0000000747200000|100%| E|CS|TAMS 0x0000000747000000| PB 0x0000000747000000| Complete |  0
| 569|0x0000000747200000, 0x0000000747400000, 0x0000000747400000|100%| E|CS|TAMS 0x0000000747200000| PB 0x0000000747200000| Complete |  0
| 570|0x0000000747400000, 0x0000000747600000, 0x0000000747600000|100%| E|CS|TAMS 0x0000000747400000| PB 0x0000000747400000| Complete |  0
| 571|0x0000000747600000, 0x0000000747800000, 0x0000000747800000|100%| E|CS|TAMS 0x0000000747600000| PB 0x0000000747600000| Complete |  0
| 572|0x0000000747800000, 0x0000000747a00000, 0x0000000747a00000|100%| E|CS|TAMS 0x0000000747800000| PB 0x0000000747800000| Complete |  0
| 573|0x0000000747a00000, 0x0000000747c00000, 0x0000000747c00000|100%| E|CS|TAMS 0x0000000747a00000| PB 0x0000000747a00000| Complete |  0
| 574|0x0000000747c00000, 0x0000000747e00000, 0x0000000747e00000|100%| E|CS|TAMS 0x0000000747c00000| PB 0x0000000747c00000| Complete |  0
| 575|0x0000000747e00000, 0x0000000748000000, 0x0000000748000000|100%| E|CS|TAMS 0x0000000747e00000| PB 0x0000000747e00000| Complete |  0
| 576|0x0000000748000000, 0x0000000748200000, 0x0000000748200000|100%| E|CS|TAMS 0x0000000748000000| PB 0x0000000748000000| Complete |  0
| 577|0x0000000748200000, 0x0000000748400000, 0x0000000748400000|100%| E|CS|TAMS 0x0000000748200000| PB 0x0000000748200000| Complete |  0
| 578|0x0000000748400000, 0x0000000748600000, 0x0000000748600000|100%| E|CS|TAMS 0x0000000748400000| PB 0x0000000748400000| Complete |  0
| 579|0x0000000748600000, 0x0000000748800000, 0x0000000748800000|100%| E|CS|TAMS 0x0000000748600000| PB 0x0000000748600000| Complete |  0
| 580|0x0000000748800000, 0x0000000748a00000, 0x0000000748a00000|100%| E|CS|TAMS 0x0000000748800000| PB 0x0000000748800000| Complete |  0
| 581|0x0000000748a00000, 0x0000000748c00000, 0x0000000748c00000|100%| E|CS|TAMS 0x0000000748a00000| PB 0x0000000748a00000| Complete |  0
| 582|0x0000000748c00000, 0x0000000748e00000, 0x0000000748e00000|100%| E|CS|TAMS 0x0000000748c00000| PB 0x0000000748c00000| Complete |  0
| 583|0x0000000748e00000, 0x0000000749000000, 0x0000000749000000|100%| E|CS|TAMS 0x0000000748e00000| PB 0x0000000748e00000| Complete |  0
| 584|0x0000000749000000, 0x0000000749200000, 0x0000000749200000|100%| E|CS|TAMS 0x0000000749000000| PB 0x0000000749000000| Complete |  0
| 585|0x0000000749200000, 0x0000000749400000, 0x0000000749400000|100%| E|CS|TAMS 0x0000000749200000| PB 0x0000000749200000| Complete |  0
| 586|0x0000000749400000, 0x0000000749600000, 0x0000000749600000|100%| E|CS|TAMS 0x0000000749400000| PB 0x0000000749400000| Complete |  0
| 587|0x0000000749600000, 0x0000000749800000, 0x0000000749800000|100%| E|CS|TAMS 0x0000000749600000| PB 0x0000000749600000| Complete |  0
| 588|0x0000000749800000, 0x0000000749a00000, 0x0000000749a00000|100%| E|CS|TAMS 0x0000000749800000| PB 0x0000000749800000| Complete |  0
| 589|0x0000000749a00000, 0x0000000749c00000, 0x0000000749c00000|100%| E|CS|TAMS 0x0000000749a00000| PB 0x0000000749a00000| Complete |  0
| 590|0x0000000749c00000, 0x0000000749e00000, 0x0000000749e00000|100%| E|CS|TAMS 0x0000000749c00000| PB 0x0000000749c00000| Complete |  0
| 591|0x0000000749e00000, 0x000000074a000000, 0x000000074a000000|100%| E|CS|TAMS 0x0000000749e00000| PB 0x0000000749e00000| Complete |  0
| 592|0x000000074a000000, 0x000000074a200000, 0x000000074a200000|100%| E|CS|TAMS 0x000000074a000000| PB 0x000000074a000000| Complete |  0
| 593|0x000000074a200000, 0x000000074a400000, 0x000000074a400000|100%| E|CS|TAMS 0x000000074a200000| PB 0x000000074a200000| Complete |  0
| 594|0x000000074a400000, 0x000000074a600000, 0x000000074a600000|100%| E|CS|TAMS 0x000000074a400000| PB 0x000000074a400000| Complete |  0
| 595|0x000000074a600000, 0x000000074a800000, 0x000000074a800000|100%| E|CS|TAMS 0x000000074a600000| PB 0x000000074a600000| Complete |  0
| 596|0x000000074a800000, 0x000000074aa00000, 0x000000074aa00000|100%| E|CS|TAMS 0x000000074a800000| PB 0x000000074a800000| Complete |  0
| 597|0x000000074aa00000, 0x000000074ac00000, 0x000000074ac00000|100%| E|CS|TAMS 0x000000074aa00000| PB 0x000000074aa00000| Complete |  0
| 598|0x000000074ac00000, 0x000000074ae00000, 0x000000074ae00000|100%| E|CS|TAMS 0x000000074ac00000| PB 0x000000074ac00000| Complete |  0
| 599|0x000000074ae00000, 0x000000074b000000, 0x000000074b000000|100%| E|CS|TAMS 0x000000074ae00000| PB 0x000000074ae00000| Complete |  0
| 600|0x000000074b000000, 0x000000074b200000, 0x000000074b200000|100%| E|CS|TAMS 0x000000074b000000| PB 0x000000074b000000| Complete |  0
| 601|0x000000074b200000, 0x000000074b400000, 0x000000074b400000|100%| E|CS|TAMS 0x000000074b200000| PB 0x000000074b200000| Complete |  0
| 602|0x000000074b400000, 0x000000074b600000, 0x000000074b600000|100%| E|CS|TAMS 0x000000074b400000| PB 0x000000074b400000| Complete |  0
| 603|0x000000074b600000, 0x000000074b800000, 0x000000074b800000|100%| E|CS|TAMS 0x000000074b600000| PB 0x000000074b600000| Complete |  0
| 604|0x000000074b800000, 0x000000074ba00000, 0x000000074ba00000|100%| E|CS|TAMS 0x000000074b800000| PB 0x000000074b800000| Complete |  0
| 605|0x000000074ba00000, 0x000000074bc00000, 0x000000074bc00000|100%| E|CS|TAMS 0x000000074ba00000| PB 0x000000074ba00000| Complete |  0
| 606|0x000000074bc00000, 0x000000074be00000, 0x000000074be00000|100%| E|CS|TAMS 0x000000074bc00000| PB 0x000000074bc00000| Complete |  0
| 607|0x000000074be00000, 0x000000074c000000, 0x000000074c000000|100%| E|CS|TAMS 0x000000074be00000| PB 0x000000074be00000| Complete |  0
| 608|0x000000074c000000, 0x000000074c200000, 0x000000074c200000|100%| E|CS|TAMS 0x000000074c000000| PB 0x000000074c000000| Complete |  0
| 609|0x000000074c200000, 0x000000074c400000, 0x000000074c400000|100%| E|CS|TAMS 0x000000074c200000| PB 0x000000074c200000| Complete |  0
| 610|0x000000074c400000, 0x000000074c600000, 0x000000074c600000|100%| E|CS|TAMS 0x000000074c400000| PB 0x000000074c400000| Complete |  0
| 611|0x000000074c600000, 0x000000074c800000, 0x000000074c800000|100%| E|CS|TAMS 0x000000074c600000| PB 0x000000074c600000| Complete |  0
| 612|0x000000074c800000, 0x000000074ca00000, 0x000000074ca00000|100%| E|CS|TAMS 0x000000074c800000| PB 0x000000074c800000| Complete |  0
| 613|0x000000074ca00000, 0x000000074cc00000, 0x000000074cc00000|100%| E|CS|TAMS 0x000000074ca00000| PB 0x000000074ca00000| Complete |  0
| 614|0x000000074cc00000, 0x000000074ce00000, 0x000000074ce00000|100%| E|CS|TAMS 0x000000074cc00000| PB 0x000000074cc00000| Complete |  0
| 615|0x000000074ce00000, 0x000000074d000000, 0x000000074d000000|100%| E|CS|TAMS 0x000000074ce00000| PB 0x000000074ce00000| Complete |  0
| 616|0x000000074d000000, 0x000000074d200000, 0x000000074d200000|100%| E|CS|TAMS 0x000000074d000000| PB 0x000000074d000000| Complete |  0
| 617|0x000000074d200000, 0x000000074d400000, 0x000000074d400000|100%| E|CS|TAMS 0x000000074d200000| PB 0x000000074d200000| Complete |  0
| 618|0x000000074d400000, 0x000000074d600000, 0x000000074d600000|100%| E|CS|TAMS 0x000000074d400000| PB 0x000000074d400000| Complete |  0
| 619|0x000000074d600000, 0x000000074d800000, 0x000000074d800000|100%| E|CS|TAMS 0x000000074d600000| PB 0x000000074d600000| Complete |  0
| 620|0x000000074d800000, 0x000000074da00000, 0x000000074da00000|100%| E|CS|TAMS 0x000000074d800000| PB 0x000000074d800000| Complete |  0
| 621|0x000000074da00000, 0x000000074dc00000, 0x000000074dc00000|100%| E|CS|TAMS 0x000000074da00000| PB 0x000000074da00000| Complete |  0
| 622|0x000000074dc00000, 0x000000074de00000, 0x000000074de00000|100%| E|CS|TAMS 0x000000074dc00000| PB 0x000000074dc00000| Complete |  0
| 623|0x000000074de00000, 0x000000074e000000, 0x000000074e000000|100%| E|CS|TAMS 0x000000074de00000| PB 0x000000074de00000| Complete |  0
| 624|0x000000074e000000, 0x000000074e200000, 0x000000074e200000|100%| E|CS|TAMS 0x000000074e000000| PB 0x000000074e000000| Complete |  0
| 625|0x000000074e200000, 0x000000074e400000, 0x000000074e400000|100%| E|CS|TAMS 0x000000074e200000| PB 0x000000074e200000| Complete |  0
| 626|0x000000074e400000, 0x000000074e600000, 0x000000074e600000|100%| E|CS|TAMS 0x000000074e400000| PB 0x000000074e400000| Complete |  0
| 627|0x000000074e600000, 0x000000074e800000, 0x000000074e800000|100%| E|CS|TAMS 0x000000074e600000| PB 0x000000074e600000| Complete |  0
| 628|0x000000074e800000, 0x000000074ea00000, 0x000000074ea00000|100%| E|CS|TAMS 0x000000074e800000| PB 0x000000074e800000| Complete |  0
| 629|0x000000074ea00000, 0x000000074ec00000, 0x000000074ec00000|100%| E|CS|TAMS 0x000000074ea00000| PB 0x000000074ea00000| Complete |  0
| 630|0x000000074ec00000, 0x000000074ee00000, 0x000000074ee00000|100%| E|CS|TAMS 0x000000074ec00000| PB 0x000000074ec00000| Complete |  0
| 631|0x000000074ee00000, 0x000000074f000000, 0x000000074f000000|100%| E|CS|TAMS 0x000000074ee00000| PB 0x000000074ee00000| Complete |  0
| 632|0x000000074f000000, 0x000000074f200000, 0x000000074f200000|100%| E|CS|TAMS 0x000000074f000000| PB 0x000000074f000000| Complete |  0
| 633|0x000000074f200000, 0x000000074f400000, 0x000000074f400000|100%| E|CS|TAMS 0x000000074f200000| PB 0x000000074f200000| Complete |  0
| 634|0x000000074f400000, 0x000000074f600000, 0x000000074f600000|100%| E|CS|TAMS 0x000000074f400000| PB 0x000000074f400000| Complete |  0
| 635|0x000000074f600000, 0x000000074f800000, 0x000000074f800000|100%| E|CS|TAMS 0x000000074f600000| PB 0x000000074f600000| Complete |  0
| 636|0x000000074f800000, 0x000000074fa00000, 0x000000074fa00000|100%| E|CS|TAMS 0x000000074f800000| PB 0x000000074f800000| Complete |  0
| 637|0x000000074fa00000, 0x000000074fc00000, 0x000000074fc00000|100%| E|CS|TAMS 0x000000074fa00000| PB 0x000000074fa00000| Complete |  0
| 638|0x000000074fc00000, 0x000000074fe00000, 0x000000074fe00000|100%| E|CS|TAMS 0x000000074fc00000| PB 0x000000074fc00000| Complete |  0
| 639|0x000000074fe00000, 0x0000000750000000, 0x0000000750000000|100%| E|CS|TAMS 0x000000074fe00000| PB 0x000000074fe00000| Complete |  0
| 640|0x0000000750000000, 0x0000000750200000, 0x0000000750200000|100%| E|CS|TAMS 0x0000000750000000| PB 0x0000000750000000| Complete |  0
| 641|0x0000000750200000, 0x0000000750400000, 0x0000000750400000|100%| E|CS|TAMS 0x0000000750200000| PB 0x0000000750200000| Complete |  0
| 642|0x0000000750400000, 0x0000000750600000, 0x0000000750600000|100%| E|CS|TAMS 0x0000000750400000| PB 0x0000000750400000| Complete |  0
| 643|0x0000000750600000, 0x0000000750800000, 0x0000000750800000|100%| E|CS|TAMS 0x0000000750600000| PB 0x0000000750600000| Complete |  0
| 644|0x0000000750800000, 0x0000000750a00000, 0x0000000750a00000|100%| E|CS|TAMS 0x0000000750800000| PB 0x0000000750800000| Complete |  0
| 645|0x0000000750a00000, 0x0000000750c00000, 0x0000000750c00000|100%| E|CS|TAMS 0x0000000750a00000| PB 0x0000000750a00000| Complete |  0
| 646|0x0000000750c00000, 0x0000000750e00000, 0x0000000750e00000|100%| E|CS|TAMS 0x0000000750c00000| PB 0x0000000750c00000| Complete |  0
| 647|0x0000000750e00000, 0x0000000751000000, 0x0000000751000000|100%| E|CS|TAMS 0x0000000750e00000| PB 0x0000000750e00000| Complete |  0
| 648|0x0000000751000000, 0x0000000751200000, 0x0000000751200000|100%| E|CS|TAMS 0x0000000751000000| PB 0x0000000751000000| Complete |  0
| 649|0x0000000751200000, 0x0000000751400000, 0x0000000751400000|100%| E|CS|TAMS 0x0000000751200000| PB 0x0000000751200000| Complete |  0
| 650|0x0000000751400000, 0x0000000751600000, 0x0000000751600000|100%| E|CS|TAMS 0x0000000751400000| PB 0x0000000751400000| Complete |  0
| 651|0x0000000751600000, 0x0000000751800000, 0x0000000751800000|100%| E|CS|TAMS 0x0000000751600000| PB 0x0000000751600000| Complete |  0
| 652|0x0000000751800000, 0x0000000751a00000, 0x0000000751a00000|100%| E|CS|TAMS 0x0000000751800000| PB 0x0000000751800000| Complete |  0
| 653|0x0000000751a00000, 0x0000000751c00000, 0x0000000751c00000|100%| E|CS|TAMS 0x0000000751a00000| PB 0x0000000751a00000| Complete |  0
| 654|0x0000000751c00000, 0x0000000751e00000, 0x0000000751e00000|100%| E|CS|TAMS 0x0000000751c00000| PB 0x0000000751c00000| Complete |  0
| 655|0x0000000751e00000, 0x0000000752000000, 0x0000000752000000|100%| E|CS|TAMS 0x0000000751e00000| PB 0x0000000751e00000| Complete |  0
| 656|0x0000000752000000, 0x0000000752200000, 0x0000000752200000|100%| E|CS|TAMS 0x0000000752000000| PB 0x0000000752000000| Complete |  0
| 657|0x0000000752200000, 0x0000000752400000, 0x0000000752400000|100%| E|CS|TAMS 0x0000000752200000| PB 0x0000000752200000| Complete |  0
| 658|0x0000000752400000, 0x0000000752600000, 0x0000000752600000|100%| E|CS|TAMS 0x0000000752400000| PB 0x0000000752400000| Complete |  0
| 659|0x0000000752600000, 0x0000000752800000, 0x0000000752800000|100%| E|CS|TAMS 0x0000000752600000| PB 0x0000000752600000| Complete |  0
| 660|0x0000000752800000, 0x0000000752a00000, 0x0000000752a00000|100%| E|CS|TAMS 0x0000000752800000| PB 0x0000000752800000| Complete |  0
| 661|0x0000000752a00000, 0x0000000752c00000, 0x0000000752c00000|100%| E|CS|TAMS 0x0000000752a00000| PB 0x0000000752a00000| Complete |  0
| 662|0x0000000752c00000, 0x0000000752e00000, 0x0000000752e00000|100%| E|CS|TAMS 0x0000000752c00000| PB 0x0000000752c00000| Complete |  0
| 663|0x0000000752e00000, 0x0000000753000000, 0x0000000753000000|100%| E|CS|TAMS 0x0000000752e00000| PB 0x0000000752e00000| Complete |  0
| 664|0x0000000753000000, 0x0000000753200000, 0x0000000753200000|100%| E|CS|TAMS 0x0000000753000000| PB 0x0000000753000000| Complete |  0
| 665|0x0000000753200000, 0x0000000753400000, 0x0000000753400000|100%| E|CS|TAMS 0x0000000753200000| PB 0x0000000753200000| Complete |  0
| 666|0x0000000753400000, 0x0000000753600000, 0x0000000753600000|100%| E|CS|TAMS 0x0000000753400000| PB 0x0000000753400000| Complete |  0
| 667|0x0000000753600000, 0x0000000753800000, 0x0000000753800000|100%| E|CS|TAMS 0x0000000753600000| PB 0x0000000753600000| Complete |  0
| 668|0x0000000753800000, 0x0000000753a00000, 0x0000000753a00000|100%| E|CS|TAMS 0x0000000753800000| PB 0x0000000753800000| Complete |  0
| 669|0x0000000753a00000, 0x0000000753c00000, 0x0000000753c00000|100%| E|CS|TAMS 0x0000000753a00000| PB 0x0000000753a00000| Complete |  0
| 670|0x0000000753c00000, 0x0000000753e00000, 0x0000000753e00000|100%| E|CS|TAMS 0x0000000753c00000| PB 0x0000000753c00000| Complete |  0
| 671|0x0000000753e00000, 0x0000000754000000, 0x0000000754000000|100%| E|CS|TAMS 0x0000000753e00000| PB 0x0000000753e00000| Complete |  0
| 672|0x0000000754000000, 0x0000000754200000, 0x0000000754200000|100%| E|CS|TAMS 0x0000000754000000| PB 0x0000000754000000| Complete |  0
| 673|0x0000000754200000, 0x0000000754400000, 0x0000000754400000|100%| E|CS|TAMS 0x0000000754200000| PB 0x0000000754200000| Complete |  0
| 674|0x0000000754400000, 0x0000000754600000, 0x0000000754600000|100%| E|CS|TAMS 0x0000000754400000| PB 0x0000000754400000| Complete |  0
| 675|0x0000000754600000, 0x0000000754800000, 0x0000000754800000|100%| E|CS|TAMS 0x0000000754600000| PB 0x0000000754600000| Complete |  0
| 676|0x0000000754800000, 0x0000000754a00000, 0x0000000754a00000|100%| E|CS|TAMS 0x0000000754800000| PB 0x0000000754800000| Complete |  0
| 677|0x0000000754a00000, 0x0000000754c00000, 0x0000000754c00000|100%| E|CS|TAMS 0x0000000754a00000| PB 0x0000000754a00000| Complete |  0
| 678|0x0000000754c00000, 0x0000000754e00000, 0x0000000754e00000|100%| E|CS|TAMS 0x0000000754c00000| PB 0x0000000754c00000| Complete |  0
| 679|0x0000000754e00000, 0x0000000755000000, 0x0000000755000000|100%| E|CS|TAMS 0x0000000754e00000| PB 0x0000000754e00000| Complete |  0
| 680|0x0000000755000000, 0x0000000755200000, 0x0000000755200000|100%| E|CS|TAMS 0x0000000755000000| PB 0x0000000755000000| Complete |  0
| 681|0x0000000755200000, 0x0000000755400000, 0x0000000755400000|100%| E|CS|TAMS 0x0000000755200000| PB 0x0000000755200000| Complete |  0
| 682|0x0000000755400000, 0x0000000755600000, 0x0000000755600000|100%| E|CS|TAMS 0x0000000755400000| PB 0x0000000755400000| Complete |  0
| 683|0x0000000755600000, 0x0000000755800000, 0x0000000755800000|100%| E|CS|TAMS 0x0000000755600000| PB 0x0000000755600000| Complete |  0
| 684|0x0000000755800000, 0x0000000755a00000, 0x0000000755a00000|100%| E|CS|TAMS 0x0000000755800000| PB 0x0000000755800000| Complete |  0
| 685|0x0000000755a00000, 0x0000000755c00000, 0x0000000755c00000|100%| E|CS|TAMS 0x0000000755a00000| PB 0x0000000755a00000| Complete |  0
| 686|0x0000000755c00000, 0x0000000755e00000, 0x0000000755e00000|100%| E|CS|TAMS 0x0000000755c00000| PB 0x0000000755c00000| Complete |  0
| 687|0x0000000755e00000, 0x0000000756000000, 0x0000000756000000|100%| E|CS|TAMS 0x0000000755e00000| PB 0x0000000755e00000| Complete |  0
| 688|0x0000000756000000, 0x0000000756200000, 0x0000000756200000|100%| E|CS|TAMS 0x0000000756000000| PB 0x0000000756000000| Complete |  0
| 689|0x0000000756200000, 0x0000000756400000, 0x0000000756400000|100%| E|CS|TAMS 0x0000000756200000| PB 0x0000000756200000| Complete |  0
| 690|0x0000000756400000, 0x0000000756600000, 0x0000000756600000|100%| E|CS|TAMS 0x0000000756400000| PB 0x0000000756400000| Complete |  0
| 691|0x0000000756600000, 0x0000000756800000, 0x0000000756800000|100%| E|CS|TAMS 0x0000000756600000| PB 0x0000000756600000| Complete |  0
| 692|0x0000000756800000, 0x0000000756a00000, 0x0000000756a00000|100%| E|CS|TAMS 0x0000000756800000| PB 0x0000000756800000| Complete |  0
| 693|0x0000000756a00000, 0x0000000756c00000, 0x0000000756c00000|100%| E|CS|TAMS 0x0000000756a00000| PB 0x0000000756a00000| Complete |  0
| 694|0x0000000756c00000, 0x0000000756e00000, 0x0000000756e00000|100%| E|CS|TAMS 0x0000000756c00000| PB 0x0000000756c00000| Complete |  0
| 695|0x0000000756e00000, 0x0000000757000000, 0x0000000757000000|100%| E|CS|TAMS 0x0000000756e00000| PB 0x0000000756e00000| Complete |  0
| 696|0x0000000757000000, 0x0000000757200000, 0x0000000757200000|100%| E|CS|TAMS 0x0000000757000000| PB 0x0000000757000000| Complete |  0
| 697|0x0000000757200000, 0x0000000757400000, 0x0000000757400000|100%| E|CS|TAMS 0x0000000757200000| PB 0x0000000757200000| Complete |  0
| 698|0x0000000757400000, 0x0000000757600000, 0x0000000757600000|100%| E|CS|TAMS 0x0000000757400000| PB 0x0000000757400000| Complete |  0
| 699|0x0000000757600000, 0x0000000757800000, 0x0000000757800000|100%| E|CS|TAMS 0x0000000757600000| PB 0x0000000757600000| Complete |  0
| 700|0x0000000757800000, 0x0000000757a00000, 0x0000000757a00000|100%| E|CS|TAMS 0x0000000757800000| PB 0x0000000757800000| Complete |  0
| 701|0x0000000757a00000, 0x0000000757c00000, 0x0000000757c00000|100%| E|CS|TAMS 0x0000000757a00000| PB 0x0000000757a00000| Complete |  0
| 702|0x0000000757c00000, 0x0000000757e00000, 0x0000000757e00000|100%| E|CS|TAMS 0x0000000757c00000| PB 0x0000000757c00000| Complete |  0
| 703|0x0000000757e00000, 0x0000000758000000, 0x0000000758000000|100%| E|CS|TAMS 0x0000000757e00000| PB 0x0000000757e00000| Complete |  0
| 704|0x0000000758000000, 0x0000000758200000, 0x0000000758200000|100%| E|CS|TAMS 0x0000000758000000| PB 0x0000000758000000| Complete |  0
| 705|0x0000000758200000, 0x0000000758400000, 0x0000000758400000|100%| E|CS|TAMS 0x0000000758200000| PB 0x0000000758200000| Complete |  0
| 706|0x0000000758400000, 0x0000000758600000, 0x0000000758600000|100%| E|CS|TAMS 0x0000000758400000| PB 0x0000000758400000| Complete |  0
| 707|0x0000000758600000, 0x0000000758800000, 0x0000000758800000|100%| E|CS|TAMS 0x0000000758600000| PB 0x0000000758600000| Complete |  0
| 708|0x0000000758800000, 0x0000000758a00000, 0x0000000758a00000|100%| E|CS|TAMS 0x0000000758800000| PB 0x0000000758800000| Complete |  0
| 709|0x0000000758a00000, 0x0000000758c00000, 0x0000000758c00000|100%| E|CS|TAMS 0x0000000758a00000| PB 0x0000000758a00000| Complete |  0
| 710|0x0000000758c00000, 0x0000000758e00000, 0x0000000758e00000|100%| E|CS|TAMS 0x0000000758c00000| PB 0x0000000758c00000| Complete |  0
| 711|0x0000000758e00000, 0x0000000759000000, 0x0000000759000000|100%| E|CS|TAMS 0x0000000758e00000| PB 0x0000000758e00000| Complete |  0
| 712|0x0000000759000000, 0x0000000759200000, 0x0000000759200000|100%| E|CS|TAMS 0x0000000759000000| PB 0x0000000759000000| Complete |  0
| 713|0x0000000759200000, 0x0000000759400000, 0x0000000759400000|100%| E|CS|TAMS 0x0000000759200000| PB 0x0000000759200000| Complete |  0
| 714|0x0000000759400000, 0x0000000759600000, 0x0000000759600000|100%| E|CS|TAMS 0x0000000759400000| PB 0x0000000759400000| Complete |  0
| 715|0x0000000759600000, 0x0000000759800000, 0x0000000759800000|100%| E|CS|TAMS 0x0000000759600000| PB 0x0000000759600000| Complete |  0
|2012|0x00000007fb800000, 0x00000007fba00000, 0x00000007fba00000|100%| E|CS|TAMS 0x00000007fb800000| PB 0x00000007fb800000| Complete |  0
|2013|0x00000007fba00000, 0x00000007fbc00000, 0x00000007fbc00000|100%| E|CS|TAMS 0x00000007fba00000| PB 0x00000007fba00000| Complete |  0
|2014|0x00000007fbc00000, 0x00000007fbe00000, 0x00000007fbe00000|100%| E|CS|TAMS 0x00000007fbc00000| PB 0x00000007fbc00000| Complete |  0
|2015|0x00000007fbe00000, 0x00000007fc000000, 0x00000007fc000000|100%| E|CS|TAMS 0x00000007fbe00000| PB 0x00000007fbe00000| Complete |  0
|2016|0x00000007fc000000, 0x00000007fc200000, 0x00000007fc200000|100%| E|CS|TAMS 0x00000007fc000000| PB 0x00000007fc000000| Complete |  0
|2017|0x00000007fc200000, 0x00000007fc400000, 0x00000007fc400000|100%| E|CS|TAMS 0x00000007fc200000| PB 0x00000007fc200000| Complete |  0
|2018|0x00000007fc400000, 0x00000007fc600000, 0x00000007fc600000|100%| E|CS|TAMS 0x00000007fc400000| PB 0x00000007fc400000| Complete |  0
|2019|0x00000007fc600000, 0x00000007fc800000, 0x00000007fc800000|100%| E|CS|TAMS 0x00000007fc600000| PB 0x00000007fc600000| Complete |  0
|2020|0x00000007fc800000, 0x00000007fca00000, 0x00000007fca00000|100%| E|CS|TAMS 0x00000007fc800000| PB 0x00000007fc800000| Complete |  0
|2021|0x00000007fca00000, 0x00000007fcc00000, 0x00000007fcc00000|100%| E|CS|TAMS 0x00000007fca00000| PB 0x00000007fca00000| Complete |  0
|2022|0x00000007fcc00000, 0x00000007fce00000, 0x00000007fce00000|100%| E|CS|TAMS 0x00000007fcc00000| PB 0x00000007fcc00000| Complete |  0
|2023|0x00000007fce00000, 0x00000007fd000000, 0x00000007fd000000|100%| E|CS|TAMS 0x00000007fce00000| PB 0x00000007fce00000| Complete |  0
|2024|0x00000007fd000000, 0x00000007fd200000, 0x00000007fd200000|100%| E|CS|TAMS 0x00000007fd000000| PB 0x00000007fd000000| Complete |  0
|2025|0x00000007fd200000, 0x00000007fd400000, 0x00000007fd400000|100%| E|CS|TAMS 0x00000007fd200000| PB 0x00000007fd200000| Complete |  0
|2026|0x00000007fd400000, 0x00000007fd600000, 0x00000007fd600000|100%| E|CS|TAMS 0x00000007fd400000| PB 0x00000007fd400000| Complete |  0
|2027|0x00000007fd600000, 0x00000007fd800000, 0x00000007fd800000|100%| E|CS|TAMS 0x00000007fd600000| PB 0x00000007fd600000| Complete |  0
|2028|0x00000007fd800000, 0x00000007fda00000, 0x00000007fda00000|100%| E|CS|TAMS 0x00000007fd800000| PB 0x00000007fd800000| Complete |  0
|2029|0x00000007fda00000, 0x00000007fdc00000, 0x00000007fdc00000|100%| O|  |TAMS 0x00000007fda00000| PB 0x00000007fda00000| Untracked |  0
|2030|0x00000007fdc00000, 0x00000007fde00000, 0x00000007fde00000|100%| E|  |TAMS 0x00000007fdc00000| PB 0x00000007fdc00000| Complete |  0
|2031|0x00000007fde00000, 0x00000007fe000000, 0x00000007fe000000|100%| O|  |TAMS 0x00000007fde00000| PB 0x00000007fde00000| Untracked |  0
|2032|0x00000007fe000000, 0x00000007fe200000, 0x00000007fe200000|100%| O|  |TAMS 0x00000007fe000000| PB 0x00000007fe000000| Untracked |  0
|2033|0x00000007fe200000, 0x00000007fe400000, 0x00000007fe400000|100%| E|CS|TAMS 0x00000007fe200000| PB 0x00000007fe200000| Complete |  0
|2034|0x00000007fe400000, 0x00000007fe600000, 0x00000007fe600000|100%| O|  |TAMS 0x00000007fe400000| PB 0x00000007fe400000| Untracked |  0
|2035|0x00000007fe600000, 0x00000007fe800000, 0x00000007fe800000|100%| O|  |TAMS 0x00000007fe600000| PB 0x00000007fe600000| Untracked |  0
|2036|0x00000007fe800000, 0x00000007fea00000, 0x00000007fea00000|100%| O|  |TAMS 0x00000007fe800000| PB 0x00000007fe800000| Untracked |  0
|2037|0x00000007fea00000, 0x00000007fec00000, 0x00000007fec00000|100%| O|  |TAMS 0x00000007fea00000| PB 0x00000007fea00000| Untracked |  0
|2038|0x00000007fec00000, 0x00000007fee00000, 0x00000007fee00000|100%| E|CS|TAMS 0x00000007fec00000| PB 0x00000007fec00000| Complete |  0
|2039|0x00000007fee00000, 0x00000007ff000000, 0x00000007ff000000|100%| E|CS|TAMS 0x00000007fee00000| PB 0x00000007fee00000| Complete |  0
|2040|0x00000007ff000000, 0x00000007ff200000, 0x00000007ff200000|100%| O|  |TAMS 0x00000007ff000000| PB 0x00000007ff000000| Untracked |  0
|2041|0x00000007ff200000, 0x00000007ff400000, 0x00000007ff400000|100%| O|  |TAMS 0x00000007ff200000| PB 0x00000007ff200000| Untracked |  0
|2042|0x00000007ff400000, 0x00000007ff600000, 0x00000007ff600000|100%| O|  |TAMS 0x00000007ff400000| PB 0x00000007ff400000| Untracked |  0
|2043|0x00000007ff600000, 0x00000007ff800000, 0x00000007ff800000|100%| O|  |TAMS 0x00000007ff600000| PB 0x00000007ff600000| Untracked |  0
|2044|0x00000007ff800000, 0x00000007ffa00000, 0x00000007ffa00000|100%| O|  |TAMS 0x00000007ff800000| PB 0x00000007ff800000| Untracked |  0
|2045|0x00000007ffa00000, 0x00000007ffc00000, 0x00000007ffc00000|100%| O|  |TAMS 0x00000007ffa00000| PB 0x00000007ffa00000| Untracked |  0
|2046|0x00000007ffc00000, 0x00000007ffe00000, 0x00000007ffe00000|100%| O|  |TAMS 0x00000007ffc00000| PB 0x00000007ffc00000| Untracked |  0
|2047|0x00000007ffe00000, 0x0000000800000000, 0x0000000800000000|100%| E|CS|TAMS 0x00000007ffe00000| PB 0x00000007ffe00000| Complete |  0

Card table byte_map: [0x0000000107134000,0x0000000107934000] _byte_map_base: 0x0000000103934000

Marking Bits: (CMBitMap*) 0x00007fb4ce00a010
 Bits: [0x0000000120183000, 0x0000000124183000)

Polling page: 0x0000000106637000

Metaspace:

Usage:
  Non-class:    203.85 MB used.
      Class:     29.98 MB used.
       Both:    233.83 MB used.

Virtual space:
  Non-class space:      256.00 MB reserved,     205.44 MB ( 80%) committed,  4 nodes.
      Class space:        1.00 GB reserved,      31.56 MB (  3%) committed,  1 nodes.
             Both:        1.25 GB reserved,     237.00 MB ( 19%) committed. 

Chunk freelists:
   Non-Class:  2.45 MB
       Class:  272.00 KB
        Both:  2.72 MB

MaxMetaspaceSize: unlimited
CompressedClassSpaceSize: 1.00 GB
Initial GC threshold: 21.00 MB
Current GC threshold: 395.00 MB
CDS: on
 - commit_granule_bytes: 65536.
 - commit_granule_words: 8192.
 - virtual_space_node_default_size: 8388608.
 - enlarge_chunks_in_place: 1.
 - use_allocation_guard: 0.


Internal statistics:

num_allocs_failed_limit: 14.
num_arena_births: 5750.
num_arena_deaths: 52.
num_vsnodes_births: 5.
num_vsnodes_deaths: 0.
num_space_committed: 3785.
num_space_uncommitted: 0.
num_chunks_returned_to_freelist: 89.
num_chunks_taken_from_freelist: 15447.
num_chunk_merges: 24.
num_chunk_splits: 10855.
num_chunks_enlarged: 7912.
num_inconsistent_stats: 0.

CodeHeap 'non-profiled nmethods': size=119168Kb used=7896Kb max_used=14709Kb free=111271Kb
 bounds [0x0000000118d23000, 0x0000000119bc3000, 0x0000000120183000]
CodeHeap 'profiled nmethods': size=119164Kb used=35063Kb max_used=84666Kb free=84100Kb
 bounds [0x0000000111183000, 0x0000000116433000, 0x00000001185e2000]
CodeHeap 'non-nmethods': size=7428Kb used=3940Kb max_used=4600Kb free=3487Kb
 bounds [0x00000001185e2000, 0x0000000118aa2000, 0x0000000118d23000]
 total_blobs=14796 nmethods=13419 adapters=1276
 compilation: enabled
              stopped_count=0, restarted_count=0
 full_count=0

Compilation events (20 events):
Event: 72.036 Thread 0x00007fb4cef28200 56970       2       com.android.tools.r8.internal.Wo::a (19 bytes)
Event: 72.036 Thread 0x00007fb4d3810200 56971       2       com.android.tools.r8.internal.Wo$$Lambda/0x0000000129f37a80::<init> (10 bytes)
Event: 72.037 Thread 0x00007fb4d3810200 nmethod 56971 0x0000000112248390 code [0x0000000112248520, 0x0000000112248670]
Event: 72.037 Thread 0x00007fb4d3810200 56972       2       com.android.tools.r8.internal.Wo$$Lambda/0x0000000129f37a80::a (9 bytes)
Event: 72.037 Thread 0x00007fb4cef28200 nmethod 56970 0x0000000111f44110 code [0x0000000111f442c0, 0x0000000111f44510]
Event: 72.037 Thread 0x00007fb4cef28200 56973       2       com.android.tools.r8.internal.Wo::b (28 bytes)
Event: 72.037 Thread 0x00007fb4d3810200 nmethod 56972 0x0000000112486890 code [0x0000000112486a60, 0x0000000112486cc0]
Event: 72.037 Thread 0x00007fb4d3810200 56974       2       com.android.tools.r8.internal.Wo$$Lambda/0x0000000129dc4000::<init> (10 bytes)
Event: 72.037 Thread 0x00007fb4cef28200 nmethod 56973 0x0000000111b5ed10 code [0x0000000111b5eee0, 0x0000000111b5f130]
Event: 72.037 Thread 0x00007fb4cef28200 56975       2       com.android.tools.r8.internal.Wo$$Lambda/0x0000000129dc4000::a (9 bytes)
Event: 72.037 Thread 0x00007fb4d3810200 nmethod 56974 0x00000001122ddf90 code [0x00000001122de120, 0x00000001122de270]
Event: 72.038 Thread 0x00007fb4cef28200 nmethod 56975 0x0000000112335e10 code [0x0000000112335fa0, 0x00000001123360d0]
Event: 72.042 Thread 0x00007fb4d3810200 56976       2       com.android.tools.r8.internal.w10::b (40 bytes)
Event: 72.042 Thread 0x00007fb4cef28200 56977       2       com.android.tools.r8.internal.w10::z0 (2 bytes)
Event: 72.042 Thread 0x00007fb4cef28200 nmethod 56977 0x00000001131cf110 code [0x00000001131cf2a0, 0x00000001131cf3a0]
Event: 72.042 Thread 0x00007fb4d3810200 nmethod 56976 0x0000000112bcc910 code [0x0000000112bccac0, 0x0000000112bcccc8]
Event: 72.049 Thread 0x00007fb4d3810200 56978       2       com.android.tools.r8.kotlin.o$$Lambda/0x0000000129f419b0::accept (12 bytes)
Event: 72.049 Thread 0x00007fb4cef28200 56979       2       com.android.tools.r8.kotlin.o::a (34 bytes)
Event: 72.050 Thread 0x00007fb4d3810200 nmethod 56978 0x0000000111f28e90 code [0x0000000111f29060, 0x0000000111f29408]
Event: 72.050 Thread 0x00007fb4cef28200 nmethod 56979 0x0000000111220810 code [0x00000001112209e0, 0x0000000111220d90]

GC Heap History (20 events):
Event: 58.644 GC heap before
{Heap before GC invocations=106 (full 0):
 garbage-first heap   total reserved 4194304K, committed 1540096K, used 1369574K [0x0000000700000000, 0x0000000800000000)
  region size 2048K, 412 young (843776K), 43 survivors (88064K)
 Metaspace       used 239206K, committed 242496K, reserved 1310720K
  class space    used 30682K, committed 32320K, reserved 1048576K
}
Event: 58.682 GC heap after
{Heap after GC invocations=107 (full 0):
 garbage-first heap   total reserved 4194304K, committed 1540096K, used 631731K [0x0000000700000000, 0x0000000800000000)
  region size 2048K, 29 young (59392K), 29 survivors (59392K)
 Metaspace       used 239206K, committed 242496K, reserved 1310720K
  class space    used 30682K, committed 32320K, reserved 1048576K
}
Event: 59.520 GC heap before
{Heap before GC invocations=107 (full 0):
 garbage-first heap   total reserved 4194304K, committed 1540096K, used 1397683K [0x0000000700000000, 0x0000000800000000)
  region size 2048K, 404 young (827392K), 29 survivors (59392K)
 Metaspace       used 239222K, committed 242496K, reserved 1310720K
  class space    used 30684K, committed 32320K, reserved 1048576K
}
Event: 59.561 GC heap after
{Heap after GC invocations=108 (full 0):
 garbage-first heap   total reserved 4194304K, committed 1540096K, used 564580K [0x0000000700000000, 0x0000000800000000)
  region size 2048K, 13 young (26624K), 13 survivors (26624K)
 Metaspace       used 239222K, committed 242496K, reserved 1310720K
  class space    used 30684K, committed 32320K, reserved 1048576K
}
Event: 60.984 GC heap before
{Heap before GC invocations=108 (full 0):
 garbage-first heap   total reserved 4194304K, committed 1540096K, used 1430884K [0x0000000700000000, 0x0000000800000000)
  region size 2048K, 437 young (894976K), 13 survivors (26624K)
 Metaspace       used 239242K, committed 242496K, reserved 1310720K
  class space    used 30688K, committed 32320K, reserved 1048576K
}
Event: 61.001 GC heap after
{Heap after GC invocations=109 (full 0):
 garbage-first heap   total reserved 4194304K, committed 1540096K, used 562544K [0x0000000700000000, 0x0000000800000000)
  region size 2048K, 12 young (24576K), 12 survivors (24576K)
 Metaspace       used 239242K, committed 242496K, reserved 1310720K
  class space    used 30688K, committed 32320K, reserved 1048576K
}
Event: 62.611 GC heap before
{Heap before GC invocations=110 (full 0):
 garbage-first heap   total reserved 4194304K, committed 1540096K, used 1432944K [0x0000000700000000, 0x0000000800000000)
  region size 2048K, 438 young (897024K), 12 survivors (24576K)
 Metaspace       used 239269K, committed 242560K, reserved 1310720K
  class space    used 30691K, committed 32320K, reserved 1048576K
}
Event: 62.632 GC heap after
{Heap after GC invocations=111 (full 0):
 garbage-first heap   total reserved 4194304K, committed 1540096K, used 570678K [0x0000000700000000, 0x0000000800000000)
  region size 2048K, 16 young (32768K), 16 survivors (32768K)
 Metaspace       used 239269K, committed 242560K, reserved 1310720K
  class space    used 30691K, committed 32320K, reserved 1048576K
}
Event: 64.105 GC heap before
{Heap before GC invocations=111 (full 0):
 garbage-first heap   total reserved 4194304K, committed 1540096K, used 1424694K [0x0000000700000000, 0x0000000800000000)
  region size 2048K, 434 young (888832K), 16 survivors (32768K)
 Metaspace       used 239276K, committed 242560K, reserved 1310720K
  class space    used 30691K, committed 32320K, reserved 1048576K
}
Event: 64.130 GC heap after
{Heap after GC invocations=112 (full 0):
 garbage-first heap   total reserved 4194304K, committed 1540096K, used 527363K [0x0000000700000000, 0x0000000800000000)
  region size 2048K, 16 young (32768K), 16 survivors (32768K)
 Metaspace       used 239276K, committed 242560K, reserved 1310720K
  class space    used 30691K, committed 32320K, reserved 1048576K
}
Event: 65.073 GC heap before
{Heap before GC invocations=112 (full 0):
 garbage-first heap   total reserved 4194304K, committed 1540096K, used 1078275K [0x0000000700000000, 0x0000000800000000)
  region size 2048K, 287 young (587776K), 16 survivors (32768K)
 Metaspace       used 239287K, committed 242560K, reserved 1310720K
  class space    used 30691K, committed 32320K, reserved 1048576K
}
Event: 65.094 GC heap after
{Heap after GC invocations=113 (full 0):
 garbage-first heap   total reserved 4194304K, committed 1540096K, used 535811K [0x0000000700000000, 0x0000000800000000)
  region size 2048K, 21 young (43008K), 21 survivors (43008K)
 Metaspace       used 239287K, committed 242560K, reserved 1310720K
  class space    used 30691K, committed 32320K, reserved 1048576K
}
Event: 66.465 GC heap before
{Heap before GC invocations=114 (full 0):
 garbage-first heap   total reserved 4194304K, committed 1540096K, used 1414403K [0x0000000700000000, 0x0000000800000000)
  region size 2048K, 450 young (921600K), 21 survivors (43008K)
 Metaspace       used 239307K, committed 242560K, reserved 1310720K
  class space    used 30691K, committed 32320K, reserved 1048576K
}
Event: 66.498 GC heap after
{Heap after GC invocations=115 (full 0):
 garbage-first heap   total reserved 4194304K, committed 1540096K, used 572419K [0x0000000700000000, 0x0000000800000000)
  region size 2048K, 38 young (77824K), 38 survivors (77824K)
 Metaspace       used 239307K, committed 242560K, reserved 1310720K
  class space    used 30691K, committed 32320K, reserved 1048576K
}
Event: 67.830 GC heap before
{Heap before GC invocations=115 (full 0):
 garbage-first heap   total reserved 4194304K, committed 1540096K, used 1379331K [0x0000000700000000, 0x0000000800000000)
  region size 2048K, 433 young (886784K), 38 survivors (77824K)
 Metaspace       used 239313K, committed 242560K, reserved 1310720K
  class space    used 30691K, committed 32320K, reserved 1048576K
}
Event: 67.889 GC heap after
{Heap after GC invocations=116 (full 0):
 garbage-first heap   total reserved 4194304K, committed 1540096K, used 565248K [0x0000000700000000, 0x0000000800000000)
  region size 2048K, 38 young (77824K), 38 survivors (77824K)
 Metaspace       used 239313K, committed 242560K, reserved 1310720K
  class space    used 30691K, committed 32320K, reserved 1048576K
}
Event: 69.572 GC heap before
{Heap before GC invocations=116 (full 0):
 garbage-first heap   total reserved 4194304K, committed 1540096K, used 1380352K [0x0000000700000000, 0x0000000800000000)
  region size 2048K, 437 young (894976K), 38 survivors (77824K)
 Metaspace       used 239332K, committed 242624K, reserved 1310720K
  class space    used 30691K, committed 32320K, reserved 1048576K
}
Event: 69.626 GC heap after
{Heap after GC invocations=117 (full 0):
 garbage-first heap   total reserved 4194304K, committed 1540096K, used 576512K [0x0000000700000000, 0x0000000800000000)
  region size 2048K, 35 young (71680K), 35 survivors (71680K)
 Metaspace       used 239332K, committed 242624K, reserved 1310720K
  class space    used 30691K, committed 32320K, reserved 1048576K
}
Event: 71.594 GC heap before
{Heap before GC invocations=118 (full 0):
 garbage-first heap   total reserved 4194304K, committed 1540096K, used 1385472K [0x0000000700000000, 0x0000000800000000)
  region size 2048K, 431 young (882688K), 35 survivors (71680K)
 Metaspace       used 239429K, committed 242688K, reserved 1310720K
  class space    used 30701K, committed 32320K, reserved 1048576K
}
Event: 71.636 GC heap after
{Heap after GC invocations=119 (full 0):
 garbage-first heap   total reserved 4194304K, committed 1540096K, used 600064K [0x0000000700000000, 0x0000000800000000)
  region size 2048K, 39 young (79872K), 39 survivors (79872K)
 Metaspace       used 239429K, committed 242688K, reserved 1310720K
  class space    used 30701K, committed 32320K, reserved 1048576K
}

Dll operation events (14 events):
Event: 0.012 Loaded shared library /Users/harveyhe/Library/Java/JavaVirtualMachines/azul-22.0.2/Contents/Home/lib/libjava.dylib
Event: 0.073 Loaded shared library /Users/harveyhe/Library/Java/JavaVirtualMachines/azul-22.0.2/Contents/Home/lib/libzip.dylib
Event: 0.074 Loaded shared library /Users/harveyhe/Library/Java/JavaVirtualMachines/azul-22.0.2/Contents/Home/lib/libinstrument.dylib
Event: 0.088 Loaded shared library /Users/harveyhe/Library/Java/JavaVirtualMachines/azul-22.0.2/Contents/Home/lib/libnio.dylib
Event: 0.091 Loaded shared library /Users/harveyhe/Library/Java/JavaVirtualMachines/azul-22.0.2/Contents/Home/lib/libzip.dylib
Event: 0.212 Loaded shared library /Users/harveyhe/Library/Java/JavaVirtualMachines/azul-22.0.2/Contents/Home/lib/libjimage.dylib
Event: 0.286 Loaded shared library /Users/harveyhe/Library/Java/JavaVirtualMachines/azul-22.0.2/Contents/Home/lib/libverify.dylib
Event: 0.372 Loaded shared library /Users/harveyhe/Library/Java/JavaVirtualMachines/azul-22.0.2/Contents/Home/lib/libnet.dylib
Event: 0.379 Loaded shared library /Users/harveyhe/.gradle/native/c067742578af261105cb4f569cf0c3c89f3d7b1fecec35dd04571415982c5e48/osx-amd64/libnative-platform.dylib
Event: 0.383 Loaded shared library /Users/harveyhe/.gradle/native/100fb08df4bc3b14c8652ba06237920a3bd2aa13389f12d3474272988ae205f9/osx-amd64/libnative-platform-file-events.dylib
Event: 0.803 Loaded shared library /Users/harveyhe/Library/Java/JavaVirtualMachines/azul-22.0.2/Contents/Home/lib/libmanagement.dylib
Event: 0.810 Loaded shared library /Users/harveyhe/Library/Java/JavaVirtualMachines/azul-22.0.2/Contents/Home/lib/libmanagement_ext.dylib
Event: 0.927 Loaded shared library /Users/harveyhe/Library/Java/JavaVirtualMachines/azul-22.0.2/Contents/Home/lib/libextnet.dylib
Event: 10.599 Loaded shared library /Users/harveyhe/Library/Java/JavaVirtualMachines/azul-22.0.2/Contents/Home/lib/librmi.dylib

Deoptimization events (20 events):
Event: 71.688 Thread 0x00007fb4d3200c00 Uncommon trap: trap_request=0xffffffc6 fr.pc=0x0000000118fb76a0 relative=0x0000000000000480
Event: 71.688 Thread 0x00007fb4d3200c00 Uncommon trap: reason=bimorphic_or_optimized_type_check action=maybe_recompile pc=0x0000000118fb76a0 method=com.android.tools.r8.internal.X5.a(Lcom/android/tools/r8/internal/zE;Lcom/android/tools/r8/internal/xw0;)Z @ 44 c2
Event: 71.688 Thread 0x00007fb4d3200c00 DEOPT PACKING pc=0x0000000118fb76a0 sp=0x00007000183e1540
Event: 71.688 Thread 0x00007fb4d3200c00 DEOPT UNPACKING pc=0x0000000118635f99 sp=0x00007000183e1320 mode 2
Event: 71.689 Thread 0x00007fb4d3200c00 Uncommon trap: trap_request=0xffffffc6 fr.pc=0x0000000118fb76a0 relative=0x0000000000000480
Event: 71.689 Thread 0x00007fb4d3200c00 Uncommon trap: reason=bimorphic_or_optimized_type_check action=maybe_recompile pc=0x0000000118fb76a0 method=com.android.tools.r8.internal.X5.a(Lcom/android/tools/r8/internal/zE;Lcom/android/tools/r8/internal/xw0;)Z @ 44 c2
Event: 71.689 Thread 0x00007fb4d3200c00 DEOPT PACKING pc=0x0000000118fb76a0 sp=0x00007000183e1930
Event: 71.689 Thread 0x00007fb4d3200c00 DEOPT UNPACKING pc=0x0000000118635f99 sp=0x00007000183e1710 mode 2
Event: 71.689 Thread 0x00007fb4d3200c00 Uncommon trap: trap_request=0xffffffc6 fr.pc=0x0000000118fb76a0 relative=0x0000000000000480
Event: 71.689 Thread 0x00007fb4d3200c00 Uncommon trap: reason=bimorphic_or_optimized_type_check action=maybe_recompile pc=0x0000000118fb76a0 method=com.android.tools.r8.internal.X5.a(Lcom/android/tools/r8/internal/zE;Lcom/android/tools/r8/internal/xw0;)Z @ 44 c2
Event: 71.689 Thread 0x00007fb4d3200c00 DEOPT PACKING pc=0x0000000118fb76a0 sp=0x00007000183e1930
Event: 71.689 Thread 0x00007fb4d3200c00 DEOPT UNPACKING pc=0x0000000118635f99 sp=0x00007000183e1710 mode 2
Event: 71.734 Thread 0x00007fb4d3200c00 Uncommon trap: trap_request=0xffffffc6 fr.pc=0x00000001192f7230 relative=0x0000000000009770
Event: 71.734 Thread 0x00007fb4d3200c00 Uncommon trap: reason=bimorphic_or_optimized_type_check action=maybe_recompile pc=0x00000001192f7230 method=com.android.tools.r8.internal.mS.a(Lcom/android/tools/r8/internal/hC;Ljava/util/ArrayList;Lcom/android/tools/r8/internal/Je0;Ljava/util/IdentityHas
Event: 71.734 Thread 0x00007fb4d3200c00 DEOPT PACKING pc=0x00000001192f7230 sp=0x00007000183e18e0
Event: 71.734 Thread 0x00007fb4d3200c00 DEOPT UNPACKING pc=0x0000000118635f99 sp=0x00007000183e18c0 mode 2
Event: 71.830 Thread 0x00007fb4ccb48400 DEOPT PACKING pc=0x00000001156b9f5a sp=0x0000700013c099a0
Event: 71.830 Thread 0x00007fb4ccb48400 DEOPT UNPACKING pc=0x000000011863672f sp=0x0000700013c09090 mode 0
Event: 72.000 Thread 0x00007fb4d3200c00 DEOPT PACKING pc=0x00000001156b9f34 sp=0x00007000183e19c0
Event: 72.000 Thread 0x00007fb4d3200c00 DEOPT UNPACKING pc=0x000000011863672f sp=0x00007000183e10b8 mode 0

Classes loaded (20 events):
Event: 37.430 Loading class java/util/IdentityHashMap$IdentityHashMapSpliterator done
Event: 37.430 Loading class java/util/IdentityHashMap$EntrySpliterator done
Event: 37.450 Loading class java/util/PriorityQueue
Event: 37.451 Loading class java/util/PriorityQueue done
Event: 37.528 Loading class java/util/SortedSet$1
Event: 37.528 Loading class java/util/SortedSet$1 done
Event: 37.530 Loading class java/util/stream/SliceOps
Event: 37.530 Loading class java/util/stream/SliceOps done
Event: 37.530 Loading class java/util/stream/SliceOps$1
Event: 37.530 Loading class java/util/stream/SliceOps$1 done
Event: 37.535 Loading class java/util/stream/SliceOps$1$1
Event: 37.535 Loading class java/util/stream/SliceOps$1$1 done
Event: 37.627 Loading class java/nio/ShortBuffer
Event: 37.627 Loading class java/nio/ShortBuffer done
Event: 37.656 Loading class java/nio/ByteBufferAsShortBufferL
Event: 37.656 Loading class java/nio/ByteBufferAsShortBufferL done
Event: 37.669 Loading class java/util/zip/Adler32
Event: 37.669 Loading class java/util/zip/Adler32 done
Event: 37.678 Loading class java/nio/file/Files$2
Event: 37.678 Loading class java/nio/file/Files$2 done

Classes unloaded (20 events):
Event: 27.512 Thread 0x00007fb4cc708310 Unloading class 0x00000001299db000 'java/lang/invoke/LambdaForm$MH+0x00000001299db000'
Event: 27.512 Thread 0x00007fb4cc708310 Unloading class 0x00000001299dac00 'java/lang/invoke/LambdaForm$DMH+0x00000001299dac00'
Event: 27.512 Thread 0x00007fb4cc708310 Unloading class 0x00000001299d9c00 'java/lang/invoke/LambdaForm$MH+0x00000001299d9c00'
Event: 27.512 Thread 0x00007fb4cc708310 Unloading class 0x00000001299d9400 'java/lang/invoke/LambdaForm$MH+0x00000001299d9400'
Event: 27.512 Thread 0x00007fb4cc708310 Unloading class 0x00000001299d8c00 'java/lang/invoke/LambdaForm$MH+0x00000001299d8c00'
Event: 27.512 Thread 0x00007fb4cc708310 Unloading class 0x00000001299d8400 'java/lang/invoke/LambdaForm$MH+0x00000001299d8400'
Event: 38.552 Thread 0x00007fb4cc708310 Unloading class 0x0000000129dc4400 'java/lang/invoke/LambdaForm$DMH+0x0000000129dc4400'
Event: 38.552 Thread 0x00007fb4cc708310 Unloading class 0x0000000129dc4800 'java/lang/invoke/LambdaForm$DMH+0x0000000129dc4800'
Event: 38.552 Thread 0x00007fb4cc708310 Unloading class 0x0000000129dc4000 'java/lang/invoke/LambdaForm$DMH+0x0000000129dc4000'
Event: 38.552 Thread 0x00007fb4cc708310 Unloading class 0x0000000129d94800 'java/lang/invoke/LambdaForm$DMH+0x0000000129d94800'
Event: 38.552 Thread 0x00007fb4cc708310 Unloading class 0x0000000129d94400 'java/lang/invoke/LambdaForm$DMH+0x0000000129d94400'
Event: 38.552 Thread 0x00007fb4cc708310 Unloading class 0x0000000129d94c00 'java/lang/invoke/LambdaForm$DMH+0x0000000129d94c00'
Event: 38.552 Thread 0x00007fb4cc708310 Unloading class 0x0000000129d29000 'java/lang/invoke/LambdaForm$DMH+0x0000000129d29000'
Event: 38.552 Thread 0x00007fb4cc708310 Unloading class 0x0000000129d28400 'java/lang/invoke/LambdaForm$DMH+0x0000000129d28400'
Event: 38.552 Thread 0x00007fb4cc708310 Unloading class 0x0000000129d28c00 'java/lang/invoke/LambdaForm$DMH+0x0000000129d28c00'
Event: 38.552 Thread 0x00007fb4cc708310 Unloading class 0x0000000129d28000 'java/lang/invoke/LambdaForm$DMH+0x0000000129d28000'
Event: 38.552 Thread 0x00007fb4cc708310 Unloading class 0x0000000129c48c00 'java/lang/invoke/LambdaForm$MH+0x0000000129c48c00'
Event: 38.552 Thread 0x00007fb4cc708310 Unloading class 0x0000000129c48400 'java/lang/invoke/LambdaForm$MH+0x0000000129c48400'
Event: 38.552 Thread 0x00007fb4cc708310 Unloading class 0x0000000129c40c00 'java/lang/invoke/LambdaForm$DMH+0x0000000129c40c00'
Event: 38.552 Thread 0x00007fb4cc708310 Unloading class 0x0000000129c40000 'java/lang/invoke/LambdaForm$DMH+0x0000000129c40000'

Classes redefined (0 events):
No events

Internal exceptions (20 events):
Event: 68.513 Thread 0x00007fb4d2a7ce00 Exception <a 'sun/nio/fs/UnixException'{0x00000007492bf038}> (0x00000007492bf038) 
thrown [src/hotspot/share/prims/jni.cpp, line 520]
Event: 68.615 Thread 0x00007fb4d100ce00 Exception <a 'sun/nio/fs/UnixException'{0x00000007447ce450}> (0x00000007447ce450) 
thrown [src/hotspot/share/prims/jni.cpp, line 520]
Event: 68.618 Thread 0x00007fb4d3200400 Exception <a 'sun/nio/fs/UnixException'{0x00000007450e6470}> (0x00000007450e6470) 
thrown [src/hotspot/share/prims/jni.cpp, line 520]
Event: 68.817 Thread 0x00007fb4d3d85600 Exception <a 'sun/nio/fs/UnixException'{0x000000073f1fe038}> (0x000000073f1fe038) 
thrown [src/hotspot/share/prims/jni.cpp, line 520]
Event: 69.168 Thread 0x00007fb4d3200400 Exception <a 'sun/nio/fs/UnixException'{0x0000000734ecd440}> (0x0000000734ecd440) 
thrown [src/hotspot/share/prims/jni.cpp, line 520]
Event: 69.271 Thread 0x00007fb4cd663200 Exception <a 'sun/nio/fs/UnixException'{0x000000073265db58}> (0x000000073265db58) 
thrown [src/hotspot/share/prims/jni.cpp, line 520]
Event: 69.711 Thread 0x00007fb4d3200400 Exception <a 'sun/nio/fs/UnixException'{0x00000007fbdfd180}> (0x00000007fbdfd180) 
thrown [src/hotspot/share/prims/jni.cpp, line 520]
Event: 70.248 Thread 0x00007fb4cca5fe00 Exception <a 'sun/nio/fs/UnixException'{0x000000074cc87820}> (0x000000074cc87820) 
thrown [src/hotspot/share/prims/jni.cpp, line 520]
Event: 70.537 Thread 0x00007fb4d2201400 Exception <a 'sun/nio/fs/UnixException'{0x000000074831b110}> (0x000000074831b110) 
thrown [src/hotspot/share/prims/jni.cpp, line 520]
Event: 70.597 Thread 0x00007fb4d3200c00 Exception <a 'sun/nio/fs/UnixException'{0x000000074849b298}> (0x000000074849b298) 
thrown [src/hotspot/share/prims/jni.cpp, line 520]
Event: 70.830 Thread 0x00007fb4d31e9000 Exception <a 'sun/nio/fs/UnixException'{0x00000007445a8858}> (0x00000007445a8858) 
thrown [src/hotspot/share/prims/jni.cpp, line 520]
Event: 70.979 Thread 0x00007fb4d31e9000 Exception <a 'sun/nio/fs/UnixException'{0x000000073f8c51a0}> (0x000000073f8c51a0) 
thrown [src/hotspot/share/prims/jni.cpp, line 520]
Event: 71.099 Thread 0x00007fb4d31e9000 Exception <a 'sun/nio/fs/UnixException'{0x000000073cfd45f8}> (0x000000073cfd45f8) 
thrown [src/hotspot/share/prims/jni.cpp, line 520]
Event: 71.210 Thread 0x00007fb4d31e9000 Exception <a 'sun/nio/fs/UnixException'{0x00000007386044f8}> (0x00000007386044f8) 
thrown [src/hotspot/share/prims/jni.cpp, line 520]
Event: 71.543 Thread 0x00007fb4d31e9000 Exception <a 'sun/nio/fs/UnixException'{0x000000072cfd4898}> (0x000000072cfd4898) 
thrown [src/hotspot/share/prims/jni.cpp, line 520]
Event: 71.588 Thread 0x00007fb4d31e9000 Exception <a 'sun/nio/fs/UnixException'{0x000000072b6cc6d8}> (0x000000072b6cc6d8) 
thrown [src/hotspot/share/prims/jni.cpp, line 520]
Event: 71.756 Thread 0x00007fb4d31e9000 Exception <a 'sun/nio/fs/UnixException'{0x0000000757ce69a8}> (0x0000000757ce69a8) 
thrown [src/hotspot/share/prims/jni.cpp, line 520]
Event: 71.799 Thread 0x00007fb4d31e9000 Exception <a 'sun/nio/fs/UnixException'{0x0000000755a68568}> (0x0000000755a68568) 
thrown [src/hotspot/share/prims/jni.cpp, line 520]
Event: 71.916 Thread 0x00007fb4d3201400 Exception <a 'sun/nio/fs/UnixException'{0x00000007520d01c0}> (0x00000007520d01c0) 
thrown [src/hotspot/share/prims/jni.cpp, line 520]
Event: 71.999 Thread 0x00007fb4d3201400 Exception <a 'sun/nio/fs/UnixException'{0x000000074e8d4590}> (0x000000074e8d4590) 
thrown [src/hotspot/share/prims/jni.cpp, line 520]

ZGC Phase Switch (0 events):
No events

VM Operations (20 events):
Event: 66.108 Executing VM operation: G1PauseCleanup
Event: 66.108 Executing VM operation: G1PauseCleanup done
Event: 66.465 Executing VM operation: G1CollectForAllocation (G1 Evacuation Pause)
Event: 66.498 Executing VM operation: G1CollectForAllocation (G1 Evacuation Pause) done
Event: 67.501 Executing VM operation: Cleanup
Event: 67.501 Executing VM operation: Cleanup done
Event: 67.829 Executing VM operation: G1CollectForAllocation (G1 Evacuation Pause)
Event: 67.889 Executing VM operation: G1CollectForAllocation (G1 Evacuation Pause) done
Event: 68.889 Executing VM operation: Cleanup
Event: 68.890 Executing VM operation: Cleanup done
Event: 69.572 Executing VM operation: G1CollectForAllocation (G1 Evacuation Pause)
Event: 69.626 Executing VM operation: G1CollectForAllocation (G1 Evacuation Pause) done
Event: 70.627 Executing VM operation: Cleanup
Event: 70.633 Executing VM operation: Cleanup done
Event: 70.725 Executing VM operation: G1PauseRemark
Event: 70.733 Executing VM operation: G1PauseRemark done
Event: 71.401 Executing VM operation: G1PauseCleanup
Event: 71.402 Executing VM operation: G1PauseCleanup done
Event: 71.594 Executing VM operation: G1CollectForAllocation (G1 Evacuation Pause)
Event: 71.636 Executing VM operation: G1CollectForAllocation (G1 Evacuation Pause) done

Memory protections (20 events):
Event: 31.008 Protecting memory [0x000070001d0cf000,0x000070001d0d3000] with protection modes 3
Event: 31.024 Protecting memory [0x000070001cec9000,0x000070001cecd000] with protection modes 0
Event: 31.373 Protecting memory [0x000070001cec9000,0x000070001cecd000] with protection modes 3
Event: 31.379 Protecting memory [0x000070001cec9000,0x000070001cecd000] with protection modes 0
Event: 31.644 Protecting memory [0x000070001cec9000,0x000070001cecd000] with protection modes 3
Event: 31.650 Protecting memory [0x000070001cec9000,0x000070001cecd000] with protection modes 0
Event: 31.948 Protecting memory [0x000070001cec9000,0x000070001cecd000] with protection modes 3
Event: 31.977 Protecting memory [0x000070001cec9000,0x000070001cecd000] with protection modes 0
Event: 32.122 Protecting memory [0x000070001cec9000,0x000070001cecd000] with protection modes 3
Event: 33.074 Protecting memory [0x000070001cec9000,0x000070001cecd000] with protection modes 0
Event: 33.233 Protecting memory [0x000070001cec9000,0x000070001cecd000] with protection modes 3
Event: 33.751 Protecting memory [0x000070001cec9000,0x000070001cecd000] with protection modes 0
Event: 33.905 Protecting memory [0x000070001cec9000,0x000070001cecd000] with protection modes 3
Event: 34.655 Protecting memory [0x000070001cec9000,0x000070001cecd000] with protection modes 0
Event: 34.773 Protecting memory [0x000070001d0cf000,0x000070001d0d3000] with protection modes 0
Event: 35.431 Protecting memory [0x000070001cec9000,0x000070001cecd000] with protection modes 3
Event: 36.277 Protecting memory [0x000070001cec9000,0x000070001cecd000] with protection modes 0
Event: 38.842 Protecting memory [0x000070001c4ab000,0x000070001c4af000] with protection modes 3
Event: 63.059 Protecting memory [0x000070001d0cf000,0x000070001d0d3000] with protection modes 3
Event: 71.540 Protecting memory [0x000070001c4ab000,0x000070001c4af000] with protection modes 0

Nmethod flushes (20 events):
Event: 70.732 Thread 0x00007fb4cc708310 flushing  nmethod 0x0000000111cddb10
Event: 70.732 Thread 0x00007fb4cc708310 flushing  nmethod 0x00000001161b3490
Event: 70.732 Thread 0x00007fb4cc708310 flushing  nmethod 0x00000001161b8e10
Event: 70.732 Thread 0x00007fb4cc708310 flushing  nmethod 0x00000001161b9210
Event: 70.732 Thread 0x00007fb4cc708310 flushing  nmethod 0x00000001161bba10
Event: 70.732 Thread 0x00007fb4cc708310 flushing  nmethod 0x00000001113c9b10
Event: 70.732 Thread 0x00007fb4cc708310 flushing  nmethod 0x00000001114d4a90
Event: 70.732 Thread 0x00007fb4cc708310 flushing  nmethod 0x0000000115ee5790
Event: 70.732 Thread 0x00007fb4cc708310 flushing  nmethod 0x0000000115ff1990
Event: 70.732 Thread 0x00007fb4cc708310 flushing  nmethod 0x0000000111260010
Event: 70.732 Thread 0x00007fb4cc708310 flushing  nmethod 0x0000000111309610
Event: 70.732 Thread 0x00007fb4cc708310 flushing  nmethod 0x000000011130b890
Event: 70.732 Thread 0x00007fb4cc708310 flushing  nmethod 0x0000000112346590
Event: 70.732 Thread 0x00007fb4cc708310 flushing  nmethod 0x00000001162d5390
Event: 70.732 Thread 0x00007fb4cc708310 flushing  nmethod 0x00000001111f4410
Event: 70.732 Thread 0x00007fb4cc708310 flushing  nmethod 0x0000000111444a10
Event: 70.732 Thread 0x00007fb4cc708310 flushing  nmethod 0x00000001128da410
Event: 70.732 Thread 0x00007fb4cc708310 flushing  nmethod 0x0000000116211190
Event: 70.732 Thread 0x00007fb4cc708310 flushing  nmethod 0x0000000116211590
Event: 70.732 Thread 0x00007fb4cc708310 flushing  nmethod 0x00000001163a9b90

Events (20 events):
Event: 31.008 Thread 0x00007fb4bc85dc00 Thread exited: 0x00007fb4bc85dc00
Event: 31.024 Thread 0x00007fb4cef28200 Thread added: 0x00007fb4d509ac00
Event: 31.373 Thread 0x00007fb4d509ac00 Thread exited: 0x00007fb4d509ac00
Event: 31.379 Thread 0x00007fb4cef28200 Thread added: 0x00007fb4d3dc4600
Event: 31.644 Thread 0x00007fb4d3dc4600 Thread exited: 0x00007fb4d3dc4600
Event: 31.650 Thread 0x00007fb4cc819200 Thread added: 0x00007fb4bf0af000
Event: 31.948 Thread 0x00007fb4bf0af000 Thread exited: 0x00007fb4bf0af000
Event: 31.977 Thread 0x00007fb4cef28200 Thread added: 0x00007fb4dba77800
Event: 32.122 Thread 0x00007fb4dba77800 Thread exited: 0x00007fb4dba77800
Event: 33.074 Thread 0x00007fb4cef28200 Thread added: 0x00007fb4d2b04400
Event: 33.233 Thread 0x00007fb4d2b04400 Thread exited: 0x00007fb4d2b04400
Event: 33.751 Thread 0x00007fb4cef28200 Thread added: 0x00007fb4d884dc00
Event: 33.905 Thread 0x00007fb4d884dc00 Thread exited: 0x00007fb4d884dc00
Event: 34.655 Thread 0x00007fb4d3810200 Thread added: 0x00007fb4cd5eba00
Event: 34.773 Thread 0x00007fb4cef28200 Thread added: 0x00007fb4d3d8b600
Event: 35.431 Thread 0x00007fb4cd5eba00 Thread exited: 0x00007fb4cd5eba00
Event: 36.277 Thread 0x00007fb4cd1b1a00 Thread added: 0x00007fb4d2dfd000
Event: 38.842 Thread 0x00007fb4d8815c00 Thread exited: 0x00007fb4d8815c00
Event: 63.059 Thread 0x00007fb4d3d8b600 Thread exited: 0x00007fb4d3d8b600
Event: 71.540 Thread 0x00007fb4cef28200 Thread added: 0x00007fb4d3acb400


Dynamic libraries:
0x0000000106639000 	/Users/harveyhe/Library/Java/JavaVirtualMachines/azul-22.0.2/Contents/Home/lib/libjli.dylib
0x00007ff82827c000 	/usr/lib/libz.1.dylib
0x00007ff828367000 	/usr/lib/libSystem.B.dylib
0x00007ff828361000 	/usr/lib/system/libcache.dylib
0x00007ff82831a000 	/usr/lib/system/libcommonCrypto.dylib
0x00007ff828344000 	/usr/lib/system/libcompiler_rt.dylib
0x00007ff828338000 	/usr/lib/system/libcopyfile.dylib
0x00007ff819c72000 	/usr/lib/system/libcorecrypto.dylib
0x00007ff819d6f000 	/usr/lib/system/libdispatch.dylib
0x00007ff819f22000 	/usr/lib/system/libdyld.dylib
0x00007ff828357000 	/usr/lib/system/libkeymgr.dylib
0x00007ff8282ff000 	/usr/lib/system/libmacho.dylib
0x00007ff827639000 	/usr/lib/system/libquarantine.dylib
0x00007ff828354000 	/usr/lib/system/libremovefile.dylib
0x00007ff81fa9b000 	/usr/lib/system/libsystem_asl.dylib
0x00007ff819c0c000 	/usr/lib/system/libsystem_blocks.dylib
0x00007ff819dba000 	/usr/lib/system/libsystem_c.dylib
0x00007ff82834c000 	/usr/lib/system/libsystem_collections.dylib
0x00007ff826510000 	/usr/lib/system/libsystem_configuration.dylib
0x00007ff82526c000 	/usr/lib/system/libsystem_containermanager.dylib
0x00007ff827ec6000 	/usr/lib/system/libsystem_coreservices.dylib
0x00007ff81d4ce000 	/usr/lib/system/libsystem_darwin.dylib
0x00007ffd29579000 	/usr/lib/system/libsystem_darwindirectory.dylib
0x00007ff828358000 	/usr/lib/system/libsystem_dnssd.dylib
0x00007ffd2957e000 	/usr/lib/system/libsystem_eligibility.dylib
0x00007ff819db7000 	/usr/lib/system/libsystem_featureflags.dylib
0x00007ff819f5b000 	/usr/lib/system/libsystem_info.dylib
0x00007ff828290000 	/usr/lib/system/libsystem_m.dylib
0x00007ff819d24000 	/usr/lib/system/libsystem_malloc.dylib
0x00007ff81fa0c000 	/usr/lib/system/libsystem_networkextension.dylib
0x00007ff81d90a000 	/usr/lib/system/libsystem_notify.dylib
0x00007ff826514000 	/usr/lib/system/libsystem_sandbox.dylib
0x00007ffd29586000 	/usr/lib/system/libsystem_sanitizers.dylib
0x00007ff828351000 	/usr/lib/system/libsystem_secinit.dylib
0x00007ff819ed9000 	/usr/lib/system/libsystem_kernel.dylib
0x00007ff819f51000 	/usr/lib/system/libsystem_platform.dylib
0x00007ff819f16000 	/usr/lib/system/libsystem_pthread.dylib
0x00007ff82184a000 	/usr/lib/system/libsystem_symptoms.dylib
0x00007ff819c57000 	/usr/lib/system/libsystem_trace.dylib
0x00007ff828327000 	/usr/lib/system/libunwind.dylib
0x00007ff819c10000 	/usr/lib/system/libxpc.dylib
0x00007ff819b2b000 	/usr/lib/libobjc.A.dylib
0x00007ff819f89000 	/System/Library/Frameworks/CoreFoundation.framework/Versions/A/CoreFoundation
0x00007ff82bce7000 	/usr/lib/swift/libswiftCore.dylib
0x00007ff819ec2000 	/usr/lib/libc++abi.dylib
0x00007ffd27fda000 	/usr/lib/libRosetta.dylib
0x00007ff819e43000 	/usr/lib/libc++.1.dylib
0x00007ff81b01a000 	/System/Library/Frameworks/Foundation.framework/Versions/C/Foundation
0x00007ff834afb000 	/usr/lib/swift/libswiftObjectiveC.dylib
0x00007ff81d7c2000 	/System/Library/PrivateFrameworks/CoreServicesInternal.framework/Versions/A/CoreServicesInternal
0x00007ff828330000 	/usr/lib/liboah.dylib
0x00007ff828369000 	/usr/lib/libfakelink.dylib
0x00007ff81d225000 	/usr/lib/libicucore.A.dylib
0x00007ff82836c000 	/System/Library/PrivateFrameworks/SoftLinking.framework/Versions/A/SoftLinking
0x00007ff8301cf000 	/System/Library/Frameworks/CoreServices.framework/Versions/A/CoreServices
0x00007ff81ce43000 	/System/Library/Frameworks/Security.framework/Versions/A/Security
0x00007ff81d844000 	/System/Library/Frameworks/IOKit.framework/Versions/A/IOKit
0x00007ff83410c000 	/System/Library/PrivateFrameworks/DiskImages.framework/Versions/A/DiskImages
0x00007ff91f8b7000 	/System/Library/Frameworks/NetFS.framework/Versions/A/NetFS
0x00007ff81f665000 	/System/Library/Frameworks/CFNetwork.framework/Versions/A/CFNetwork
0x00007ff823800000 	/System/Library/Frameworks/CoreServices.framework/Versions/A/Frameworks/FSEvents.framework/Versions/A/FSEvents
0x00007ff81d4d9000 	/System/Library/Frameworks/CoreServices.framework/Versions/A/Frameworks/CarbonCore.framework/Versions/A/CarbonCore
0x00007ff8229ef000 	/System/Library/Frameworks/CoreServices.framework/Versions/A/Frameworks/Metadata.framework/Versions/A/Metadata
0x00007ff827ecd000 	/System/Library/Frameworks/CoreServices.framework/Versions/A/Frameworks/OSServices.framework/Versions/A/OSServices
0x00007ff828496000 	/System/Library/Frameworks/CoreServices.framework/Versions/A/Frameworks/SearchKit.framework/Versions/A/SearchKit
0x00007ff8217ca000 	/System/Library/Frameworks/CoreServices.framework/Versions/A/Frameworks/AE.framework/Versions/A/AE
0x00007ff81a43e000 	/System/Library/Frameworks/CoreServices.framework/Versions/A/Frameworks/LaunchServices.framework/Versions/A/LaunchServices
0x00007ff829a53000 	/System/Library/Frameworks/CoreServices.framework/Versions/A/Frameworks/DictionaryServices.framework/Versions/A/DictionaryServices
0x00007ff82380e000 	/System/Library/Frameworks/CoreServices.framework/Versions/A/Frameworks/SharedFileList.framework/Versions/A/SharedFileList
0x00007ff81aca6000 	/System/Library/Frameworks/SystemConfiguration.framework/Versions/A/SystemConfiguration
0x00007ff828518000 	/usr/lib/libapple_nghttp2.dylib
0x00007ff828550000 	/usr/lib/libcompression.dylib
0x00007ff821426000 	/usr/lib/libsqlite3.dylib
0x00007ff822962000 	/System/Library/PrivateFrameworks/CoreAnalytics.framework/Versions/A/CoreAnalytics
0x00007ff81ffa0000 	/System/Library/Frameworks/CoreGraphics.framework/Versions/A/CoreGraphics
0x00007ff82c8fd000 	/System/Library/Frameworks/GSS.framework/Versions/A/GSS
0x00007ff82aef3000 	/System/Library/PrivateFrameworks/InternationalSupport.framework/Versions/A/InternationalSupport
0x00007ff821765000 	/System/Library/PrivateFrameworks/RunningBoardServices.framework/Versions/A/RunningBoardServices
0x00007ff81fa26000 	/usr/lib/libenergytrace.dylib
0x00007ff821852000 	/System/Library/Frameworks/Network.framework/Versions/A/Network
0x00007ff822990000 	/usr/lib/libDiagnosticMessagesClient.dylib
0x00007ff82765e000 	/usr/lib/libbsm.0.dylib
0x00007ff828303000 	/usr/lib/system/libkxld.dylib
0x00007ffb2beb2000 	/System/Library/PrivateFrameworks/AppleKeyStore.framework/Versions/A/AppleKeyStore
0x00007ffd27ea8000 	/usr/lib/libCoreEntitlements.dylib
0x00007ffc2728e000 	/System/Library/PrivateFrameworks/MessageSecurity.framework/Versions/A/MessageSecurity
0x00007ff82140c000 	/System/Library/PrivateFrameworks/ProtocolBuffer.framework/Versions/A/ProtocolBuffer
0x00007ff81fa27000 	/usr/lib/libMobileGestalt.dylib
0x00007ff827eac000 	/System/Library/PrivateFrameworks/AppleFSCompression.framework/Versions/A/AppleFSCompression
0x00007ff827646000 	/usr/lib/libcoretls.dylib
0x00007ff829ac1000 	/usr/lib/libcoretls_cfhelpers.dylib
0x00007ff82854a000 	/usr/lib/libpam.2.dylib
0x00007ff829b3b000 	/usr/lib/libxar.1.dylib
0x00007ff823839000 	/System/Library/PrivateFrameworks/CoreAutoLayout.framework/Versions/A/CoreAutoLayout
0x00007ff822a77000 	/System/Library/Frameworks/DiskArbitration.framework/Versions/A/DiskArbitration
0x00007ff8283bb000 	/usr/lib/libarchive.2.dylib
0x00007ff823883000 	/usr/lib/libxml2.2.dylib
0x00007ff826521000 	/usr/lib/liblangid.dylib
0x00007ff82e03f000 	/System/Library/Frameworks/Combine.framework/Versions/A/Combine
0x00007ffb2fc47000 	/System/Library/PrivateFrameworks/CollectionsInternal.framework/Versions/A/CollectionsInternal
0x00007ffc2f461000 	/System/Library/PrivateFrameworks/ReflectionInternal.framework/Versions/A/ReflectionInternal
0x00007ffc2ffe9000 	/System/Library/PrivateFrameworks/RuntimeInternal.framework/Versions/A/RuntimeInternal
0x00007ff922752000 	/usr/lib/swift/libswiftCoreFoundation.dylib
0x00007ff91fd7f000 	/usr/lib/swift/libswiftDarwin.dylib
0x00007ff831fa2000 	/usr/lib/swift/libswiftDispatch.dylib
0x00007ff9227a0000 	/usr/lib/swift/libswiftIOKit.dylib
0x00007ffd291db000 	/usr/lib/swift/libswiftSystem.dylib
0x00007ff922762000 	/usr/lib/swift/libswiftXPC.dylib
0x00007ffd29246000 	/usr/lib/swift/libswift_Builtin_float.dylib
0x00007ffd29249000 	/usr/lib/swift/libswift_Concurrency.dylib
0x00007ffd29392000 	/usr/lib/swift/libswift_StringProcessing.dylib
0x00007ffd29417000 	/usr/lib/swift/libswift_errno.dylib
0x00007ffd29419000 	/usr/lib/swift/libswift_math.dylib
0x00007ffd2941c000 	/usr/lib/swift/libswift_signal.dylib
0x00007ffd2941d000 	/usr/lib/swift/libswift_stdio.dylib
0x00007ffd2941e000 	/usr/lib/swift/libswift_time.dylib
0x00007ff834aff000 	/usr/lib/swift/libswiftos.dylib
0x00007ffd2941f000 	/usr/lib/swift/libswiftsys_time.dylib
0x00007ffd29420000 	/usr/lib/swift/libswiftunistd.dylib
0x00007ff82651c000 	/System/Library/PrivateFrameworks/AppleSystemInfo.framework/Versions/A/AppleSystemInfo
0x00007ff922645000 	/System/Library/PrivateFrameworks/LoggingSupport.framework/Versions/A/LoggingSupport
0x00007ff83112c000 	/System/Library/PrivateFrameworks/PowerLog.framework/Versions/A/PowerLog
0x00007ffb268b8000 	/System/Library/Frameworks/SwiftData.framework/Versions/A/SwiftData
0x00007ff8239f8000 	/System/Library/PrivateFrameworks/UserManagement.framework/Versions/A/UserManagement
0x00007ff81f58b000 	/usr/lib/libboringssl.dylib
0x00007ff82183a000 	/usr/lib/libdns_services.dylib
0x00007ff921854000 	/usr/lib/libquic.dylib
0x00007ff82bc6f000 	/usr/lib/libusrtcp.dylib
0x00007ffa265ca000 	/System/Library/PrivateFrameworks/InternalSwiftProtobuf.framework/Versions/A/InternalSwiftProtobuf
0x00007ffd2911f000 	/usr/lib/swift/libswiftDistributed.dylib
0x00007ffd29148000 	/usr/lib/swift/libswiftObservation.dylib
0x00007ffd291d1000 	/usr/lib/swift/libswiftSynchronization.dylib
0x00007ff81f664000 	/usr/lib/libnetwork.dylib
0x00007ff9336bf000 	/System/Library/PrivateFrameworks/OSAnalytics.framework/Versions/A/OSAnalytics
0x00007ff8284f6000 	/System/Library/PrivateFrameworks/AppleSauce.framework/Versions/A/AppleSauce
0x00007ff832735000 	/System/Library/PrivateFrameworks/CoreSymbolication.framework/Versions/A/CoreSymbolication
0x00007ffa21fd2000 	/System/Library/PrivateFrameworks/Symbolication.framework/Versions/A/Symbolication
0x00007ff832715000 	/System/Library/PrivateFrameworks/DebugSymbols.framework/Versions/A/DebugSymbols
0x00007ffd27d67000 	/usr/lib/libAppleArchive.dylib
0x00007ff827eb7000 	/usr/lib/libbz2.1.0.dylib
0x00007ff829aa1000 	/usr/lib/liblzma.5.dylib
0x00007ff827355000 	/System/Library/PrivateFrameworks/IOMobileFramebuffer.framework/Versions/A/IOMobileFramebuffer
0x00007ff82529b000 	/System/Library/Frameworks/IOSurface.framework/Versions/A/IOSurface
0x00007ff9226d3000 	/System/Library/PrivateFrameworks/MallocStackLogging.framework/Versions/A/MallocStackLogging
0x00007ff829d91000 	/System/Library/PrivateFrameworks/CrashReporterSupport.framework/Versions/A/CrashReporterSupport
0x00007ff81ab2b000 	/System/Library/PrivateFrameworks/Lexicon.framework/Versions/A/Lexicon
0x00007ffc202a5000 	/System/Library/PrivateFrameworks/IO80211.framework/Versions/A/IO80211
0x00007ff832217000 	/System/Library/PrivateFrameworks/FrontBoardServices.framework/Versions/A/FrontBoardServices
0x00007ff827578000 	/System/Library/Frameworks/SecurityFoundation.framework/Versions/A/SecurityFoundation
0x00007ff8276c9000 	/usr/lib/libgermantok.dylib
0x00007ff826631000 	/System/Library/PrivateFrameworks/LinguisticData.framework/Versions/A/LinguisticData
0x00007ff821682000 	/System/Library/PrivateFrameworks/BaseBoard.framework/Versions/A/BaseBoard
0x00007ff8322e5000 	/System/Library/PrivateFrameworks/BoardServices.framework/Versions/A/BoardServices
0x00007ff82756b000 	/System/Library/PrivateFrameworks/AssertionServices.framework/Versions/A/AssertionServices
0x00007ff833f45000 	/System/Library/PrivateFrameworks/BackBoardServices.framework/Versions/A/BackBoardServices
0x00007ff825ca9000 	/System/Library/Frameworks/ImageIO.framework/Versions/A/ImageIO
0x00007ff81fad3000 	/System/Library/PrivateFrameworks/SkyLight.framework/Versions/A/SkyLight
0x00007ff8256b6000 	/System/Library/PrivateFrameworks/FontServices.framework/libFontParser.dylib
0x00007ff83047a000 	/System/Library/Frameworks/Accelerate.framework/Versions/A/Accelerate
0x00007ff81fab3000 	/System/Library/PrivateFrameworks/TCC.framework/Versions/A/TCC
0x00007ff837aab000 	/System/Library/PrivateFrameworks/IOSurfaceAccelerator.framework/Versions/A/IOSurfaceAccelerator
0x00007ff82a66e000 	/System/Library/PrivateFrameworks/WatchdogClient.framework/Versions/A/WatchdogClient
0x00007ff81bfdd000 	/System/Library/Frameworks/CoreDisplay.framework/Versions/A/CoreDisplay
0x00007ff825563000 	/System/Library/Frameworks/CoreMedia.framework/Versions/A/CoreMedia
0x00007ff8252b3000 	/System/Library/PrivateFrameworks/IOAccelerator.framework/Versions/A/IOAccelerator
0x00007ff8252bc000 	/System/Library/Frameworks/Metal.framework/Versions/A/Metal
0x00007ff823966000 	/System/Library/Frameworks/CoreVideo.framework/Versions/A/CoreVideo
0x00007ff828548000 	/System/Library/Frameworks/MetalPerformanceShaders.framework/Versions/A/MetalPerformanceShaders
0x00007ff82a670000 	/System/Library/PrivateFrameworks/MultitouchSupport.framework/Versions/A/MultitouchSupport
0x00007ff823148000 	/System/Library/Frameworks/QuartzCore.framework/Versions/A/QuartzCore
0x00007ffc2e8d6000 	/System/Library/PrivateFrameworks/ProDisplayLibrary.framework/Versions/A/ProDisplayLibrary
0x00007ff82a6b4000 	/System/Library/Frameworks/VideoToolbox.framework/Versions/A/VideoToolbox
0x00007ff92f5cd000 	/usr/lib/swift/libswiftMetal.dylib
0x00007ffa1e490000 	/usr/lib/swift/libswiftOSLog.dylib
0x00007ff934981000 	/usr/lib/swift/libswiftQuartzCore.dylib
0x00007ffa18fc5000 	/usr/lib/swift/libswiftUniformTypeIdentifiers.dylib
0x00007ff926192000 	/usr/lib/swift/libswiftsimd.dylib
0x00007ff827550000 	/System/Library/PrivateFrameworks/MobileKeyBag.framework/Versions/A/MobileKeyBag
0x00007ff82651b000 	/System/Library/PrivateFrameworks/AggregateDictionary.framework/Versions/A/AggregateDictionary
0x00007ff829ac3000 	/System/Library/PrivateFrameworks/APFS.framework/Versions/A/APFS
0x00007ff829b49000 	/usr/lib/libutil.dylib
0x00007ffd18281000 	/System/Library/PrivateFrameworks/SwiftASN1Internal.framework/Versions/A/SwiftASN1Internal
0x00007ff822a7f000 	/System/Library/Frameworks/Accelerate.framework/Versions/A/Frameworks/vImage.framework/Versions/A/vImage
0x00007ff8301a6000 	/System/Library/Frameworks/Accelerate.framework/Versions/A/Frameworks/vecLib.framework/Versions/A/vecLib
0x00007ff829b7e000 	/System/Library/Frameworks/Accelerate.framework/Versions/A/Frameworks/vecLib.framework/Versions/A/libvMisc.dylib
0x00007ff81a8c5000 	/System/Library/Frameworks/Accelerate.framework/Versions/A/Frameworks/vecLib.framework/Versions/A/libBLAS.dylib
0x00007ff834634000 	/System/Library/Frameworks/ApplicationServices.framework/Versions/A/ApplicationServices
0x00007ff820894000 	/System/Library/Frameworks/ColorSync.framework/Versions/A/ColorSync
0x00007ff81c4ca000 	/System/Library/Frameworks/CoreText.framework/Versions/A/CoreText
0x00007ff82c4e0000 	/System/Library/Frameworks/ApplicationServices.framework/Versions/A/Frameworks/ATS.framework/Versions/A/ATS
0x00007ff820a49000 	/System/Library/Frameworks/ApplicationServices.framework/Versions/A/Frameworks/HIServices.framework/Versions/A/HIServices
0x00007ff82adc2000 	/System/Library/Frameworks/ApplicationServices.framework/Versions/A/Frameworks/PrintCore.framework/Versions/A/PrintCore
0x00007ff82c8c7000 	/System/Library/Frameworks/ApplicationServices.framework/Versions/A/Frameworks/QD.framework/Versions/A/QD
0x00007ff82c8bf000 	/System/Library/Frameworks/ApplicationServices.framework/Versions/A/Frameworks/ColorSyncLegacy.framework/Versions/A/ColorSyncLegacy
0x00007ff82c4b6000 	/System/Library/Frameworks/ApplicationServices.framework/Versions/A/Frameworks/SpeechSynthesis.framework/Versions/A/SpeechSynthesis
0x00007ff827324000 	/System/Library/PrivateFrameworks/CoreEmoji.framework/Versions/A/CoreEmoji
0x00007ffb35ccb000 	/System/Library/PrivateFrameworks/FontServices.framework/Versions/A/FontServices
0x00007ff81f0a3000 	/System/Library/Frameworks/UniformTypeIdentifiers.framework/Versions/A/UniformTypeIdentifiers
0x00007ff82a1d4000 	/System/Library/PrivateFrameworks/OTSVG.framework/Versions/A/OTSVG
0x00007ff8234f5000 	/System/Library/Frameworks/ApplicationServices.framework/Versions/A/Frameworks/ATS.framework/Versions/A/Resources/libFontRegistry.dylib
0x00007ffd2851e000 	/usr/lib/libhvf.dylib
0x00007ffc2aedc000 	/System/Library/PrivateFrameworks/ParsingInternal.framework/Versions/A/ParsingInternal
0x00007ffd29164000 	/usr/lib/swift/libswiftRegexBuilder.dylib
0x00007ffd292e4000 	/usr/lib/swift/libswift_RegexParser.dylib
0x00007ff82a534000 	/System/Library/PrivateFrameworks/AppleJPEG.framework/Versions/A/AppleJPEG
0x00007ff829ff4000 	/usr/lib/libexpat.1.dylib
0x00007ff82ac89000 	/System/Library/Frameworks/ImageIO.framework/Versions/A/Resources/libPng.dylib
0x00007ff82acb7000 	/System/Library/Frameworks/ImageIO.framework/Versions/A/Resources/libTIFF.dylib
0x00007ff82adad000 	/System/Library/Frameworks/ImageIO.framework/Versions/A/Resources/libGIF.dylib
0x00007ff82a581000 	/System/Library/Frameworks/ImageIO.framework/Versions/A/Resources/libJP2.dylib
0x00007ff829cf2000 	/usr/lib/libate.dylib
0x00007ff82ad4c000 	/System/Library/Frameworks/ImageIO.framework/Versions/A/Resources/libJPEG.dylib
0x00007ff82ad43000 	/System/Library/Frameworks/ImageIO.framework/Versions/A/Resources/libRadiance.dylib
0x00007ffc1c4f3000 	/System/Library/PrivateFrameworks/GPUCompiler.framework/Versions/32023/Libraries/libllvm-flatbuffers.dylib
0x00007ffb35d96000 	/System/Library/PrivateFrameworks/FramePacing.framework/Versions/A/FramePacing
0x00007ffb1db66000 	/System/Library/Frameworks/OpenGL.framework/Versions/A/Libraries/libCoreFSCache.dylib
0x00007ffb369ae000 	/System/Library/PrivateFrameworks/GPUCompiler.framework/Versions/32023/Libraries/libGPUCompilerUtils.dylib
0x00007ffb35ccc000 	/System/Library/PrivateFrameworks/FontServices.framework/libXTFontStaticRegistryData.dylib
0x00007ff82603d000 	/System/Library/Frameworks/CoreImage.framework/Versions/A/CoreImage
0x00007ffc2dbc7000 	/System/Library/PrivateFrameworks/PhotosensitivityProcessing.framework/Versions/A/PhotosensitivityProcessing
0x00007ffb1db72000 	/System/Library/Frameworks/OpenGL.framework/Versions/A/OpenGL
0x00007ffb1f136000 	/System/Library/Frameworks/OpenCL.framework/Versions/A/OpenCL
0x00007ff82a1c5000 	/System/Library/PrivateFrameworks/GraphVisualizer.framework/Versions/A/GraphVisualizer
0x00007ffb1dbc4000 	/System/Library/Frameworks/OpenGL.framework/Versions/A/Libraries/libGLU.dylib
0x00007ffb1db85000 	/System/Library/Frameworks/OpenGL.framework/Versions/A/Libraries/libGFXShared.dylib
0x00007ffb1dd81000 	/System/Library/Frameworks/OpenGL.framework/Versions/A/Libraries/libGL.dylib
0x00007ffb1db8e000 	/System/Library/Frameworks/OpenGL.framework/Versions/A/Libraries/libGLImage.dylib
0x00007ffb1db82000 	/System/Library/Frameworks/OpenGL.framework/Versions/A/Libraries/libCVMSPluginSupport.dylib
0x00007ffb1db6d000 	/System/Library/Frameworks/OpenGL.framework/Versions/A/Libraries/libCoreVMClient.dylib
0x00007ff826455000 	/System/Library/Frameworks/MetalPerformanceShaders.framework/Versions/A/Frameworks/MPSCore.framework/Versions/A/MPSCore
0x00007ff827e07000 	/System/Library/Frameworks/MetalPerformanceShaders.framework/Versions/A/Frameworks/MPSImage.framework/Versions/A/MPSImage
0x00007ff8276e2000 	/System/Library/Frameworks/MetalPerformanceShaders.framework/Versions/A/Frameworks/MPSNeuralNetwork.framework/Versions/A/MPSNeuralNetwork
0x00007ff827c42000 	/System/Library/Frameworks/MetalPerformanceShaders.framework/Versions/A/Frameworks/MPSMatrix.framework/Versions/A/MPSMatrix
0x00007ff8279f8000 	/System/Library/Frameworks/MetalPerformanceShaders.framework/Versions/A/Frameworks/MPSRayIntersector.framework/Versions/A/MPSRayIntersector
0x00007ff827c81000 	/System/Library/Frameworks/MetalPerformanceShaders.framework/Versions/A/Frameworks/MPSNDArray.framework/Versions/A/MPSNDArray
0x00007ffb23bd4000 	/System/Library/Frameworks/MetalPerformanceShaders.framework/Versions/A/Frameworks/MPSFunctions.framework/Versions/A/MPSFunctions
0x00007ffb23bb6000 	/System/Library/Frameworks/MetalPerformanceShaders.framework/Versions/A/Frameworks/MPSBenchmarkLoop.framework/Versions/A/MPSBenchmarkLoop
0x00007ff81a736000 	/System/Library/PrivateFrameworks/MetalTools.framework/Versions/A/MetalTools
0x00007ff9276de000 	/System/Library/PrivateFrameworks/IOAccelMemoryInfo.framework/Versions/A/IOAccelMemoryInfo
0x00007ff934d87000 	/System/Library/PrivateFrameworks/kperf.framework/Versions/A/kperf
0x00007ff922734000 	/System/Library/PrivateFrameworks/GPURawCounter.framework/Versions/A/GPURawCounter
0x00007ff82ad7e000 	/System/Library/Frameworks/ApplicationServices.framework/Versions/A/Frameworks/ATSUI.framework/Versions/A/ATSUI
0x00007ff82c851000 	/usr/lib/libcups.2.dylib
0x00007ff82c8ee000 	/System/Library/Frameworks/Kerberos.framework/Versions/A/Kerberos
0x00007ff82c559000 	/usr/lib/libresolv.9.dylib
0x00007ff8283a3000 	/usr/lib/libiconv.2.dylib
0x00007ff82a22c000 	/System/Library/PrivateFrameworks/Heimdal.framework/Versions/A/Heimdal
0x00007ff834a53000 	/System/Library/Frameworks/Kerberos.framework/Versions/A/Libraries/libHeimdalProxy.dylib
0x00007ff82a010000 	/usr/lib/libheimdal-asn1.dylib
0x00007ff8237d8000 	/System/Library/Frameworks/OpenDirectory.framework/Versions/A/OpenDirectory
0x00007ff82c946000 	/System/Library/PrivateFrameworks/CommonAuth.framework/Versions/A/CommonAuth
0x00007ff8237e4000 	/System/Library/Frameworks/OpenDirectory.framework/Versions/A/Frameworks/CFOpenDirectory.framework/Versions/A/CFOpenDirectory
0x00007ff8282fe000 	/usr/lib/libcharset.1.dylib
0x00007ffb20c1e000 	/System/Library/Frameworks/AVFAudio.framework/Versions/A/AVFAudio
0x00007ff91c2ad000 	/System/Library/PrivateFrameworks/AXCoreUtilities.framework/Versions/A/AXCoreUtilities
0x00007ff82c2a7000 	/System/Library/Frameworks/AudioToolbox.framework/Versions/A/AudioToolbox
0x00007ff81c703000 	/System/Library/Frameworks/CoreAudio.framework/Versions/A/CoreAudio
0x00007ffc23399000 	/System/Library/PrivateFrameworks/IsolatedCoreAudioClient.framework/Versions/A/IsolatedCoreAudioClient
0x00007ff82c49e000 	/usr/lib/libAudioStatistics.dylib
0x00007ff82553f000 	/System/Library/PrivateFrameworks/caulk.framework/Versions/A/caulk
0x00007ff81c108000 	/System/Library/PrivateFrameworks/AudioToolboxCore.framework/Versions/A/AudioToolboxCore
0x00007ff836ee1000 	/System/Library/Frameworks/CoreMIDI.framework/Versions/A/CoreMIDI
0x00007ff82c445000 	/System/Library/PrivateFrameworks/AudioSession.framework/Versions/A/AudioSession
0x00007ff82ddc3000 	/System/Library/Frameworks/IOBluetooth.framework/Versions/A/IOBluetooth
0x00007ff82a0fc000 	/System/Library/PrivateFrameworks/MediaExperience.framework/Versions/A/MediaExperience
0x00007ffd1acfd000 	/System/Library/PrivateFrameworks/Tightbeam.framework/Versions/A/Tightbeam
0x00007ffb30608000 	/System/Library/PrivateFrameworks/CoreAudioOrchestration.framework/Versions/A/CoreAudioOrchestration
0x00007ffa19603000 	/System/Library/PrivateFrameworks/AFKUser.framework/Versions/A/AFKUser
0x00007ffa2d37e000 	/System/Library/PrivateFrameworks/FeatureFlags.framework/Versions/A/FeatureFlags
0x00007ff922738000 	/usr/lib/swift/libswiftCoreAudio.dylib
0x00007ff82a21a000 	/System/Library/PrivateFrameworks/AppServerSupport.framework/Versions/A/AppServerSupport
0x00007ff82c8d1000 	/System/Library/PrivateFrameworks/perfdata.framework/Versions/A/perfdata
0x00007ff921941000 	/System/Library/PrivateFrameworks/SystemPolicy.framework/Versions/A/SystemPolicy
0x00007ff82c770000 	/usr/lib/libSMC.dylib
0x00007ff82ac54000 	/usr/lib/libAudioToolboxUtility.dylib
0x00007ff82c8df000 	/usr/lib/libperfcheck.dylib
0x00007ffb2cd28000 	/System/Library/PrivateFrameworks/AudioAnalytics.framework/Versions/A/AudioAnalytics
0x00007ffa263a0000 	/System/Library/Frameworks/OSLog.framework/Versions/A/OSLog
0x00007ff922703000 	/usr/lib/libmis.dylib
0x00007ff82c266000 	/System/Library/PrivateFrameworks/AudioSession.framework/libSessionUtility.dylib
0x00007ff82adb3000 	/System/Library/PrivateFrameworks/CMCaptureCore.framework/Versions/A/CMCaptureCore
0x00007ff82a225000 	/usr/lib/libspindump.dylib
0x00007ffb22130000 	/System/Library/Frameworks/ExtensionFoundation.framework/Versions/A/ExtensionFoundation
0x00007ff832847000 	/System/Library/PrivateFrameworks/CoreTime.framework/Versions/A/CoreTime
0x00007ff829ee4000 	/System/Library/PrivateFrameworks/PlugInKit.framework/Versions/A/PlugInKit
0x00007ff831033000 	/System/Library/Frameworks/CoreBluetooth.framework/Versions/A/CoreBluetooth
0x00007ff834a54000 	/System/Library/Frameworks/AudioUnit.framework/Versions/A/AudioUnit
0x00007ff8273e1000 	/System/Library/PrivateFrameworks/CoreUtils.framework/Versions/A/CoreUtils
0x00007ffb33763000 	/System/Library/PrivateFrameworks/CoreUtilsExtras.framework/Versions/A/CoreUtilsExtras
0x00007ff8304c7000 	/System/Library/Frameworks/MediaAccessibility.framework/Versions/A/MediaAccessibility
0x00007ff92aa94000 	/System/Library/PrivateFrameworks/AttributeGraph.framework/Versions/A/AttributeGraph
0x00007ffd27ce8000 	/usr/lib/libAXSafeCategoryBundle.dylib
0x00007ff91c352000 	/usr/lib/libAccessibility.dylib
0x00007ff827158000 	/System/Library/Frameworks/Accelerate.framework/Versions/A/Frameworks/vecLib.framework/Versions/A/libvDSP.dylib
0x00007ff828636000 	/System/Library/Frameworks/Accelerate.framework/Versions/A/Frameworks/vecLib.framework/Versions/A/libLAPACK.dylib
0x00007ff8276cc000 	/System/Library/Frameworks/Accelerate.framework/Versions/A/Frameworks/vecLib.framework/Versions/A/libLinearAlgebra.dylib
0x00007ff828533000 	/System/Library/Frameworks/Accelerate.framework/Versions/A/Frameworks/vecLib.framework/Versions/A/libSparseBLAS.dylib
0x00007ff828630000 	/System/Library/Frameworks/Accelerate.framework/Versions/A/Frameworks/vecLib.framework/Versions/A/libQuadrature.dylib
0x00007ff826637000 	/System/Library/Frameworks/Accelerate.framework/Versions/A/Frameworks/vecLib.framework/Versions/A/libBNNS.dylib
0x00007ff81ac2f000 	/System/Library/Frameworks/Accelerate.framework/Versions/A/Frameworks/vecLib.framework/Versions/A/libSparse.dylib
0x00007ffc24775000 	/System/Library/PrivateFrameworks/MIL.framework/Versions/A/MIL
0x00007ff82ad3c000 	/System/Library/PrivateFrameworks/GPUWrangler.framework/Versions/A/GPUWrangler
0x00007ff82ad20000 	/System/Library/PrivateFrameworks/IOPresentment.framework/Versions/A/IOPresentment
0x00007ff82ad46000 	/System/Library/PrivateFrameworks/DSExternalDisplay.framework/Versions/A/DSExternalDisplay
0x00007ffa26795000 	/System/Library/PrivateFrameworks/HIDDisplay.framework/Versions/A/HIDDisplay
0x00007ff91b5bc000 	/System/Library/PrivateFrameworks/HID.framework/Versions/A/HID
0x00007ffd1e33c000 	/System/Library/PrivateFrameworks/VideoToolboxParavirtualizationSupport.framework/Versions/A/VideoToolboxParavirtualizationSupport
0x00007ff829fa6000 	/System/Library/PrivateFrameworks/AppleVA.framework/Versions/A/AppleVA
0x00007ff832392000 	/System/Library/PrivateFrameworks/GraphicsServices.framework/Versions/A/GraphicsServices
0x00007ff820efc000 	/System/Library/Frameworks/CoreData.framework/Versions/A/CoreData
0x00007ff82cabb000 	/System/Library/PrivateFrameworks/CorePhoneNumbers.framework/Versions/A/CorePhoneNumbers
0x00007ff83120e000 	/System/Library/PrivateFrameworks/MediaKit.framework/Versions/A/MediaKit
0x00007ff831168000 	/System/Library/Frameworks/DiscRecording.framework/Versions/A/DiscRecording
0x00007ffb21b69000 	/System/Library/Frameworks/CoreTransferable.framework/Versions/A/CoreTransferable
0x00007ff82c8b4000 	/System/Library/PrivateFrameworks/NetAuth.framework/Versions/A/NetAuth
0x00007ff82a065000 	/System/Library/PrivateFrameworks/IconServices.framework/Versions/A/IconServices
0x00007ff8239ba000 	/System/Library/PrivateFrameworks/login.framework/Versions/A/Frameworks/loginsupport.framework/Versions/A/loginsupport
0x00007ff92279f000 	/usr/lib/swift/libswiftCoreImage.dylib
0x00007ff82a019000 	/System/Library/PrivateFrameworks/IconFoundation.framework/Versions/A/IconFoundation
0x00007ff823542000 	/System/Library/PrivateFrameworks/CoreUI.framework/Versions/A/CoreUI
0x00007ff82ae35000 	/System/Library/PrivateFrameworks/TextureIO.framework/Versions/A/TextureIO
0x00007ff825c71000 	/System/Library/PrivateFrameworks/CoreSVG.framework/Versions/A/CoreSVG
0x00007ffa18fd4000 	/usr/lib/swift/libswiftAccelerate.dylib
0x00007ff829d88000 	/usr/lib/libIOReport.dylib
0x00007ffb2c95b000 	/System/Library/PrivateFrameworks/AppleMobileFileIntegrity.framework/Versions/A/AppleMobileFileIntegrity
0x00007ffd28035000 	/usr/lib/libTLE.dylib
0x00007ffa35ca6000 	/System/Library/PrivateFrameworks/ConfigProfileHelper.framework/Versions/A/ConfigProfileHelper
0x00007ff82766e000 	/usr/lib/libmecab.dylib
0x00007ff81ad2c000 	/usr/lib/libCRFSuite.dylib
0x00007ff826523000 	/System/Library/PrivateFrameworks/CoreNLP.framework/Versions/A/CoreNLP
0x00007ff8284ee000 	/usr/lib/libThaiTokenizer.dylib
0x00007ff82b1fb000 	/System/Library/PrivateFrameworks/DataDetectorsCore.framework/Versions/A/DataDetectorsCore
0x00007ff92623f000 	/System/Library/PrivateFrameworks/TextInput.framework/Versions/A/TextInput
0x00007ff81eec7000 	/System/Library/PrivateFrameworks/UIFoundation.framework/Versions/A/UIFoundation
0x00007ff82763c000 	/usr/lib/libCheckFix.dylib
0x00007ff822992000 	/System/Library/PrivateFrameworks/MetadataUtilities.framework/Versions/A/MetadataUtilities
0x00007ffc20a75000 	/System/Library/PrivateFrameworks/InstalledContentLibrary.framework/Versions/A/InstalledContentLibrary
0x00007ff81d803000 	/System/Library/PrivateFrameworks/CoreServicesStore.framework/Versions/A/CoreServicesStore
0x00007ff823836000 	/usr/lib/libapp_launch_measurement.dylib
0x00007ff934e87000 	/System/Library/PrivateFrameworks/MobileSystemServices.framework/Versions/A/MobileSystemServices
0x00007ff829b4d000 	/usr/lib/libxslt.1.dylib
0x00007ff827602000 	/System/Library/PrivateFrameworks/BackgroundTaskManagement.framework/Versions/A/BackgroundTaskManagement
0x00007ff8342b9000 	/usr/lib/libcurl.4.dylib
0x00007ffd283c8000 	/usr/lib/libcrypto.46.dylib
0x00007ffd28efe000 	/usr/lib/libssl.48.dylib
0x00007ff833f9f000 	/System/Library/Frameworks/LDAP.framework/Versions/A/LDAP
0x00007ff833fd9000 	/System/Library/PrivateFrameworks/TrustEvaluationAgent.framework/Versions/A/TrustEvaluationAgent
0x00007ff82c576000 	/usr/lib/libsasl2.2.dylib
0x00007ff8370da000 	/System/Library/Frameworks/Cocoa.framework/Versions/A/Cocoa
0x00007ff81d975000 	/System/Library/Frameworks/AppKit.framework/Versions/C/AppKit
0x00007ffb2fc20000 	/System/Library/PrivateFrameworks/CollectionViewCore.framework/Versions/A/CollectionViewCore
0x00007ff82fd8c000 	/System/Library/PrivateFrameworks/RemoteViewServices.framework/Versions/A/RemoteViewServices
0x00007ff825c6c000 	/System/Library/PrivateFrameworks/XCTTargetBootstrap.framework/Versions/A/XCTTargetBootstrap
0x00007ff82b242000 	/System/Library/PrivateFrameworks/UserActivity.framework/Versions/A/UserActivity
0x00007ffd1c8e6000 	/System/Library/PrivateFrameworks/UIIntelligenceSupport.framework/Versions/A/UIIntelligenceSupport
0x00007ffb269e1000 	/System/Library/Frameworks/SwiftUICore.framework/Versions/A/SwiftUICore
0x00007ffd2148d000 	/System/Library/PrivateFrameworks/WritingTools.framework/Versions/A/WritingTools
0x00007ffd205e5000 	/System/Library/PrivateFrameworks/WindowManagement.framework/Versions/A/WindowManagement
0x00007ff825c59000 	/System/Library/PrivateFrameworks/DFRFoundation.framework/Versions/A/DFRFoundation
0x00007ff825977000 	/System/Library/Frameworks/Carbon.framework/Versions/A/Frameworks/HIToolbox.framework/Versions/A/HIToolbox
0x00007ff82fdc4000 	/System/Library/Frameworks/Carbon.framework/Versions/A/Frameworks/SpeechRecognition.framework/Versions/A/SpeechRecognition
0x00007ff91a926000 	/System/Library/PrivateFrameworks/RenderBox.framework/Versions/A/RenderBox
0x00007ff8237cd000 	/System/Library/PrivateFrameworks/PerformanceAnalysis.framework/Versions/A/PerformanceAnalysis
0x00007ff83014a000 	/System/Library/Frameworks/Accessibility.framework/Versions/A/Accessibility
0x00007ffb2200d000 	/System/Library/Frameworks/DataDetection.framework/Versions/A/DataDetection
0x00007ffb22010000 	/System/Library/Frameworks/DeveloperToolsSupport.framework/Versions/A/DeveloperToolsSupport
0x00007ffb2752b000 	/System/Library/Frameworks/Symbols.framework/Versions/A/Symbols
0x00007ffd2911e000 	/usr/lib/swift/libswiftDataDetection.dylib
0x00007ff91fd7e000 	/usr/lib/swift/libswiftCoreGraphics.dylib
0x00007ff830ae4000 	/usr/lib/swift/libswiftFoundation.dylib
0x00007ffa35734000 	/usr/lib/swift/libswiftSwiftOnoneSupport.dylib
0x00007ffa226de000 	/System/Library/PrivateFrameworks/CoreMaterial.framework/Versions/A/CoreMaterial
0x00007ffc300d1000 	/System/Library/PrivateFrameworks/SFSymbols.framework/Versions/A/SFSymbols
0x00007ff82fdb4000 	/System/Library/PrivateFrameworks/SpeechRecognitionCore.framework/Versions/A/SpeechRecognitionCore
0x0000000107970000 	/Users/harveyhe/Library/Java/JavaVirtualMachines/azul-22.0.2/Contents/Home/lib/server/libjvm.dylib
0x0000000106681000 	/Users/harveyhe/Library/Java/JavaVirtualMachines/azul-22.0.2/Contents/Home/lib/libjimage.dylib
0x00000001066ac000 	/Users/harveyhe/Library/Java/JavaVirtualMachines/azul-22.0.2/Contents/Home/lib/libinstrument.dylib
0x00000001066f2000 	/Users/harveyhe/Library/Java/JavaVirtualMachines/azul-22.0.2/Contents/Home/lib/libjava.dylib
0x0000000107934000 	/Users/harveyhe/Library/Java/JavaVirtualMachines/azul-22.0.2/Contents/Home/lib/libzip.dylib
0x000000010794c000 	/Users/harveyhe/Library/Java/JavaVirtualMachines/azul-22.0.2/Contents/Home/lib/libnio.dylib
0x0000000126248000 	/Users/harveyhe/Library/Java/JavaVirtualMachines/azul-22.0.2/Contents/Home/lib/libnet.dylib
0x0000000126260000 	/Users/harveyhe/Library/Java/JavaVirtualMachines/azul-22.0.2/Contents/Home/lib/libverify.dylib
0x00000001066d6000 	/Users/harveyhe/.gradle/native/c067742578af261105cb4f569cf0c3c89f3d7b1fecec35dd04571415982c5e48/osx-amd64/libnative-platform.dylib
0x00000001262e8000 	/Users/harveyhe/.gradle/native/100fb08df4bc3b14c8652ba06237920a3bd2aa13389f12d3474272988ae205f9/osx-amd64/libnative-platform-file-events.dylib
0x000000012628f000 	/Users/harveyhe/Library/Java/JavaVirtualMachines/azul-22.0.2/Contents/Home/lib/libmanagement.dylib
0x00000001262a3000 	/Users/harveyhe/Library/Java/JavaVirtualMachines/azul-22.0.2/Contents/Home/lib/libmanagement_ext.dylib
0x00000001262b7000 	/Users/harveyhe/Library/Java/JavaVirtualMachines/azul-22.0.2/Contents/Home/lib/libextnet.dylib
0x00000001262cb000 	/Users/harveyhe/Library/Java/JavaVirtualMachines/azul-22.0.2/Contents/Home/lib/librmi.dylib


VM Arguments:
jvm_args: --add-opens=java.base/java.lang=ALL-UNNAMED --add-opens=java.base/java.lang.invoke=ALL-UNNAMED --add-opens=java.base/java.util=ALL-UNNAMED --add-opens=java.prefs/java.util.prefs=ALL-UNNAMED --add-exports=jdk.compiler/com.sun.tools.javac.api=ALL-UNNAMED --add-exports=jdk.compiler/com.sun.tools.javac.util=ALL-UNNAMED --add-opens=java.base/java.util=ALL-UNNAMED --add-opens=java.prefs/java.util.prefs=ALL-UNNAMED --add-opens=java.base/java.nio.charset=ALL-UNNAMED --add-opens=java.base/java.net=ALL-UNNAMED --add-opens=java.base/java.util.concurrent.atomic=ALL-UNNAMED --add-opens=java.xml/javax.xml.namespace=ALL-UNNAMED -Xmx4g -Dfile.encoding=UTF-8 -Duser.country=US -Duser.language=en -Duser.variant -javaagent:/Users/harveyhe/.gradle/wrapper/dists/gradle-8.11.1-bin/bpt9gzteqjrbo1mjrsomdt32c/gradle-8.11.1/lib/agents/gradle-instrumentation-agent-8.11.1.jar 
java_command: org.gradle.launcher.daemon.bootstrap.GradleDaemon 8.11.1
java_class_path (initial): /Users/harveyhe/.gradle/wrapper/dists/gradle-8.11.1-bin/bpt9gzteqjrbo1mjrsomdt32c/gradle-8.11.1/lib/gradle-daemon-main-8.11.1.jar
Launcher Type: SUN_STANDARD

[Global flags]
     intx CICompilerCount                          = 12                                        {product} {ergonomic}
     uint ConcGCThreads                            = 3                                         {product} {ergonomic}
     uint G1ConcRefinementThreads                  = 13                                        {product} {ergonomic}
   size_t G1HeapRegionSize                         = 2097152                                   {product} {ergonomic}
   size_t InitialHeapSize                          = 268435456                                 {product} {ergonomic}
   size_t MarkStackSize                            = 4194304                                   {product} {ergonomic}
   size_t MaxHeapSize                              = 4294967296                                {product} {command line}
   size_t MaxNewSize                               = 2575302656                                {product} {ergonomic}
   size_t MinHeapDeltaBytes                        = 2097152                                   {product} {ergonomic}
   size_t MinHeapSize                              = 8388608                                   {product} {ergonomic}
    uintx NonNMethodCodeHeapSize                   = 7602480                                {pd product} {ergonomic}
    uintx NonProfiledCodeHeapSize                  = 122027880                              {pd product} {ergonomic}
    uintx ProfiledCodeHeapSize                     = 122027880                              {pd product} {ergonomic}
    uintx ReservedCodeCacheSize                    = 251658240                              {pd product} {ergonomic}
     bool SegmentedCodeCache                       = true                                      {product} {ergonomic}
   size_t SoftMaxHeapSize                          = 4294967296                             {manageable} {ergonomic}
     bool UseCompressedOops                        = true                           {product lp64_product} {ergonomic}
     bool UseG1GC                                  = true                                      {product} {ergonomic}
     bool UseNUMA                                  = false                                     {product} {ergonomic}
     bool UseNUMAInterleaving                      = false                                     {product} {ergonomic}

Logging:
Log output configuration:
 #0: stdout all=warning uptime,level,tags foldmultilines=false
 #1: stderr all=off uptime,level,tags foldmultilines=false

Environment Variables:
PATH=/opt/miniconda3/bin:/opt/miniconda3/condabin:/Library/Frameworks/Python.framework/Versions/3.6/bin:/usr/local/bin:/System/Cryptexes/App/usr/bin:/usr/bin:/bin:/usr/sbin:/sbin:/var/run/com.apple.security.cryptexd/codex.system/bootstrap/usr/local/bin:/var/run/com.apple.security.cryptexd/codex.system/bootstrap/usr/bin:/var/run/com.apple.security.cryptexd/codex.system/bootstrap/usr/appleinternal/bin:/Library/Apple/usr/bin:/Library/TeX/texbin:/usr/local/go/bin
SHELL=/bin/zsh
LC_CTYPE=en_US.UTF-8
TMPDIR=/var/folders/n8/q04xwkvs53lbnsw5_mbg9cmw0000gn/T/

Active Locale:
LC_ALL=C
LC_COLLATE=C
LC_CTYPE=C
LC_MESSAGES=C
LC_MONETARY=C
LC_NUMERIC=C
LC_TIME=C

Signal Handlers:
   SIGSEGV: crash_handler in libjvm.dylib, mask=11100110000111110111111111111111, flags=SA_ONSTACK|SA_RESTART|SA_SIGINFO, unblocked
    SIGBUS: crash_handler in libjvm.dylib, mask=11100110000111110111111111111111, flags=SA_RESTART|SA_SIGINFO, unblocked
    SIGFPE: crash_handler in libjvm.dylib, mask=11100110000111110111111111111111, flags=SA_RESTART|SA_SIGINFO, unblocked
   SIGPIPE: javaSignalHandler in libjvm.dylib, mask=11100110000111110111111111111111, flags=SA_RESTART|SA_SIGINFO, blocked
   SIGXFSZ: javaSignalHandler in libjvm.dylib, mask=11100110000111110111111111111111, flags=SA_RESTART|SA_SIGINFO, blocked
    SIGILL: crash_handler in libjvm.dylib, mask=11100110000111110111111111111111, flags=SA_RESTART|SA_SIGINFO, unblocked
   SIGUSR2: SR_handler in libjvm.dylib, mask=00000000000000000000000000000000, flags=SA_RESTART|SA_SIGINFO, blocked
    SIGHUP: UserHandler in libjvm.dylib, mask=11100110000111110111111111111111, flags=SA_RESTART|SA_SIGINFO, blocked
    SIGINT: UserHandler in libjvm.dylib, mask=11100110000111110111111111111111, flags=SA_RESTART|SA_SIGINFO, blocked
   SIGTERM: UserHandler in libjvm.dylib, mask=11100110000111110111111111111111, flags=SA_RESTART|SA_SIGINFO, blocked
   SIGQUIT: UserHandler in libjvm.dylib, mask=11100110000111110111111111111111, flags=SA_RESTART|SA_SIGINFO, blocked
   SIGTRAP: crash_handler in libjvm.dylib, mask=11100110000111110111111111111111, flags=SA_RESTART|SA_SIGINFO, unblocked


Periodic native trim disabled

---------------  S Y S T E M  ---------------

OS:
uname: Darwin 24.4.0 Darwin Kernel Version 24.4.0: Fri Apr 11 18:28:23 PDT 2025; root:xnu-11417.101.15~117/RELEASE_X86_64 x86_64
OS uptime: 1 days 9:15 hours
rlimit (soft/hard): STACK 8192k/65532k , CORE 0k/infinity , NPROC 2784/4176 , NOFILE 10240/infinity , AS infinity/infinity , CPU infinity/infinity , DATA infinity/infinity , FSIZE infinity/infinity , MEMLOCK infinity/infinity , RSS infinity/infinity
load average: 18.47 6.74 4.93

CPU: total 16 (initial active 16) (8 cores per cpu, 2 threads per core) family 6 model 158 stepping 13 microcode 0x104, cx8, cmov, fxsr, ht, mmx, 3dnowpref, sse, sse2, sse3, ssse3, sse4.1, sse4.2, popcnt, lzcnt, tsc, tscinvbit, avx, avx2, aes, erms, clmul, bmi1, bmi2, adx, fma, vzeroupper, clflush, clflushopt, rdtscp, f16c
machdep.cpu.brand_string:Intel(R) Core(TM) i9-9880H CPU @ 2.30GHz
hw.cpufrequency:2300000000
hw.cpufrequency_min:2300000000
hw.cpufrequency_max:2300000000
hw.cachelinesize:64
hw.l1icachesize:32768
hw.l1dcachesize:32768
hw.l2cachesize:262144
hw.l3cachesize:16777216

Memory: 4k page, physical 16777216k(493672k free), swap 8388608k(796160k free)

vm_info: OpenJDK 64-Bit Server VM (22.0.2+9) for bsd-amd64 JRE (22.0.2+9) (Zulu22.32+15-CA), built on 2024-07-09T19:33:26Z by "zulu_re" with clang Apple LLVM 14.0.3 (clang-1403.0.22.14.1)

END.
